Customer_ID,Age,Gender,Geography,CreditScore,Tenure,Tenure_Months,Join_Date,Balance,NumOfProducts,HasCrCard,IsActiveMember,EstimatedSalary,Monthly_Txn_Count,Transaction_Decay_Score,Balance_Change_90d_Pct,Complaints_12M,Churn_Status,Churn_Date
CUST-100001,42,Female,Spain,436,0,3,2026-03-30,44553.15,2,1,1,61262.31,32,0.2563,0.2538,1,0,
CUST-100002,65,Female,France,598,1,22,2024-08-29,279074.03,1,1,0,62351.3,11,0.0547,0.1354,0,0,
CUST-100003,39,Male,Spain,709,6,78,2019-12-29,46506.06,2,0,1,54795.04,22,0.0628,-0.2246,0,0,
CUST-100004,44,Male,Germany,768,3,46,2022-08-29,55766.15,1,1,1,64619.58,14,0.2982,-0.2576,0,0,
CUST-100005,26,Male,France,695,8,99,2018-03-30,155270.8,2,1,1,158741.04,28,0.1967,-0.0133,0,0,
CUST-100006,52,Male,Spain,585,0,7,2025-11-28,188289.63,2,1,0,258462.8,7,0.2811,-0.0307,0,0,
CUST-100007,36,Male,Spain,645,5,65,2021-01-28,54715.49,1,1,0,93757.34,18,0.2161,-0.2035,0,0,
CUST-100008,28,Female,Spain,678,9,117,2016-09-28,0.0,1,1,1,59462.03,32,0.0,0.0,0,0,
CUST-100009,52,Male,France,800,2,34,2023-08-30,37394.41,1,0,1,43263.51,20,0.2272,-0.1339,0,0,
CUST-100010,37,Male,France,738,1,16,2020-06-29,141532.61,1,0,0,47365.48,13,0.173,0.0055,0,1,2021-10-29
CUST-100011,49,Female,France,739,9,109,2017-05-30,77474.97,1,1,0,62387.21,15,0.2832,-0.2938,0,0,
CUST-100012,68,Male,Spain,656,1,18,2024-12-29,0.0,2,0,0,132459.89,9,0.1369,0.0,0,0,
CUST-100013,26,Male,Germany,547,4,58,2021-08-29,133392.17,2,0,0,40362.02,11,0.22,-0.0006,2,0,
CUST-100014,31,Male,Spain,515,6,76,2017-03-30,0.0,1,0,0,86492.11,5,0.7824,0.0,2,1,2023-07-30
CUST-100015,46,Female,France,621,7,95,2018-07-30,0.0,2,1,1,53262.43,27,0.1237,0.0,0,0,
CUST-100016,37,Male,France,717,4,51,2022-03-30,154226.17,1,0,1,120412.8,19,0.0,-0.0544,0,0,
CUST-100017,22,Female,Germany,602,6,80,2019-10-30,22545.31,1,0,0,57693.94,15,0.3193,-0.097,0,0,
CUST-100018,34,Female,France,705,7,87,2018-12-29,0.0,1,0,1,46724.26,16,0.0186,0.0,0,1,2026-03-30
CUST-100019,35,Male,Spain,574,6,76,2020-02-28,171359.34,1,1,0,48458.13,9,0.0239,-0.0761,0,0,
CUST-100020,37,Female,Germany,589,0,4,2024-02-28,17745.94,1,1,0,184218.99,4,0.5461,-0.2563,1,1,2024-06-29
CUST-100021,31,Male,Spain,785,6,76,2020-02-28,0.0,1,1,0,69006.41,13,0.0336,0.0,0,0,
CUST-100022,57,Male,France,724,2,30,2019-12-29,284093.6,1,1,0,129038.91,9,0.8811,-0.4085,1,1,2022-06-30
CUST-100023,26,Male,Spain,621,7,88,2019-02-28,0.0,2,1,0,85714.84,12,0.1444,0.0,0,0,
CUST-100024,41,Female,Spain,570,9,113,2017-01-28,97087.26,2,1,1,98774.5,14,0.2435,0.0297,0,0,
CUST-100025,32,Male,Spain,741,7,95,2018-07-30,0.0,2,0,1,57558.96,30,0.2605,0.0,0,0,
CUST-100026,32,Male,France,734,2,28,2024-02-28,119137.78,1,0,1,66465.85,37,0.0,0.0014,0,0,
CUST-100027,54,Female,France,711,4,57,2021-09-29,0.0,2,1,1,39484.52,24,0.0,0.0,0,0,
CUST-100028,35,Male,France,633,0,3,2026-03-30,62601.67,1,1,1,40636.56,12,0.4732,-0.2847,0,0,
CUST-100029,41,Female,France,545,2,33,2023-09-29,464072.8,1,1,1,62025.91,21,0.1009,0.0827,0,0,
CUST-100030,47,Female,Germany,649,1,12,2018-10-29,28812.9,1,1,0,58587.42,5,0.8728,-0.6545,0,1,2019-10-30
CUST-100031,38,Female,Germany,785,1,22,2022-03-30,47761.02,1,0,0,65187.92,8,0.2858,0.0024,0,1,2024-01-29
CUST-100032,54,Female,Spain,563,2,35,2020-08-29,32797.38,1,1,1,107890.64,10,0.5738,-0.16,0,1,2023-07-30
CUST-100033,27,Female,France,655,7,91,2018-11-29,70903.35,2,0,1,195728.56,15,0.2495,0.0793,0,0,
CUST-100034,42,Male,France,807,6,81,2019-09-29,0.0,2,1,0,40914.32,5,0.2941,0.0,0,0,
CUST-100035,65,Female,France,621,4,50,2022-01-28,229130.48,1,1,0,86880.83,9,0.3952,-0.0153,1,1,2026-03-30
CUST-100036,41,Female,France,638,5,63,2021-03-30,0.0,2,0,1,50987.17,31,0.2278,0.0,0,0,
CUST-100037,25,Female,France,520,6,76,2020-02-28,80556.03,1,0,1,28334.88,26,0.1,-0.0628,0,0,
CUST-100038,43,Female,France,710,3,40,2021-05-30,36688.09,1,1,1,258151.78,25,0.2831,0.1153,0,1,2024-09-28
CUST-100039,57,Male,France,579,0,3,2019-08-30,0.0,1,1,0,67718.82,6,0.2417,0.0,1,1,2019-11-29
CUST-100040,34,Male,Germany,501,7,95,2018-07-30,45133.25,1,0,1,57173.6,23,0.1194,-0.1013,1,0,
CUST-100041,34,Male,France,558,2,35,2023-07-30,98817.43,1,1,0,115009.55,6,0.5928,-0.2632,0,0,
CUST-100042,46,Male,Spain,670,4,52,2022-02-28,0.0,1,1,0,264486.03,7,0.3071,0.0,1,0,
CUST-100043,43,Female,Germany,498,4,58,2017-12-29,37712.52,1,1,0,83374.7,8,0.2153,-0.0093,0,1,2022-10-29
CUST-100044,38,Female,France,517,5,66,2020-12-29,59079.99,2,1,0,284699.08,10,0.1263,-0.1455,2,0,
CUST-100045,31,Male,Spain,704,6,79,2019-11-29,364074.5,2,0,1,69917.98,29,0.146,-0.0005,0,0,
CUST-100046,33,Male,Spain,643,1,17,2023-02-28,102924.7,3,1,1,123634.62,7,0.6236,-0.2047,1,1,2024-07-29
CUST-100047,29,Female,France,562,5,65,2021-01-28,0.0,1,1,0,45281.35,10,0.2196,0.0,0,0,
CUST-100048,24,Male,France,619,7,91,2018-11-29,158678.07,1,1,1,45587.77,24,0.0681,-0.1341,0,0,
CUST-100049,52,Female,Germany,817,2,34,2023-08-30,116469.83,2,1,0,83863.75,10,0.3691,-0.0207,1,0,
CUST-100050,46,Female,France,773,5,67,2020-11-28,0.0,2,1,0,146758.58,6,0.5085,0.0,2,0,
CUST-100051,45,Male,France,640,5,62,2016-10-29,0.0,1,0,0,53908.47,5,0.5359,0.0,1,1,2021-12-29
CUST-100052,45,Male,France,728,7,93,2018-09-29,74411.78,2,0,1,118617.61,33,0.1064,-0.0592,1,0,
CUST-100053,35,Female,Spain,662,0,2,2026-04-30,0.0,2,1,1,87574.49,28,0.1721,0.0,0,0,
CUST-100054,34,Male,Germany,480,0,7,2025-11-28,51777.39,1,0,1,61225.57,9,0.6213,-0.4294,0,0,
CUST-100055,28,Female,Germany,462,1,21,2024-09-28,61090.25,2,1,1,106264.2,27,0.0,-0.0178,0,0,
CUST-100056,48,Male,Spain,563,3,36,2023-06-30,0.0,1,1,0,46218.82,5,0.3518,0.0,1,0,
CUST-100057,79,Male,France,499,4,57,2021-09-29,156792.03,1,0,1,125961.95,23,0.1254,-0.1168,1,0,
CUST-100058,42,Male,Germany,676,7,93,2018-09-29,60227.91,1,1,0,63137.12,7,0.2796,-0.0195,0,0,
CUST-100059,50,Female,France,597,1,23,2024-07-29,56703.92,2,1,0,106966.91,13,0.324,-0.0615,0,0,
CUST-100060,50,Female,France,691,1,17,2024-02-28,83775.58,1,0,0,80677.3,12,0.3259,-0.1529,0,1,2025-07-30
CUST-100061,59,Female,Germany,692,0,8,2021-09-29,107962.14,1,1,0,75595.54,10,0.4332,-0.0128,0,1,2022-05-30
CUST-100062,30,Male,France,716,1,22,2024-08-29,84247.28,1,0,1,12000.0,21,0.0366,0.2307,0,0,
CUST-100063,26,Female,Germany,561,5,62,2020-08-29,55604.9,1,1,0,52677.3,6,0.5223,-0.0606,2,1,2025-10-29
CUST-100064,40,Male,Spain,700,9,111,2017-03-30,144980.49,2,1,1,41638.22,29,0.0138,0.001,0,0,
CUST-100065,36,Female,Germany,558,6,82,2019-08-30,88847.42,1,1,1,97502.91,27,0.0874,0.048,0,0,
CUST-100066,77,Female,Germany,718,5,61,2019-03-30,171075.3,2,1,0,63395.97,4,0.6089,-0.4188,1,1,2024-04-29
CUST-100067,29,Male,Germany,767,3,46,2022-08-29,95379.04,3,0,1,28700.86,24,0.1073,-0.0553,0,0,
CUST-100068,65,Female,France,719,2,29,2021-10-29,0.0,2,1,0,98256.0,12,0.3247,0.0,0,1,2024-03-30
CUST-100069,36,Male,France,633,0,3,2021-03-30,125766.35,4,1,1,65724.85,22,0.2516,-0.086,0,1,2021-06-29
CUST-100070,28,Male,France,704,1,12,2020-04-29,186066.41,1,0,1,69690.45,4,0.4422,-0.3416,3,1,2021-04-29
CUST-100071,61,Male,France,503,4,58,2020-04-29,117161.23,1,0,1,92737.15,10,0.528,-0.341,0,1,2025-02-28
CUST-100072,30,Female,France,481,8,104,2017-10-29,24079.32,2,0,1,82740.85,42,0.1849,0.0576,0,0,
CUST-100073,50,Male,Spain,695,6,76,2020-02-28,107969.2,2,1,0,217884.89,16,0.2709,0.1472,0,0,
CUST-100074,40,Female,France,776,2,33,2023-09-29,0.0,1,1,1,118816.24,22,0.1287,0.0,0,0,
CUST-100075,65,Male,France,532,0,4,2025-09-29,90236.64,3,1,0,74834.96,6,0.39,0.2356,0,1,2026-01-28
CUST-100076,53,Female,France,651,2,26,2024-04-29,128019.02,1,1,1,86329.74,34,0.0764,-0.1776,0,0,
CUST-100077,36,Female,France,692,2,35,2023-07-30,70939.0,2,0,1,63927.22,24,0.0,0.1155,0,0,
CUST-100078,61,Male,Germany,591,5,71,2020-07-29,143046.42,2,0,0,55108.11,5,0.5531,-0.1953,1,0,
CUST-100079,44,Female,Germany,617,1,17,2023-01-29,126806.05,1,1,1,117003.23,12,0.3773,-0.4111,1,1,2024-06-29
CUST-100080,38,Female,Spain,709,2,30,2023-12-29,0.0,1,1,1,175060.89,24,0.2291,0.0,0,0,
CUST-100081,40,Male,Germany,660,4,55,2017-10-29,64860.96,1,1,1,65742.24,20,0.1999,0.0774,0,1,2022-05-30
CUST-100082,51,Male,France,661,2,33,2023-09-29,192004.75,2,1,1,97186.81,21,0.1963,-0.1173,0,0,
CUST-100083,36,Male,Spain,556,1,22,2024-08-29,280921.4,2,1,0,43702.36,11,0.1817,-0.142,0,0,
CUST-100084,33,Female,France,647,8,106,2017-08-29,85862.21,1,0,0,102809.37,11,0.1774,0.0319,0,0,
CUST-100085,31,Female,France,612,0,8,2025-10-29,59203.52,2,1,1,43275.66,10,0.0,-0.0953,0,0,
CUST-100086,42,Female,France,617,0,11,2025-07-30,0.0,1,1,1,80607.92,20,0.0865,0.0,0,0,
CUST-100087,32,Female,Germany,598,3,43,2022-11-29,164689.98,1,1,0,92006.18,13,0.0788,0.0371,0,0,
CUST-100088,51,Female,France,647,5,64,2021-02-28,94747.53,1,1,1,148889.57,29,0.2368,0.0226,0,0,
CUST-100089,35,Male,France,567,6,83,2019-07-30,72344.28,1,1,0,23234.68,5,0.1453,-0.0347,0,0,
CUST-100090,45,Male,Germany,651,3,46,2022-08-29,48487.42,1,1,0,174165.53,11,0.2012,-0.0102,0,0,
CUST-100091,54,Female,France,615,6,77,2020-01-29,0.0,2,1,0,140533.48,11,0.3464,0.0,2,0,
CUST-100092,59,Male,Germany,561,6,74,2020-04-29,143167.53,2,1,1,96458.36,25,0.3343,-0.0262,0,0,
CUST-100093,41,Male,France,463,6,82,2019-08-30,82635.16,2,1,1,60850.95,22,0.1238,-0.0307,0,0,
CUST-100094,24,Female,France,741,1,20,2024-10-29,0.0,1,1,1,129691.76,22,0.151,0.0,1,0,
CUST-100095,24,Female,France,722,2,25,2017-02-28,130451.56,2,0,1,203630.44,9,0.5279,-0.4257,2,1,2019-03-30
CUST-100096,50,Female,Germany,573,0,10,2020-07-29,183143.62,1,0,0,62262.18,5,0.5574,-0.2831,0,1,2021-05-30
CUST-100097,30,Male,France,715,4,48,2022-06-30,43448.12,1,0,1,160649.72,17,0.3348,-0.0705,0,0,
CUST-100098,35,Female,France,552,1,12,2019-01-29,0.0,4,1,0,124298.6,2,0.5265,0.0,0,1,2020-01-29
CUST-100099,53,Male,France,621,4,59,2021-07-30,0.0,2,1,0,143508.81,13,0.3684,0.0,0,0,
CUST-100100,33,Male,Spain,599,4,48,2022-06-30,0.0,2,0,1,111083.43,22,0.1626,0.0,0,0,
CUST-100101,28,Female,Spain,623,3,36,2023-06-30,0.0,1,0,1,73010.34,30,0.2009,0.0,0,0,
CUST-100102,35,Female,Germany,712,2,27,2024-03-30,69919.91,1,0,1,37737.42,21,0.3965,-0.0593,2,0,
CUST-100103,47,Female,France,611,2,35,2023-07-30,155669.11,2,1,0,55418.68,12,0.0,-0.0955,0,0,
CUST-100104,33,Female,Spain,617,6,75,2020-03-30,27499.6,1,0,1,105379.06,16,0.2958,0.0701,1,0,
CUST-100105,45,Female,Spain,721,1,18,2024-12-29,0.0,2,1,1,64834.85,20,0.1916,0.0,0,0,
CUST-100106,28,Male,Germany,656,3,43,2016-11-28,50643.94,1,1,0,25337.76,13,0.2376,0.2821,0,1,2020-06-29
CUST-100107,31,Male,France,593,6,83,2019-07-30,0.0,2,1,1,52205.15,32,0.1491,0.0,0,0,
CUST-100108,35,Female,France,673,2,35,2016-06-29,0.0,1,1,0,39257.08,3,0.7624,0.0,1,1,2019-05-30
CUST-100109,55,Female,France,745,2,26,2024-04-29,0.0,1,0,1,83266.96,34,0.3342,0.0,0,0,
CUST-100110,34,Male,Spain,751,1,15,2025-03-30,0.0,2,1,1,116221.52,26,0.232,0.0,0,0,
CUST-100111,33,Male,France,523,2,24,2024-06-29,58971.59,2,0,0,81590.26,6,0.3246,0.0188,0,0,
CUST-100112,33,Male,France,528,0,2,2026-04-30,0.0,1,0,0,31975.47,10,0.32,0.0,0,0,
CUST-100113,45,Male,France,746,2,34,2023-08-30,91162.01,2,0,0,58633.26,15,0.2283,0.1049,0,0,
CUST-100114,49,Female,Germany,622,5,71,2020-07-29,50840.31,2,0,0,40730.24,11,0.3034,0.1509,0,0,
CUST-100115,54,Male,France,439,0,7,2025-02-28,0.0,2,0,0,67071.7,5,0.8145,0.0,2,1,2025-09-29
CUST-100116,69,Male,Spain,580,3,36,2023-06-30,0.0,1,1,1,110251.23,30,0.0,0.0,1,0,
CUST-100117,42,Female,Spain,608,2,25,2024-05-30,41148.27,2,0,1,76556.48,19,0.1823,0.0692,0,0,
CUST-100118,32,Male,Germany,620,7,95,2018-07-30,93712.38,2,1,0,73913.54,11,0.2576,0.0609,1,0,
CUST-100119,37,Male,France,723,9,111,2017-03-30,108831.34,2,0,0,173035.21,15,0.3113,-0.1425,0,0,
CUST-100120,30,Male,Germany,561,8,102,2017-12-29,797287.48,2,0,0,44432.4,14,0.124,0.2531,0,0,
CUST-100121,40,Male,Germany,740,6,79,2019-11-29,63316.57,1,1,0,134521.34,6,0.2314,0.1461,0,0,
CUST-100122,31,Male,Germany,677,3,41,2023-01-29,100861.31,2,1,0,61723.24,12,0.2113,0.1114,0,0,
CUST-100123,54,Male,France,526,9,113,2017-01-28,0.0,2,1,0,288957.41,8,0.1464,0.0,0,0,
CUST-100124,41,Male,France,619,4,59,2016-09-28,46973.98,1,1,0,84799.91,3,0.684,-0.4396,3,1,2021-08-29
CUST-100125,60,Male,France,697,6,77,2020-01-29,101796.09,2,1,0,26991.57,8,0.2799,-0.0927,1,0,
CUST-100126,48,Male,France,654,3,38,2023-04-30,0.0,2,0,1,59034.55,23,0.0508,0.0,0,0,
CUST-100127,47,Male,France,686,7,90,2018-12-29,0.0,2,1,1,36088.3,34,0.1237,0.0,0,0,
CUST-100128,28,Female,France,594,1,17,2025-01-28,150487.67,1,1,1,234703.59,32,0.1599,-0.1771,0,0,
CUST-100129,45,Male,France,703,1,21,2024-09-28,45832.44,1,1,1,49020.2,20,0.1396,0.0483,0,0,
CUST-100130,68,Male,Germany,612,3,44,2022-10-29,91857.62,1,0,1,144263.37,22,0.3652,-0.0441,2,0,
CUST-100131,34,Female,France,850,0,7,2021-06-29,24217.86,1,1,1,122415.63,16,0.4934,-0.4136,0,1,2022-01-28
CUST-100132,51,Male,Spain,523,7,95,2018-07-30,21753.54,2,1,1,38178.26,20,0.0792,-0.0499,0,0,
CUST-100133,26,Male,Germany,850,7,84,2019-06-30,336990.87,2,1,1,31360.35,25,0.1277,0.1034,0,0,
CUST-100134,29,Female,France,559,9,110,2017-04-29,0.0,2,1,0,124623.74,10,0.2118,0.0,0,0,
CUST-100135,37,Female,Germany,772,4,53,2022-01-28,143322.84,1,1,1,59953.29,18,0.0,-0.237,0,0,
CUST-100136,33,Male,France,729,8,97,2018-05-30,143729.2,2,1,0,72771.51,11,0.0,-0.1333,0,0,
CUST-100137,31,Female,Spain,563,6,74,2020-04-29,0.0,2,1,0,79053.11,6,0.3571,0.0,2,0,
CUST-100138,33,Female,France,708,8,106,2017-08-29,0.0,2,1,1,14478.37,19,0.0199,0.0,0,0,
CUST-100139,44,Male,Spain,602,0,11,2025-07-30,0.0,2,1,1,69302.85,33,0.0535,0.0,0,0,
CUST-100140,52,Male,France,676,3,40,2023-02-28,0.0,1,0,0,135389.74,5,0.3833,0.0,3,0,
CUST-100141,45,Male,France,664,7,89,2019-01-29,0.0,2,0,0,27375.4,9,0.4215,0.0,1,0,
CUST-100142,46,Female,France,616,4,48,2017-10-29,183192.22,2,0,1,112882.14,3,0.7252,-0.241,0,1,2021-10-29
CUST-100143,38,Male,Spain,608,0,11,2025-07-30,0.0,2,1,1,63902.64,31,0.2227,0.0,0,0,
CUST-100144,29,Male,Germany,683,8,101,2018-01-28,69093.34,2,1,0,38522.75,11,0.0358,-0.2319,1,0,
CUST-100145,37,Male,France,563,5,60,2021-06-29,210448.24,1,1,0,87113.54,20,0.2234,0.0434,0,0,
CUST-100146,40,Female,France,567,6,74,2019-05-30,0.0,1,1,0,71321.28,2,0.8237,0.0,0,1,2025-07-30
CUST-100147,52,Male,France,742,2,31,2023-11-29,0.0,1,0,1,152368.8,29,0.07,0.0,0,0,
CUST-100148,63,Male,Germany,691,2,24,2017-06-29,46724.24,1,1,1,52963.04,22,0.513,-0.3669,0,1,2019-06-30
CUST-100149,43,Male,France,525,6,74,2020-04-29,0.0,1,1,0,146323.18,12,0.2327,0.0,0,0,
CUST-100150,51,Female,France,554,3,39,2023-03-30,0.0,2,1,0,70552.56,4,0.4128,0.0,0,0,
CUST-100151,23,Male,Spain,445,3,46,2022-08-29,0.0,1,1,1,91342.69,36,0.1151,0.0,0,0,
CUST-100152,35,Female,Spain,737,1,18,2021-12-29,77052.57,1,0,1,59331.46,16,0.4772,-0.2859,1,1,2023-06-30
CUST-100153,38,Male,France,716,5,67,2020-11-28,0.0,2,1,1,42440.74,17,0.2769,0.0,0,0,
CUST-100154,44,Male,Germany,545,0,6,2023-12-29,104073.9,1,1,0,121032.82,5,0.6759,-0.4374,0,1,2024-06-29
CUST-100155,64,Male,France,712,0,2,2026-04-30,0.0,1,1,0,70197.06,18,0.2764,0.0,0,0,
CUST-100156,42,Male,Germany,841,5,67,2020-11-28,55436.87,2,1,0,60070.53,6,0.1216,-0.1385,0,0,
CUST-100157,25,Male,France,502,4,49,2022-05-30,43530.58,1,0,0,124459.28,7,0.3726,-0.239,0,0,
CUST-100158,46,Female,Germany,591,0,7,2025-11-28,195617.23,1,1,1,164124.97,18,0.1982,-0.0116,0,0,
CUST-100159,35,Male,Germany,500,8,99,2018-03-30,73553.45,2,0,0,53751.06,16,0.1816,-0.1293,0,0,
CUST-100160,44,Female,Spain,741,0,4,2026-02-28,0.0,1,1,0,177692.98,9,0.6926,0.0,0,0,
CUST-100161,47,Male,France,641,2,34,2017-12-29,0.0,1,1,1,46838.2,21,0.0399,0.0,0,1,2020-10-29
CUST-100162,25,Female,Spain,612,0,11,2025-07-30,0.0,2,0,1,80916.57,37,0.1211,0.0,0,0,
CUST-100163,37,Male,France,672,1,20,2017-03-30,59684.8,3,0,0,115650.48,9,0.0305,-0.1401,1,1,2018-11-29
CUST-100164,38,Male,France,597,2,28,2024-02-28,0.0,1,0,0,12000.0,9,0.7144,0.0,2,0,
CUST-100165,42,Male,Germany,611,6,82,2019-08-30,58935.61,1,0,0,42067.99,6,0.5309,-0.276,2,0,
CUST-100166,32,Female,France,676,1,20,2024-10-29,138082.07,2,1,1,56850.89,36,0.2837,-0.0609,0,0,
CUST-100167,30,Female,Spain,591,1,22,2024-08-29,70827.28,2,1,1,83355.5,32,0.0943,-0.0368,0,0,
CUST-100168,63,Female,Spain,605,8,104,2017-10-29,40728.21,2,0,0,71995.89,13,0.0968,0.0158,0,0,
CUST-100169,41,Female,France,635,9,114,2016-12-29,137105.64,2,1,1,18495.14,14,0.424,-0.0012,0,0,
CUST-100170,30,Male,Spain,659,8,106,2017-08-29,0.0,2,0,0,57946.33,9,0.0475,0.0,1,0,
CUST-100171,33,Male,France,708,4,49,2020-09-28,0.0,1,1,0,30356.39,12,0.2251,0.0,0,1,2024-10-29
CUST-100172,64,Male,Germany,706,5,68,2020-10-29,101071.18,2,0,1,51091.95,20,0.2939,-0.0465,0,0,
CUST-100173,56,Female,France,506,1,19,2019-10-30,74584.68,1,1,0,59304.9,6,0.6804,-0.215,1,1,2021-05-30
CUST-100174,32,Male,Spain,785,3,39,2023-03-30,121551.74,2,1,0,80573.73,7,0.4541,-0.2734,0,0,
CUST-100175,29,Male,France,656,5,70,2020-08-29,234737.11,2,0,0,55934.01,10,0.078,0.1293,1,0,
CUST-100176,29,Female,France,618,2,31,2023-11-29,197279.72,2,1,0,72821.32,11,0.3129,-0.0863,0,0,
CUST-100177,54,Male,France,563,1,16,2016-10-29,81096.54,1,1,1,53107.72,14,0.3024,0.0802,0,1,2018-02-28
CUST-100178,34,Female,Spain,841,4,56,2021-10-29,40225.13,2,1,1,85895.88,25,0.2823,-0.0637,0,0,
CUST-100179,27,Male,Spain,850,8,102,2017-12-29,0.0,1,1,0,34898.29,10,0.1042,0.0,0,0,
CUST-100180,33,Female,Germany,829,0,2,2017-03-30,85304.3,1,0,1,68876.64,12,0.6317,-0.5002,0,1,2017-05-30
CUST-100181,42,Female,Spain,662,3,36,2023-06-30,124018.66,2,1,1,38128.77,32,0.0,0.1264,0,0,
CUST-100182,37,Female,Spain,683,6,79,2019-11-29,0.0,1,0,0,57310.09,13,0.3565,0.0,0,0,
CUST-100183,56,Male,Germany,793,2,26,2022-09-29,50982.18,1,1,0,80103.06,8,0.5852,-0.5828,0,1,2024-11-28
CUST-100184,42,Male,France,627,9,108,2017-06-29,174300.57,1,1,0,43588.05,5,0.2245,0.0803,0,0,
CUST-100185,43,Male,Spain,702,1,12,2025-06-29,100207.0,2,0,0,66530.4,16,0.2036,0.2215,0,0,
CUST-100186,50,Male,Germany,672,6,77,2020-01-29,33668.88,1,1,1,58697.39,28,0.2551,-0.0919,0,0,
CUST-100187,49,Female,France,834,3,47,2022-07-30,0.0,2,1,1,221002.18,19,0.2009,0.0,0,0,
CUST-100188,33,Male,France,788,2,27,2024-03-30,0.0,3,1,1,86545.08,24,0.3917,0.0,0,0,
CUST-100189,29,Male,Germany,637,8,102,2017-12-29,117051.3,1,1,1,93815.59,35,0.2049,-0.05,0,0,
CUST-100190,41,Male,France,796,1,17,2024-06-29,0.0,1,1,0,44024.6,3,0.7229,0.0,4,1,2025-11-28
CUST-100191,39,Female,Spain,650,0,2,2026-04-30,0.0,2,1,0,17928.11,6,0.2978,0.0,0,0,
CUST-100192,42,Male,France,598,6,82,2019-08-30,0.0,2,1,0,50929.61,16,0.0,0.0,0,0,
CUST-100193,43,Male,France,623,8,105,2017-09-29,247328.78,1,0,1,29084.91,21,0.6639,-0.263,0,0,
CUST-100194,62,Male,Spain,664,2,33,2020-10-29,297734.21,1,0,1,80218.18,18,0.3603,-0.125,0,1,2023-07-30
CUST-100195,36,Male,France,575,8,104,2017-10-29,0.0,2,1,1,82537.91,24,0.24,0.0,1,0,
CUST-100196,43,Female,France,600,3,41,2023-01-29,0.0,2,1,1,79490.53,29,0.0615,0.0,0,0,
CUST-100197,29,Male,Germany,511,4,58,2020-10-29,22701.55,1,0,0,68102.49,8,0.3343,-0.0783,1,1,2025-08-29
CUST-100198,31,Female,Spain,571,2,33,2023-09-29,0.0,2,1,0,43504.52,10,0.3678,0.0,0,0,
CUST-100199,39,Female,France,673,3,44,2022-10-29,379961.68,1,0,1,47420.87,25,0.2058,0.1762,1,0,
CUST-100200,30,Female,France,750,7,87,2017-07-30,0.0,1,1,0,88994.55,2,0.6962,0.0,1,1,2024-10-29
CUST-100201,46,Female,Spain,738,3,42,2016-06-29,0.0,1,0,0,211839.39,2,0.8061,0.0,1,1,2019-12-29
CUST-100202,44,Female,Spain,691,3,38,2020-05-30,77160.74,2,1,0,81064.04,11,0.0635,0.1753,0,1,2023-07-30
CUST-100203,32,Male,Germany,503,2,32,2023-10-30,71280.54,2,1,1,86734.63,14,0.6285,-0.3227,1,0,
CUST-100204,36,Male,France,567,9,118,2016-08-29,0.0,1,0,1,201735.04,21,0.3136,0.0,1,0,
CUST-100205,54,Female,France,631,9,110,2017-04-29,158913.64,2,1,1,70292.92,31,0.1995,0.0827,0,0,
CUST-100206,41,Female,France,742,0,8,2021-05-30,17053.97,1,0,0,42351.1,2,0.8187,-0.3252,1,1,2022-01-28
CUST-100207,74,Male,France,597,3,42,2019-09-29,37643.44,1,1,1,87355.5,9,0.5139,-0.4379,1,1,2023-03-30
CUST-100208,36,Male,Germany,533,5,64,2021-02-28,76815.47,1,1,1,176610.92,25,0.4121,-0.1036,0,0,
CUST-100209,37,Male,France,789,1,18,2024-12-29,0.0,2,1,0,116533.85,13,0.0767,0.0,0,0,
CUST-100210,39,Male,Germany,579,1,15,2019-10-30,116346.54,3,1,1,80144.5,8,0.539,-0.2426,1,1,2021-01-28
CUST-100211,26,Male,Germany,542,3,42,2022-12-29,120806.66,1,1,1,24918.21,16,0.0241,-0.1346,0,0,
CUST-100212,37,Male,Germany,672,2,27,2018-11-29,14445.17,1,0,1,30719.47,15,0.6427,-0.5397,0,1,2021-02-28
CUST-100213,37,Male,France,645,5,61,2021-05-30,67944.82,1,1,0,86445.66,9,0.3043,0.0062,0,0,
CUST-100214,47,Female,Spain,602,9,114,2016-12-29,44163.14,2,1,0,59292.15,12,0.1966,-0.1278,0,0,
CUST-100215,55,Female,Germany,650,1,14,2025-04-29,95943.29,1,1,1,68283.42,26,0.3371,-0.2323,2,0,
CUST-100216,35,Female,Germany,561,0,1,2026-05-30,149329.86,2,0,1,123004.96,28,0.0051,-0.0151,0,0,
CUST-100217,24,Female,France,601,4,59,2021-07-30,0.0,2,1,1,36043.62,33,0.2594,0.0,0,0,
CUST-100218,40,Male,France,647,2,25,2024-05-30,31452.76,2,0,0,51048.98,13,0.2724,-0.2119,0,0,
CUST-100219,30,Male,Spain,455,3,37,2023-05-30,252162.91,1,0,0,139337.3,7,0.2896,0.013,1,0,
CUST-100220,41,Female,France,742,3,46,2022-08-29,0.0,1,1,1,36137.55,20,0.1663,0.0,0,0,
CUST-100221,41,Female,France,518,7,87,2019-03-30,57705.16,2,1,0,136363.71,3,0.3571,-0.2711,0,0,
CUST-100222,32,Female,France,560,6,73,2020-05-30,19166.37,1,1,1,87414.72,29,0.0,0.0284,0,0,
CUST-100223,40,Female,Germany,746,4,59,2021-07-30,134625.34,2,1,1,67176.77,41,0.2457,0.0537,0,0,
CUST-100224,27,Female,Spain,705,0,2,2026-04-30,0.0,2,1,1,78050.1,27,0.0,0.0,0,0,
CUST-100225,42,Female,France,658,9,110,2017-04-29,130373.78,2,1,0,88184.68,11,0.0,-0.1283,0,0,
CUST-100226,49,Female,Spain,486,5,60,2017-10-29,0.0,1,1,0,103334.96,7,0.2135,0.0,0,1,2022-10-29
CUST-100227,44,Female,France,592,2,32,2023-10-30,147980.43,2,1,0,23485.26,8,0.4411,-0.1662,0,0,
CUST-100228,34,Male,Germany,629,4,49,2019-09-29,273102.61,1,1,1,144497.23,10,0.5952,-0.2438,2,1,2023-10-30
CUST-100229,48,Male,Germany,636,4,51,2022-03-30,14100.43,2,1,1,82386.3,17,0.2583,-0.0315,0,0,
CUST-100230,46,Male,France,760,6,79,2019-11-29,0.0,2,1,0,135654.11,7,0.5378,0.0,0,0,
CUST-100231,46,Male,France,841,3,38,2023-04-30,27290.83,1,0,1,92081.83,21,0.2428,-0.241,0,0,
CUST-100232,57,Female,France,709,1,17,2018-12-29,0.0,1,0,0,239244.91,3,0.6324,0.0,1,1,2020-05-30
CUST-100233,43,Male,Spain,599,5,69,2020-09-28,0.0,1,1,1,48641.29,29,0.2107,0.0,0,0,
CUST-100234,29,Male,Germany,767,3,42,2022-12-29,38457.17,1,1,0,175208.24,9,0.2631,-0.0202,0,0,
CUST-100235,30,Female,Spain,593,0,10,2025-08-29,46011.69,1,1,0,44817.36,7,0.3127,-0.0602,0,0,
CUST-100236,43,Male,Spain,398,7,87,2019-03-30,98129.51,1,1,1,97169.95,11,0.1077,-0.1832,0,0,
CUST-100237,25,Female,France,530,2,35,2017-08-29,86917.92,1,1,1,129112.35,32,0.2347,-0.1284,0,1,2020-07-29
CUST-100238,37,Male,Spain,422,2,30,2023-12-29,0.0,1,1,1,72736.1,25,0.1862,0.0,0,0,
CUST-100239,35,Male,France,613,1,14,2025-04-29,55853.97,1,1,1,24659.96,26,0.0126,0.0879,0,0,
CUST-100240,45,Male,France,633,2,29,2024-01-29,47472.55,2,1,1,77505.09,23,0.1368,-0.1652,0,0,
CUST-100241,28,Male,Spain,497,3,39,2023-03-30,0.0,1,1,1,55567.07,32,0.0778,0.0,0,0,
CUST-100242,46,Male,Spain,568,0,7,2017-10-29,0.0,2,1,0,118289.6,7,0.6366,0.0,1,1,2018-05-30
CUST-100243,36,Male,France,513,9,118,2016-08-29,99799.64,2,1,0,44154.74,9,0.1502,0.0711,0,0,
CUST-100244,42,Male,Germany,638,2,24,2024-06-29,37239.7,2,1,0,53340.74,11,0.1103,0.0819,0,0,
CUST-100245,29,Male,Germany,568,9,119,2016-07-29,109376.65,1,0,1,49719.69,23,0.2504,-0.1936,0,0,
CUST-100246,46,Female,Spain,747,8,103,2017-11-28,71623.58,1,1,1,60631.84,16,0.0,0.0253,0,0,
CUST-100247,51,Male,Germany,666,4,50,2018-05-30,278091.72,2,1,0,75456.1,7,0.2351,-0.1697,0,1,2022-07-30
CUST-100248,92,Male,France,804,4,59,2021-07-30,0.0,1,1,0,98603.29,12,0.2144,0.0,1,0,
CUST-100249,41,Male,France,606,1,13,2025-05-30,69048.6,1,1,0,94455.86,8,0.0915,0.1315,0,0,
CUST-100250,51,Female,France,850,0,10,2025-08-29,0.0,1,1,0,35639.37,12,0.2029,0.0,0,0,
CUST-100251,30,Female,Germany,650,10,120,2016-06-29,44667.59,2,0,0,44719.06,11,0.068,0.1407,0,0,
CUST-100252,56,Female,Spain,599,1,18,2024-12-29,0.0,1,1,0,52146.25,8,0.3606,0.0,0,0,
CUST-100253,27,Female,France,850,4,55,2021-11-28,109348.52,1,1,0,59396.07,12,0.1498,-0.099,0,0,
CUST-100254,63,Male,France,474,2,34,2023-06-30,0.0,1,1,1,44712.44,15,0.4295,0.0,1,1,2026-04-30
CUST-100255,40,Female,France,597,8,102,2017-12-29,30388.31,1,1,1,47666.31,40,0.0,0.2214,0,0,
CUST-100256,28,Male,Germany,490,6,76,2020-02-28,17910.81,1,0,1,146947.84,47,0.1767,0.0373,0,0,
CUST-100257,35,Female,Spain,474,0,11,2025-07-30,0.0,1,1,0,85299.33,8,0.214,0.0,1,0,
CUST-100258,51,Male,France,452,5,64,2021-02-28,113208.8,2,1,1,39201.86,24,0.0184,-0.0126,0,0,
CUST-100259,37,Male,France,709,0,9,2025-09-29,135681.08,2,1,1,89708.29,23,0.1983,-0.1689,0,0,
CUST-100260,37,Female,Germany,522,9,119,2016-07-29,197041.69,2,1,1,57401.75,25,0.0043,-0.046,1,0,
CUST-100261,49,Female,France,626,5,68,2020-10-29,0.0,2,1,0,198864.96,13,0.0915,0.0,0,0,
CUST-100262,38,Female,Spain,736,9,119,2016-07-29,0.0,2,1,0,50899.59,6,0.1564,0.0,0,0,
CUST-100263,55,Male,France,694,6,76,2020-02-28,0.0,1,0,1,54856.43,26,0.0742,0.0,1,0,
CUST-100264,33,Male,France,690,3,37,2023-05-30,0.0,2,0,1,61175.95,29,0.1452,0.0,1,0,
CUST-100265,26,Male,Spain,767,3,38,2023-04-30,26588.74,1,0,0,39212.72,6,0.4785,-0.234,1,0,
CUST-100266,38,Male,France,805,3,46,2022-08-29,0.0,2,1,0,92896.22,4,0.3585,0.0,0,0,
CUST-100267,40,Male,France,530,1,21,2022-08-29,148183.0,1,1,1,73864.98,33,0.0653,-0.21,2,1,2024-05-30
CUST-100268,33,Male,France,696,0,2,2026-04-30,0.0,1,0,1,86793.61,16,0.2249,0.0,0,0,
CUST-100269,42,Female,France,624,1,15,2020-02-28,0.0,1,0,0,73131.81,2,0.689,0.0,0,1,2021-05-30
CUST-100270,26,Male,France,636,4,59,2020-12-29,0.0,1,1,0,79668.25,6,0.81,0.0,1,1,2025-11-28
CUST-100271,42,Female,France,505,6,79,2019-11-29,0.0,2,1,1,175720.44,25,0.0737,0.0,0,0,
CUST-100272,29,Female,France,599,1,19,2024-11-28,40089.58,2,1,1,97418.19,26,0.0786,-0.0286,1,0,
CUST-100273,28,Female,France,609,1,21,2019-10-30,0.0,2,1,0,26820.18,3,0.7647,0.0,1,1,2021-07-30
CUST-100274,39,Male,Germany,787,4,49,2022-05-30,264325.35,2,1,0,85489.01,16,0.3835,-0.1837,0,0,
CUST-100275,27,Male,Germany,539,1,16,2025-02-28,46387.01,2,1,1,136752.13,28,0.0,-0.0155,0,0,
CUST-100276,24,Male,France,421,2,35,2023-07-30,0.0,2,1,0,20133.8,16,0.2084,0.0,2,0,
CUST-100277,44,Female,France,649,0,2,2026-04-30,72779.86,2,1,1,37975.73,33,0.1422,-0.0948,1,0,
CUST-100278,30,Male,Germany,529,6,72,2020-06-29,38737.63,2,1,0,100201.48,19,0.2479,-0.2697,0,0,
CUST-100279,45,Male,Spain,637,5,60,2021-06-29,96283.56,1,1,1,122813.42,31,0.0314,-0.045,0,0,
CUST-100280,36,Female,Spain,713,2,29,2024-01-29,0.0,2,0,1,79180.27,23,0.1272,0.0,0,0,
CUST-100281,39,Female,France,640,0,5,2025-07-30,71292.94,1,1,0,91565.16,5,0.5867,-0.2565,0,1,2025-12-29
CUST-100282,51,Female,France,609,4,53,2022-01-28,34557.22,1,0,1,152983.21,15,0.3043,-0.4745,0,0,
CUST-100283,43,Male,France,635,5,67,2020-11-28,174560.54,1,1,1,54271.51,28,0.1358,-0.0995,0,0,
CUST-100284,45,Female,France,731,4,59,2021-07-30,62910.96,2,1,1,42888.51,19,0.0,-0.0847,2,0,
CUST-100285,45,Male,Germany,539,2,29,2024-01-29,69449.76,2,1,0,62686.54,12,0.2137,0.0781,0,0,
CUST-100286,32,Male,France,720,4,56,2021-10-29,38136.98,1,0,0,79278.82,14,0.2475,0.0965,0,0,
CUST-100287,43,Female,France,554,0,10,2025-08-29,0.0,1,1,1,85608.7,20,0.3433,0.0,0,0,
CUST-100288,31,Female,France,708,4,55,2021-11-28,0.0,2,1,0,110101.1,10,0.0867,0.0,0,0,
CUST-100289,43,Male,Germany,502,5,62,2021-04-29,24370.74,2,1,0,179956.98,11,0.1762,0.0096,1,0,
CUST-100290,35,Male,France,702,3,43,2022-11-29,0.0,1,0,1,79700.13,27,0.0,0.0,0,0,
CUST-100291,37,Male,Spain,640,2,29,2024-01-29,0.0,2,1,1,36161.42,24,0.1847,0.0,0,0,
CUST-100292,61,Female,France,659,3,40,2023-02-28,145341.04,2,1,0,47100.17,16,0.2328,-0.1793,0,0,
CUST-100293,44,Female,Spain,742,6,80,2018-12-29,304310.64,1,1,0,77658.1,7,0.4692,-0.0015,0,1,2025-08-29
CUST-100294,33,Male,France,571,3,37,2023-05-30,245787.02,1,1,0,160190.22,7,0.1043,-0.0151,0,0,
CUST-100295,26,Male,Spain,648,2,33,2023-09-29,189213.25,1,1,0,103178.84,4,0.1387,0.0622,0,0,
CUST-100296,40,Female,Spain,679,6,73,2020-05-30,0.0,2,1,0,44133.87,5,0.3031,0.0,0,0,
CUST-100297,27,Female,Spain,621,9,115,2016-11-28,203144.22,2,1,1,50333.48,26,0.303,0.0314,0,0,
CUST-100298,63,Male,Spain,719,0,5,2021-11-28,61187.42,4,1,1,61292.98,14,0.6329,-0.4346,0,1,2022-04-30
CUST-100299,38,Female,Spain,682,7,88,2019-02-28,35333.15,2,1,0,74996.93,10,0.0546,0.0149,0,0,
CUST-100300,49,Female,Germany,594,0,10,2020-09-28,135876.53,1,0,0,61985.97,9,0.6715,-0.4094,1,1,2021-07-30
CUST-100301,28,Male,Spain,771,2,32,2023-10-30,0.0,1,0,0,44511.7,12,0.1065,0.0,1,0,
CUST-100302,44,Female,France,704,8,100,2018-02-28,0.0,2,1,1,47601.32,28,0.1647,0.0,1,0,
CUST-100303,52,Female,Germany,569,3,47,2022-04-30,150952.35,1,1,0,69131.7,5,0.5888,-0.2981,1,1,2026-03-30
CUST-100304,45,Female,Germany,568,3,44,2022-10-29,164097.74,2,1,1,80795.03,46,0.2771,0.1645,0,0,
CUST-100305,48,Female,Spain,629,5,70,2020-08-29,0.0,2,1,1,42177.42,15,0.4089,0.0,0,0,
CUST-100306,43,Female,France,693,0,8,2025-10-29,98143.06,1,0,1,85920.16,16,0.3444,-0.3116,0,0,
CUST-100307,35,Male,France,438,6,75,2020-03-30,0.0,1,1,1,195402.61,22,0.0209,0.0,1,0,
CUST-100308,31,Male,Germany,573,7,84,2019-02-28,49318.26,2,0,0,80669.84,5,0.6026,-0.4199,1,1,2026-02-28
CUST-100309,32,Female,France,595,7,89,2019-01-29,0.0,1,1,1,83665.97,21,0.078,0.0,0,0,
CUST-100310,64,Male,France,512,3,43,2022-11-29,0.0,1,1,1,33864.08,25,0.1961,0.0,0,0,
CUST-100311,41,Male,France,552,7,90,2018-12-29,67824.24,2,1,0,107984.25,10,0.0066,-0.0322,1,0,
CUST-100312,54,Male,France,663,4,51,2022-03-30,79197.36,1,0,1,52355.64,29,0.161,-0.196,0,0,
CUST-100313,33,Female,France,603,3,36,2023-06-30,0.0,1,1,0,129736.37,11,0.0,0.0,0,0,
CUST-100314,47,Female,France,611,0,6,2025-12-29,0.0,3,1,1,193935.94,36,0.2085,0.0,1,0,
CUST-100315,30,Female,France,518,5,71,2020-07-29,0.0,1,1,1,49614.47,13,0.3834,0.0,0,0,
CUST-100316,36,Female,France,630,0,5,2026-01-28,0.0,1,0,1,50457.86,31,0.0425,0.0,0,0,
CUST-100317,34,Male,France,506,10,120,2016-06-29,106251.95,2,1,0,96529.47,14,0.1229,-0.0791,1,0,
CUST-100318,61,Male,Germany,790,2,26,2024-04-29,133652.02,1,1,0,35801.47,8,0.3376,-0.1623,0,0,
CUST-100319,31,Female,France,817,2,24,2024-06-29,159962.38,1,1,0,76038.48,11,0.068,0.1215,0,0,
CUST-100320,46,Male,Spain,605,3,39,2023-03-30,0.0,2,1,0,61410.62,17,0.326,0.0,0,0,
CUST-100321,43,Female,Spain,542,3,38,2023-04-30,0.0,2,0,1,68889.28,21,0.0,0.0,1,0,
CUST-100322,28,Male,France,732,7,86,2019-04-30,0.0,1,1,1,23701.37,23,0.0804,0.0,0,0,
CUST-100323,54,Male,France,707,4,57,2020-08-29,156049.84,2,1,1,95141.24,9,0.7574,-0.3157,3,1,2025-05-30
CUST-100324,56,Female,Germany,830,0,11,2025-07-30,264483.32,1,1,1,278213.83,22,0.2653,0.0033,0,0,
CUST-100325,41,Male,Spain,850,4,56,2021-10-29,47052.63,2,1,1,57327.25,28,0.1077,0.0122,0,0,
CUST-100326,39,Male,Germany,455,3,45,2022-09-29,44001.13,2,1,0,32622.56,7,0.0059,-0.2274,0,0,
CUST-100327,25,Male,Spain,761,5,63,2021-03-30,0.0,2,1,0,111776.74,11,0.5473,0.0,0,0,
CUST-100328,28,Male,Germany,629,6,74,2020-04-29,144396.86,1,1,1,44655.69,21,0.0926,0.2186,0,0,
CUST-100329,36,Male,Germany,703,9,117,2016-09-28,35664.62,1,1,1,73217.43,22,0.1477,-0.0036,1,0,
CUST-100330,31,Female,France,725,8,103,2017-11-28,0.0,1,1,0,48733.65,11,0.2758,0.0,0,0,
CUST-100331,49,Male,Germany,721,4,58,2021-08-29,26792.83,2,1,1,32808.39,20,0.1015,-0.2596,0,0,
CUST-100332,27,Female,France,746,3,43,2022-11-29,122697.14,2,0,0,85417.12,10,0.2539,-0.138,1,0,
CUST-100333,27,Female,Germany,596,6,75,2020-03-30,62180.58,1,1,1,49270.32,23,0.0633,-0.0972,1,0,
CUST-100334,44,Male,Spain,559,1,18,2024-03-30,0.0,1,1,0,29883.08,4,0.9483,0.0,2,1,2025-09-29
CUST-100335,42,Male,France,764,2,30,2023-12-29,44388.85,1,1,1,84557.47,15,0.0,-0.034,0,0,
CUST-100336,40,Female,Germany,566,10,120,2016-06-29,49755.46,1,1,0,349468.57,3,0.6156,-0.3704,0,0,
CUST-100337,47,Female,France,829,4,57,2021-09-29,0.0,2,1,1,125981.69,32,0.3055,0.0,1,0,
CUST-100338,33,Female,Germany,577,7,89,2019-01-29,44569.45,2,1,0,70486.76,7,0.3871,-0.1643,0,0,
CUST-100339,35,Male,France,613,6,83,2019-07-30,42836.87,2,1,0,381793.38,15,0.1567,0.0141,0,0,
CUST-100340,42,Female,Spain,632,3,44,2022-10-29,31614.32,2,1,0,27380.48,9,0.3782,0.0016,0,0,
CUST-100341,41,Female,France,502,1,23,2024-07-29,128339.86,2,1,0,98797.5,15,0.2245,-0.0569,0,0,
CUST-100342,31,Female,Spain,502,5,67,2020-11-28,111919.99,1,0,0,197250.89,18,0.377,-0.0468,0,0,
CUST-100343,52,Male,Spain,738,9,112,2017-02-28,0.0,2,0,0,41123.98,14,0.0584,0.0,1,0,
CUST-100344,29,Female,Germany,485,2,32,2018-03-30,160930.49,1,1,0,84988.99,2,0.8611,-0.5125,1,1,2020-11-28
CUST-100345,35,Male,Spain,850,4,52,2018-04-30,0.0,1,1,0,50906.32,2,0.6566,0.0,1,1,2022-08-29
CUST-100346,29,Female,Spain,641,3,41,2023-01-29,0.0,2,1,0,59737.89,9,0.0,0.0,0,0,
CUST-100347,73,Male,Spain,551,1,18,2019-03-30,104087.45,1,1,0,90223.72,7,0.8334,-0.3161,0,1,2020-09-28
CUST-100348,39,Female,France,690,2,34,2023-08-30,104160.19,2,0,0,27278.2,8,0.1199,0.1325,0,0,
CUST-100349,30,Male,Germany,414,2,29,2024-01-29,52685.56,1,0,1,41396.19,14,0.21,-0.1611,1,0,
CUST-100350,34,Female,France,618,0,3,2026-03-30,0.0,1,1,0,73526.48,12,0.128,0.0,0,0,
CUST-100351,42,Male,Germany,630,3,39,2023-03-30,624597.31,1,1,0,27427.34,8,0.1487,-0.0652,0,0,
CUST-100352,49,Male,France,528,2,34,2023-08-30,115811.19,1,1,0,58800.27,10,0.2207,0.0573,0,0,
CUST-100353,31,Female,Germany,589,0,7,2025-11-28,90180.69,1,1,0,31181.51,8,0.4406,-0.067,0,0,
CUST-100354,57,Female,Germany,796,1,12,2017-12-29,114250.4,1,1,1,32180.65,8,0.521,-0.5128,1,1,2018-12-29
CUST-100355,39,Male,France,668,2,33,2023-09-29,612527.67,1,0,1,119518.88,28,0.1336,-0.1006,0,0,
CUST-100356,45,Female,Germany,688,0,10,2017-06-29,73945.48,1,1,1,76037.83,19,0.4276,-0.2697,1,1,2018-04-30
CUST-100357,34,Male,Spain,574,2,27,2020-04-29,91488.44,1,1,0,63861.52,1,0.6672,-0.447,2,1,2022-07-30
CUST-100358,54,Female,Spain,523,3,36,2023-06-30,0.0,1,1,0,56505.67,8,0.6493,0.0,1,0,
CUST-100359,43,Female,France,627,6,72,2020-06-29,210617.78,2,1,1,85590.72,29,0.0728,-0.0398,1,0,
CUST-100360,33,Female,Germany,414,9,118,2016-08-29,109232.01,2,1,0,55353.08,6,0.6291,-0.6309,1,0,
CUST-100361,35,Female,Spain,545,7,91,2018-11-29,25426.17,1,1,0,47568.13,9,0.1996,0.0098,1,0,
CUST-100362,50,Male,France,530,10,120,2016-06-29,21437.54,2,1,0,128009.27,20,0.2249,0.0318,0,0,
CUST-100363,44,Male,France,454,2,27,2019-05-30,0.0,3,0,1,51310.08,20,0.0301,0.0,1,1,2021-08-29
CUST-100364,36,Female,France,712,3,38,2023-04-30,107273.06,1,0,0,150539.91,7,0.2737,0.1622,1,0,
CUST-100365,49,Male,Germany,637,0,4,2026-02-28,67432.74,2,1,0,53067.14,12,0.2138,0.1814,0,0,
CUST-100366,41,Male,France,591,0,3,2026-03-30,46703.13,2,1,1,108787.0,30,0.2203,-0.1236,0,0,
CUST-100367,25,Female,Spain,714,0,8,2025-10-29,355989.4,1,0,0,82910.59,9,0.114,-0.0089,0,0,
CUST-100368,37,Male,Germany,492,7,89,2019-01-29,105838.52,1,1,1,98068.45,29,0.1088,-0.2158,0,0,
CUST-100369,49,Male,France,521,8,102,2017-12-29,0.0,2,1,0,84443.12,7,0.2673,0.0,0,0,
CUST-100370,63,Female,Spain,757,0,9,2025-09-29,169131.56,1,1,0,106607.46,0,0.4084,-0.0097,0,0,
CUST-100371,29,Male,Spain,850,2,33,2023-09-29,124024.31,1,1,0,160257.49,14,0.1756,-0.0622,1,0,
CUST-100372,48,Male,France,716,0,7,2025-11-28,0.0,1,1,1,44360.14,20,0.3777,0.0,0,0,
CUST-100373,39,Male,France,695,8,98,2017-05-30,74923.54,1,0,0,163287.54,5,0.6764,-0.0966,2,1,2025-07-30
CUST-100374,28,Male,France,594,6,76,2020-02-28,0.0,1,0,0,61123.69,9,0.251,0.0,0,0,
CUST-100375,29,Female,France,596,6,72,2020-06-29,0.0,1,0,0,26583.05,1,0.794,0.0,1,0,
CUST-100376,30,Female,France,672,9,108,2017-06-29,0.0,2,0,0,104878.62,9,0.1467,0.0,0,0,
CUST-100377,27,Female,Spain,782,9,108,2017-06-29,46500.39,1,1,1,113621.12,28,0.226,-0.0481,0,0,
CUST-100378,28,Male,France,691,0,6,2025-12-29,101847.46,2,1,0,94919.78,10,0.2185,0.059,0,0,
CUST-100379,39,Male,France,742,2,28,2021-04-29,0.0,3,0,0,59747.03,2,0.695,0.0,1,1,2023-08-30
CUST-100380,25,Male,Germany,562,7,87,2019-03-30,79920.77,1,0,1,42963.03,17,0.0,0.0021,1,0,
CUST-100381,31,Female,Germany,709,2,29,2020-02-28,71735.68,3,1,0,53814.61,9,0.7593,-0.2386,1,1,2022-07-30
CUST-100382,35,Female,Spain,586,7,90,2018-12-29,87415.83,2,1,1,78887.8,17,0.2085,0.0092,0,0,
CUST-100383,31,Male,Spain,663,1,23,2024-07-29,184165.35,1,1,0,61894.75,15,0.1425,-0.0845,0,0,
CUST-100384,27,Female,France,709,2,28,2024-02-28,44566.96,1,0,0,40540.1,14,0.1387,0.0596,0,0,
CUST-100385,38,Female,France,599,1,15,2016-06-29,0.0,2,1,0,62422.6,2,0.7081,0.0,1,1,2017-09-29
CUST-100386,31,Male,Spain,552,1,22,2024-08-29,0.0,2,0,0,45571.39,5,0.1593,0.0,0,0,
CUST-100387,31,Female,Germany,685,3,46,2022-08-29,24208.02,1,1,1,49758.25,22,0.457,-0.2023,0,0,
CUST-100388,37,Female,Spain,637,9,118,2016-08-29,0.0,2,0,1,107452.01,19,0.0,0.0,1,0,
CUST-100389,46,Male,France,663,5,69,2019-10-30,0.0,2,1,1,37448.33,29,0.5424,0.0,0,1,2025-07-30
CUST-100390,32,Male,Spain,713,1,23,2024-07-29,116061.85,3,0,1,86275.19,11,0.6135,-0.5658,0,1,2026-06-30
CUST-100391,33,Female,Germany,775,7,95,2018-07-30,27887.74,2,1,1,53469.93,27,0.3134,-0.0276,1,0,
CUST-100392,28,Female,France,714,3,36,2023-04-30,220386.92,1,0,1,83533.29,22,0.1888,-0.0171,0,1,2026-04-30
CUST-100393,49,Female,Germany,701,5,70,2018-02-28,228659.43,1,1,1,43268.99,10,0.5285,-0.3816,0,1,2023-12-29
CUST-100394,39,Female,Germany,602,1,20,2024-02-28,59829.31,1,1,0,63747.59,6,0.4853,-0.1264,2,1,2025-10-29
CUST-100395,48,Female,France,617,8,97,2018-04-30,100086.96,1,1,1,44843.04,13,0.5296,-0.1144,0,1,2026-05-30
CUST-100396,51,Male,France,694,2,34,2023-08-30,31405.25,2,0,0,84450.92,11,0.0967,-0.0751,1,0,
CUST-100397,32,Male,Spain,615,0,7,2025-11-28,0.0,2,1,0,26328.75,15,0.3437,0.0,0,0,
CUST-100398,68,Male,France,693,0,3,2021-09-29,0.0,2,1,0,68206.28,12,0.2117,0.0,2,1,2021-12-29
CUST-100399,47,Female,France,572,1,18,2024-12-29,24704.66,1,1,0,34730.42,8,0.2299,-0.0435,3,0,
CUST-100400,40,Female,France,835,2,35,2023-07-30,319635.59,1,1,0,50054.74,10,0.47,0.2679,0,0,
CUST-100401,33,Female,France,669,5,68,2018-05-30,0.0,1,1,0,59582.27,4,0.6787,0.0,1,1,2024-01-29
CUST-100402,32,Male,Spain,662,2,26,2024-04-29,234103.03,1,0,1,106146.86,27,0.1797,-0.0676,0,0,
CUST-100403,38,Male,Spain,604,4,51,2022-03-30,0.0,2,1,1,28279.38,34,0.1062,0.0,2,0,
CUST-100404,41,Female,France,834,6,73,2017-08-29,0.0,2,0,0,25553.63,2,0.6522,0.0,0,1,2023-09-29
CUST-100405,24,Male,Spain,530,3,42,2022-12-29,93511.3,2,1,0,132537.03,12,0.2876,-0.1218,0,0,
CUST-100406,34,Male,Spain,583,4,48,2022-06-30,184888.29,2,1,0,59144.89,7,0.2627,-0.0824,1,0,
CUST-100407,40,Female,France,732,2,34,2023-08-30,0.0,1,0,0,27411.34,7,0.2509,0.0,0,0,
CUST-100408,43,Female,Spain,673,4,49,2022-05-30,106007.64,1,1,0,56718.88,9,0.1564,-0.0208,0,0,
CUST-100409,37,Female,France,595,6,75,2020-03-30,0.0,2,1,0,54961.12,13,0.4504,0.0,0,0,
CUST-100410,43,Male,Spain,597,3,38,2023-04-30,15635.07,1,1,0,51996.89,14,0.3122,0.0934,0,0,
CUST-100411,32,Male,Germany,622,6,75,2020-01-29,64640.04,1,0,0,80900.19,5,0.4786,-0.4238,0,1,2026-04-30
CUST-100412,42,Male,Germany,660,0,4,2026-02-28,95617.69,1,1,0,28074.16,15,0.2803,-0.1447,0,0,
CUST-100413,41,Male,France,799,4,48,2022-06-30,0.0,2,1,1,72973.67,18,0.1325,0.0,0,0,
CUST-100414,50,Male,Spain,708,4,50,2022-04-30,0.0,2,0,1,55056.02,26,0.1408,0.0,1,0,
CUST-100415,58,Male,France,748,1,23,2024-07-29,0.0,1,1,0,68714.52,7,0.1343,0.0,0,0,
CUST-100416,51,Female,France,608,6,73,2020-05-30,0.0,2,1,1,116078.4,30,0.261,0.0,0,0,
CUST-100417,36,Male,France,700,8,100,2018-02-28,0.0,1,0,1,123680.36,21,0.2025,0.0,0,0,
CUST-100418,29,Male,Spain,501,1,21,2024-09-28,0.0,1,1,0,169825.73,10,0.4256,0.0,1,0,
CUST-100419,31,Male,France,667,2,25,2022-07-30,165608.76,1,1,1,24837.71,13,0.6429,-0.5337,2,1,2024-08-29
CUST-100420,58,Female,Spain,661,0,5,2016-07-29,28340.73,1,1,0,86355.33,6,0.1724,-0.1146,0,1,2016-12-29
CUST-100421,39,Male,Germany,825,0,8,2022-01-28,92012.51,3,0,0,108391.76,5,0.3483,-0.3811,0,1,2022-09-29
CUST-100422,41,Male,France,800,9,118,2016-08-29,127035.52,1,0,0,51283.18,18,0.1719,-0.1185,0,0,
CUST-100423,48,Male,France,625,5,68,2020-10-29,0.0,2,0,1,69698.58,31,0.2983,0.0,1,0,
CUST-100424,38,Male,France,572,7,93,2018-09-29,55909.06,2,1,1,147013.93,27,0.3364,0.1431,1,0,
CUST-100425,53,Female,Germany,574,1,23,2022-06-30,218440.32,1,1,0,63101.24,5,0.5143,-0.4649,1,1,2024-05-30
CUST-100426,28,Male,Spain,622,6,76,2020-02-28,0.0,2,0,1,144261.36,17,0.0,0.0,0,0,
CUST-100427,43,Male,France,775,3,37,2023-05-30,0.0,1,0,1,68627.22,23,0.3248,0.0,0,0,
CUST-100428,64,Female,Spain,690,1,21,2024-09-28,0.0,1,1,1,90798.68,29,0.2062,0.0,0,0,
CUST-100429,55,Male,France,700,6,80,2019-10-30,0.0,1,1,1,117472.32,31,0.1068,0.0,0,0,
CUST-100430,56,Female,Spain,728,5,64,2021-02-28,0.0,2,1,0,38745.56,9,0.3449,0.0,0,0,
CUST-100431,27,Male,Spain,555,3,41,2023-01-29,97141.15,1,0,1,89395.98,26,0.2242,-0.0142,0,0,
CUST-100432,40,Female,Spain,582,4,59,2021-07-30,0.0,1,1,1,54211.85,18,0.1222,0.0,0,0,
CUST-100433,37,Male,Germany,700,8,106,2017-08-29,259917.7,1,1,0,137905.94,6,0.2218,-0.2224,0,0,
CUST-100434,31,Male,Spain,575,2,24,2024-06-29,110869.97,2,0,1,59772.9,38,0.145,0.0996,0,0,
CUST-100435,41,Male,France,503,9,111,2017-03-30,0.0,2,1,1,59337.69,29,0.092,0.0,0,0,
CUST-100436,29,Female,France,546,7,92,2018-10-29,62922.32,2,1,1,44778.51,25,0.1457,0.0478,0,0,
CUST-100437,43,Male,France,751,8,97,2018-05-30,1063644.74,2,1,0,69300.93,16,0.307,0.2345,0,0,
CUST-100438,30,Female,Germany,614,2,27,2024-03-30,39693.9,1,0,1,96415.14,19,0.0809,-0.1572,1,0,
CUST-100439,42,Female,Germany,672,3,45,2018-08-29,98338.31,1,1,0,74325.72,5,0.7961,-0.3285,0,1,2022-05-30
CUST-100440,31,Male,Germany,551,1,14,2025-04-29,152482.13,1,0,0,241880.72,15,0.0896,-0.3737,0,0,
CUST-100441,35,Male,Spain,686,8,97,2018-05-30,189057.78,1,0,1,56084.24,14,0.4073,-0.1339,0,0,
CUST-100442,34,Male,France,624,9,108,2017-06-29,0.0,2,1,0,44480.65,11,0.1194,0.0,1,0,
CUST-100443,37,Female,Germany,693,2,24,2017-07-30,270147.21,2,1,1,66928.31,18,0.3737,-0.0459,0,1,2019-07-30
CUST-100444,38,Female,France,604,8,104,2017-10-29,226129.62,1,1,1,86844.62,23,0.1151,0.0109,1,0,
CUST-100445,34,Male,France,698,3,45,2020-05-30,120851.49,3,1,0,35686.4,5,0.53,-0.3447,0,1,2024-02-28
CUST-100446,30,Male,Germany,599,6,82,2019-08-30,40903.41,1,1,1,147942.17,29,0.18,-0.0088,0,0,
CUST-100447,51,Female,Spain,642,6,83,2019-07-30,54317.01,2,0,0,62522.18,12,0.3466,0.0849,0,0,
CUST-100448,38,Male,Germany,624,1,18,2024-12-29,49970.54,1,1,0,182996.61,8,0.5015,-0.0134,0,0,
CUST-100449,41,Male,France,653,4,53,2022-01-28,69868.54,2,1,1,149949.76,27,0.0,0.0888,0,0,
CUST-100450,34,Male,Germany,677,0,4,2026-02-28,255050.31,3,1,1,103567.79,27,0.0,0.1484,0,0,
CUST-100451,74,Male,France,602,0,3,2023-11-29,107109.22,1,1,0,71143.67,3,0.8816,-0.559,1,1,2024-02-28
CUST-100452,39,Female,Spain,639,1,17,2025-01-28,139241.6,1,1,0,41274.55,9,0.172,0.1243,1,0,
CUST-100453,52,Female,Germany,668,6,77,2017-12-29,96050.44,2,1,1,50890.0,6,0.6473,-0.2312,2,1,2024-05-30
CUST-100454,35,Male,France,699,6,82,2019-08-30,0.0,2,0,1,39838.39,23,0.2255,0.0,0,0,
CUST-100455,44,Male,France,643,3,44,2022-10-29,0.0,2,1,0,38911.89,9,0.2953,0.0,0,0,
CUST-100456,36,Female,France,565,1,15,2025-03-30,4129.6,1,1,0,84323.42,13,0.2102,0.0635,0,0,
CUST-100457,50,Male,Spain,658,9,114,2016-12-29,81294.95,2,1,0,86136.73,14,0.2521,-0.1313,0,0,
CUST-100458,33,Male,France,714,4,57,2021-09-29,82938.16,2,0,1,30591.07,24,0.066,-0.1304,1,0,
CUST-100459,29,Male,Spain,522,9,119,2016-07-29,81001.93,1,0,1,55046.9,30,0.0774,0.0183,0,0,
CUST-100460,41,Female,Germany,523,2,35,2023-07-30,48262.53,2,1,1,46116.03,30,0.1608,0.218,0,0,
CUST-100461,51,Female,Germany,586,5,67,2020-11-28,29498.76,2,1,0,160463.87,8,0.404,-0.1847,1,0,
CUST-100462,37,Female,France,632,0,7,2025-11-28,0.0,1,0,1,22728.5,19,0.2897,0.0,0,0,
CUST-100463,33,Male,Spain,439,4,55,2020-06-29,62418.92,1,1,1,206796.2,13,0.172,-0.3065,2,1,2025-01-28
CUST-100464,28,Female,France,705,7,89,2019-01-29,0.0,2,0,1,99075.05,36,0.0512,0.0,0,0,
CUST-100465,51,Male,Germany,632,3,46,2018-06-30,145673.57,1,1,1,17605.42,10,0.7422,-0.4585,1,1,2022-04-30
CUST-100466,31,Female,Germany,424,1,16,2017-04-29,214226.77,1,0,1,50602.76,7,0.591,-0.4311,2,1,2018-08-29
CUST-100467,34,Male,Germany,543,1,21,2024-09-28,162203.98,2,0,0,92037.04,4,0.7491,-0.1829,1,0,
CUST-100468,34,Male,Spain,621,3,43,2022-11-29,0.0,1,1,0,49510.41,12,0.3266,0.0,0,0,
CUST-100469,37,Male,France,480,5,64,2021-02-28,121004.47,1,0,0,61956.97,12,0.4463,0.065,0,0,
CUST-100470,44,Male,Germany,743,0,10,2019-12-29,32921.62,3,1,1,251700.47,13,0.5263,-0.388,1,1,2020-10-29
CUST-100471,66,Male,France,668,1,20,2024-10-29,0.0,2,1,0,57058.76,13,0.343,0.0,1,0,
CUST-100472,41,Female,France,715,0,8,2025-10-29,0.0,1,1,1,39711.88,33,0.2856,0.0,0,0,
CUST-100473,28,Female,France,551,4,57,2021-09-29,0.0,1,1,1,119154.36,11,0.4613,0.0,1,0,
CUST-100474,37,Female,France,689,1,21,2024-09-28,26178.55,1,0,1,33289.94,26,0.1157,-0.1311,0,0,
CUST-100475,41,Male,France,587,4,59,2021-07-30,48324.23,2,1,0,105961.84,12,0.0619,0.0735,0,0,
CUST-100476,53,Male,France,632,0,3,2026-03-30,0.0,1,1,1,99281.21,32,0.1514,0.0,1,0,
CUST-100477,51,Male,France,684,4,58,2021-08-29,45695.91,1,1,1,196564.35,21,0.0,0.1608,0,0,
CUST-100478,37,Male,Germany,643,8,107,2017-07-30,19304.19,2,1,0,90442.93,8,0.2117,-0.1346,1,0,
CUST-100479,39,Male,Germany,728,5,60,2021-06-29,56236.77,2,1,0,63304.41,14,0.1637,-0.0933,0,0,
CUST-100480,40,Female,France,663,1,12,2025-06-29,57420.96,2,1,0,70852.81,16,0.3359,-0.1388,0,0,
CUST-100481,39,Female,France,606,1,18,2024-12-29,0.0,2,1,0,233377.07,10,0.5671,0.0,2,1,2026-06-30
CUST-100482,37,Male,France,731,7,85,2019-05-30,170424.4,2,0,1,74533.58,27,0.0437,-0.1012,1,0,
CUST-100483,59,Female,Germany,751,0,4,2026-02-28,58937.51,1,0,1,64014.02,17,0.554,-0.1427,1,0,
CUST-100484,32,Female,France,658,0,10,2025-08-29,82617.97,1,1,1,69462.79,30,0.0151,0.0341,2,0,
CUST-100485,49,Male,France,778,0,2,2025-11-28,110279.68,1,1,1,93532.86,10,0.5895,-0.6479,1,1,2026-01-28
CUST-100486,46,Female,France,627,4,57,2018-07-30,0.0,1,1,1,58531.36,11,0.4945,0.0,0,1,2023-04-30
CUST-100487,37,Male,France,638,1,21,2024-09-28,0.0,2,1,0,40782.89,7,0.3335,0.0,1,0,
CUST-100488,31,Male,France,650,9,119,2016-07-29,0.0,2,1,1,49770.27,22,0.257,0.0,2,0,
CUST-100489,38,Female,Germany,638,9,117,2016-09-28,275860.6,1,1,1,44252.8,34,0.0725,-0.1567,0,0,
CUST-100490,44,Female,Germany,620,7,86,2019-04-30,78249.33,1,1,1,66171.6,20,0.4548,0.1,0,0,
CUST-100491,22,Male,Germany,581,7,89,2019-01-29,98336.65,2,1,1,51372.67,26,0.0111,0.0886,1,0,
CUST-100492,29,Male,Germany,555,1,13,2025-05-30,143275.55,1,1,1,65235.64,15,0.4301,-0.0991,0,0,
CUST-100493,23,Female,Germany,661,4,54,2021-12-29,55728.37,2,1,0,66243.61,10,0.2576,0.0502,0,0,
CUST-100494,41,Male,France,765,4,55,2021-11-28,43369.65,2,1,0,83221.48,14,0.407,-0.3258,0,0,
CUST-100495,40,Female,Spain,728,2,27,2024-03-30,0.0,2,1,1,42391.87,26,0.1919,0.0,0,0,
CUST-100496,29,Female,Germany,687,3,42,2022-12-29,140169.76,1,1,0,183689.94,7,0.3443,-0.0789,0,0,
CUST-100497,31,Male,France,770,2,33,2023-09-29,82439.17,2,0,1,142826.53,27,0.3956,-0.2035,0,0,
CUST-100498,40,Female,Germany,652,5,61,2021-05-30,52882.54,2,1,1,96873.09,30,0.1044,-0.0421,0,0,
CUST-100499,26,Female,France,555,0,6,2025-12-29,0.0,2,0,0,107937.98,16,0.2311,0.0,3,0,
CUST-100500,45,Female,Germany,616,0,9,2025-09-29,108380.37,1,1,0,38554.59,5,0.0117,-0.0309,0,0,
CUST-100501,35,Male,Germany,644,7,90,2018-12-29,34332.35,2,0,1,52224.57,40,0.2161,-0.133,0,0,
CUST-100502,37,Male,Spain,601,9,111,2017-03-30,0.0,2,1,0,55505.78,13,0.1657,0.0,1,0,
CUST-100503,38,Male,Spain,709,5,67,2020-11-28,0.0,1,1,0,32954.2,7,0.2204,0.0,0,0,
CUST-100504,28,Female,Germany,740,2,30,2023-12-29,26488.57,1,1,0,58483.67,12,0.0,0.0544,0,0,
CUST-100505,38,Female,Germany,484,3,45,2022-09-29,137286.43,1,1,1,251208.9,23,0.318,-0.3783,0,0,
CUST-100506,44,Female,Spain,636,7,85,2019-05-30,0.0,2,0,1,76352.8,31,0.3351,0.0,1,0,
CUST-100507,32,Female,France,371,5,66,2017-12-29,176925.84,1,1,0,167129.98,3,0.4988,-0.1785,1,1,2023-06-30
CUST-100508,31,Male,Spain,641,4,58,2021-08-29,23467.07,1,1,1,161050.46,24,0.2054,0.0223,1,1,2026-06-30
CUST-100509,64,Male,France,640,0,4,2019-12-29,67913.17,1,1,0,42851.11,10,0.1321,0.0612,1,1,2020-04-29
CUST-100510,30,Female,France,821,8,104,2017-10-29,0.0,1,1,1,73451.09,18,0.0,0.0,1,0,
CUST-100511,34,Female,France,792,4,57,2021-09-29,72415.8,2,0,0,57882.0,12,0.28,-0.1522,2,0,
CUST-100512,55,Female,Spain,740,7,87,2019-03-30,32769.97,1,1,1,120203.12,20,0.2739,-0.1626,0,0,
CUST-100513,26,Male,France,558,0,3,2026-03-30,349920.69,2,1,0,93253.79,4,0.1059,-0.064,0,0,
CUST-100514,36,Male,France,552,10,120,2016-06-29,124758.74,1,1,1,179978.22,20,0.1282,-0.0009,0,0,
CUST-100515,43,Female,France,545,5,65,2021-01-28,0.0,1,1,1,80649.62,26,0.1849,0.0,0,0,
CUST-100516,37,Male,France,797,8,102,2017-12-29,0.0,2,1,1,113431.34,26,0.0,0.0,0,0,
CUST-100517,25,Male,France,563,4,56,2021-10-29,270062.31,2,1,0,50538.76,9,0.2068,-0.0657,0,0,
CUST-100518,29,Female,Germany,613,2,33,2023-09-29,81210.79,1,1,1,32155.0,21,0.3159,-0.5299,0,0,
CUST-100519,24,Female,France,564,6,76,2020-02-28,0.0,1,1,1,104142.16,27,0.1691,0.0,0,0,
CUST-100520,36,Female,Spain,529,0,1,2026-05-30,0.0,1,1,0,78121.95,22,0.145,0.0,0,0,
CUST-100521,42,Female,Spain,682,1,21,2024-09-28,29705.8,1,0,1,97628.67,20,0.1879,0.1318,0,0,
CUST-100522,31,Female,France,665,4,53,2022-01-28,0.0,1,1,1,156831.73,30,0.1054,0.0,0,0,
CUST-100523,34,Male,France,436,1,21,2024-09-28,0.0,2,1,0,86639.92,15,0.2237,0.0,0,0,
CUST-100524,34,Male,Germany,525,1,18,2023-01-29,127801.89,1,1,1,113625.68,17,0.541,-0.3371,1,1,2024-07-29
CUST-100525,52,Female,France,674,0,2,2021-10-29,404421.86,1,1,0,126292.05,5,0.4608,0.0026,0,1,2021-12-29
CUST-100526,40,Male,France,643,0,8,2025-10-29,101072.81,2,1,1,66391.1,21,0.0,-0.1373,0,0,
CUST-100527,38,Female,Spain,612,9,114,2016-12-29,0.0,2,0,0,51769.2,21,0.2529,0.0,0,0,
CUST-100528,50,Female,Spain,708,6,75,2020-03-30,135218.87,1,1,1,213750.38,29,0.1024,-0.1589,0,0,
CUST-100529,27,Male,Spain,511,0,6,2025-12-29,0.0,2,1,1,89029.44,32,0.0,0.0,0,0,
CUST-100530,40,Male,France,593,9,119,2016-07-29,0.0,2,1,0,84318.3,7,0.2988,0.0,0,0,
CUST-100531,33,Female,Germany,700,4,51,2022-03-30,102705.09,2,0,0,41925.97,7,0.4705,0.1052,1,0,
CUST-100532,55,Male,Germany,588,3,44,2022-10-29,161555.93,1,1,1,82485.05,11,0.4679,-0.1973,0,1,2026-06-30
CUST-100533,50,Male,France,680,7,95,2018-07-30,58547.18,2,0,1,85966.22,20,0.0008,0.0804,0,0,
CUST-100534,33,Female,Germany,540,1,19,2024-11-28,39570.0,2,1,0,43020.38,9,0.3185,-0.0357,0,0,
CUST-100535,35,Male,France,571,3,40,2016-10-29,187799.45,4,1,0,108091.38,7,0.5316,-0.3498,0,1,2020-02-28
CUST-100536,30,Male,France,479,4,58,2021-08-29,14911.35,2,0,1,62559.9,22,0.1036,-0.0552,1,0,
CUST-100537,47,Female,Germany,453,3,37,2018-10-29,30526.98,1,1,0,21351.09,6,0.7848,-0.4237,2,1,2021-11-28
CUST-100538,44,Female,France,604,4,53,2020-04-29,88643.78,3,1,1,53978.26,10,0.719,-0.4473,1,1,2024-09-28
CUST-100539,35,Male,France,693,9,115,2016-11-28,179039.04,1,1,0,122646.33,10,0.282,0.0492,0,0,
CUST-100540,35,Female,Spain,639,9,113,2017-01-28,103440.79,1,0,0,43940.47,10,0.3016,-0.1235,1,0,
CUST-100541,33,Female,Spain,761,3,44,2017-10-29,55633.24,1,1,0,272265.72,5,0.4803,-0.3393,0,1,2021-06-29
CUST-100542,53,Male,Germany,612,1,12,2025-06-29,167868.7,2,0,0,93637.24,8,0.2554,-0.1903,0,0,
CUST-100543,36,Male,Spain,446,9,119,2016-07-29,46944.94,2,1,1,246331.94,18,0.0,0.1452,0,0,
CUST-100544,34,Female,Spain,683,0,10,2025-08-29,0.0,3,0,1,39269.2,17,0.0616,0.0,0,0,
CUST-100545,46,Male,France,546,2,27,2024-03-30,61292.75,2,0,0,37007.93,15,0.2689,-0.028,0,0,
CUST-100546,23,Female,France,662,1,17,2018-03-30,33902.16,1,0,0,63123.24,10,0.1662,-0.0805,1,1,2019-08-30
CUST-100547,35,Female,France,431,7,89,2019-01-29,0.0,2,1,1,35841.25,31,0.1589,0.0,0,0,
CUST-100548,48,Male,France,624,7,85,2017-09-29,0.0,1,0,0,56020.26,5,0.5741,0.0,1,1,2024-10-29
CUST-100549,57,Female,Spain,717,3,37,2016-07-29,63881.19,1,1,1,172437.67,18,0.6394,-0.4413,0,1,2019-08-30
CUST-100550,32,Male,France,706,6,80,2019-10-30,194864.44,2,0,0,60783.6,8,0.2589,-0.1166,0,0,
CUST-100551,43,Female,France,626,1,23,2022-06-30,0.0,3,1,0,30003.32,7,0.0715,0.0,0,1,2024-05-30
CUST-100552,32,Male,France,645,8,97,2018-05-30,0.0,2,1,1,84986.66,30,0.1808,0.0,1,0,
CUST-100553,66,Female,France,602,1,16,2025-02-28,0.0,1,1,1,149031.19,17,0.2254,0.0,0,0,
CUST-100554,39,Male,Spain,621,0,4,2026-02-28,76332.62,2,1,1,25732.64,31,0.1632,0.103,2,0,
CUST-100555,44,Female,France,710,4,54,2017-01-28,127411.52,2,0,0,34254.94,13,0.2151,-0.1865,0,1,2021-07-30
CUST-100556,23,Female,France,578,9,111,2017-03-30,32612.65,1,1,0,74246.79,6,0.2598,0.0664,0,0,
CUST-100557,33,Male,France,587,2,30,2023-12-29,40952.12,1,0,0,37267.87,10,0.2563,-0.0483,0,0,
CUST-100558,46,Male,France,498,6,80,2019-10-30,0.0,1,1,0,65664.8,8,0.0712,0.0,0,0,
CUST-100559,27,Female,Germany,712,0,10,2025-08-29,43664.32,1,1,1,159014.29,28,0.1157,-0.1837,0,0,
CUST-100560,39,Female,France,619,9,111,2017-03-30,0.0,2,1,0,58499.85,10,0.4819,0.0,3,0,
CUST-100561,58,Male,France,529,4,58,2021-08-29,0.0,1,1,1,92613.14,29,0.0513,0.0,1,0,
CUST-100562,47,Male,France,729,4,58,2021-08-29,0.0,2,0,0,96331.88,4,0.4441,0.0,0,0,
CUST-100563,43,Female,Spain,640,4,48,2022-06-30,0.0,2,1,0,46542.16,5,0.3413,0.0,0,0,
CUST-100564,34,Male,Germany,574,8,101,2018-01-28,91367.99,1,1,0,40300.99,13,0.4422,-0.0993,0,0,
CUST-100565,28,Female,Germany,730,8,104,2017-10-29,101979.02,2,0,0,124443.31,11,0.2081,0.1227,0,0,
CUST-100566,37,Male,Germany,612,9,110,2017-04-29,94805.47,2,1,1,73969.12,19,0.2976,0.1487,0,0,
CUST-100567,45,Male,Spain,494,8,104,2017-10-29,211652.67,2,0,0,80768.88,10,0.3465,-0.0948,0,0,
CUST-100568,30,Female,France,737,1,18,2024-12-29,14956.76,2,0,1,70606.64,23,0.2422,0.1037,1,0,
CUST-100569,47,Male,France,564,9,111,2017-03-30,0.0,1,1,1,67103.92,30,0.1443,0.0,0,0,
CUST-100570,39,Female,Germany,850,0,1,2026-05-30,99678.95,2,1,0,80098.77,13,0.0556,-0.0495,0,0,
CUST-100571,31,Female,France,602,3,43,2017-12-29,224943.36,1,0,0,38944.75,8,0.7685,-0.3647,0,1,2021-07-30
CUST-100572,26,Male,Spain,451,3,41,2023-01-29,54223.17,3,1,0,89200.17,16,0.0605,-0.0435,0,0,
CUST-100573,27,Male,France,813,7,85,2019-05-30,16125.53,2,1,0,41500.86,12,0.2476,-0.0404,0,0,
CUST-100574,36,Male,Spain,639,2,33,2023-09-29,0.0,2,1,1,258770.62,31,0.1142,0.0,0,0,
CUST-100575,51,Female,Spain,669,5,63,2021-03-30,90774.26,1,1,1,100839.32,18,0.0,-0.101,0,0,
CUST-100576,31,Female,Germany,681,0,4,2026-02-28,29954.99,1,0,0,84089.94,10,0.2208,-0.0908,0,0,
CUST-100577,53,Female,Spain,514,1,15,2021-08-29,0.0,1,0,0,40071.72,3,0.7165,0.0,4,1,2022-11-29
CUST-100578,25,Male,Germany,437,9,117,2016-09-28,30851.17,1,0,1,132149.91,29,0.097,0.1796,0,0,
CUST-100579,38,Male,Spain,832,9,117,2016-09-28,64279.84,1,0,1,55473.94,36,0.1,-0.1966,0,0,
CUST-100580,37,Male,France,495,7,87,2019-03-30,409240.85,1,0,0,100420.8,11,0.1688,-0.1888,0,0,
CUST-100581,42,Female,France,802,3,37,2023-05-30,0.0,2,1,1,49851.65,34,0.1003,0.0,0,0,
CUST-100582,39,Male,Germany,695,1,20,2024-07-29,84593.16,2,1,0,25117.07,3,0.7879,-0.4112,2,1,2026-03-30
CUST-100583,34,Male,France,662,1,23,2024-07-29,68708.37,2,1,1,168077.3,27,0.185,0.0631,0,0,
CUST-100584,34,Male,France,600,6,83,2016-08-29,41975.61,2,0,0,99008.1,11,0.6027,-0.1974,0,1,2023-07-30
CUST-100585,48,Male,Spain,850,1,14,2025-04-29,133973.35,2,1,1,58042.68,28,0.2564,0.0052,1,0,
CUST-100586,39,Female,Germany,578,2,27,2024-03-30,64327.87,2,0,1,212321.18,32,0.1397,-0.2314,0,0,
CUST-100587,23,Female,France,581,3,38,2023-04-30,0.0,2,0,1,71268.72,27,0.0556,0.0,0,0,
CUST-100588,34,Female,France,709,2,34,2018-02-28,93959.03,2,1,0,140026.63,12,0.5067,-0.3075,0,1,2020-12-29
CUST-100589,35,Male,France,580,1,19,2024-11-28,0.0,1,1,0,29319.72,15,0.0,0.0,0,0,
CUST-100590,35,Female,France,548,3,36,2023-06-30,0.0,2,1,1,60111.37,26,0.0,0.0,1,0,
CUST-100591,46,Male,Spain,639,9,109,2017-05-30,54153.8,2,1,0,61321.65,11,0.413,0.0506,1,0,
CUST-100592,32,Female,France,711,4,55,2021-11-28,0.0,1,1,1,41840.51,27,0.2521,0.0,0,0,
CUST-100593,40,Female,France,825,0,9,2025-09-29,24949.93,1,1,0,44260.93,16,0.1801,0.0067,0,0,
CUST-100594,59,Male,Germany,845,4,52,2022-02-28,69918.32,2,0,0,78128.7,8,0.2043,-0.0304,0,0,
CUST-100595,51,Female,France,473,0,10,2025-08-29,71169.45,3,1,1,65414.6,27,0.0,0.0763,1,0,
CUST-100596,32,Male,France,745,4,56,2021-10-29,104637.81,2,0,0,64636.87,13,0.0805,-0.149,0,0,
CUST-100597,39,Male,Germany,550,1,21,2021-08-29,116186.07,1,0,1,54368.16,15,0.538,-0.3879,2,1,2023-05-30
CUST-100598,22,Male,Germany,555,5,65,2021-01-28,54988.63,1,0,0,126203.96,15,0.0943,-0.0137,1,0,
CUST-100599,44,Male,Spain,593,2,32,2023-10-30,169831.83,1,1,1,36304.89,28,0.0451,0.1814,0,0,
CUST-100600,28,Female,Germany,587,0,4,2026-02-28,51460.63,2,1,0,74162.92,2,0.4367,-0.2604,1,0,
CUST-100601,37,Female,France,542,2,35,2022-10-29,134113.87,1,1,0,56186.21,13,0.2943,-0.1632,0,1,2025-09-29
CUST-100602,36,Female,Spain,422,9,116,2016-10-29,0.0,1,0,0,53777.23,13,0.4722,0.0,0,0,
CUST-100603,50,Female,Spain,784,2,31,2023-11-29,45557.12,2,1,1,21724.78,18,0.0928,-0.1111,1,0,
CUST-100604,40,Female,Germany,731,5,68,2020-10-29,25029.27,2,0,0,70417.99,10,0.25,0.0133,0,0,
CUST-100605,36,Male,Spain,643,9,110,2017-04-29,104333.5,2,1,1,51367.95,27,0.0672,0.0749,0,0,
CUST-100606,45,Male,Spain,552,4,59,2021-07-30,107836.94,1,1,1,83840.04,29,0.2151,0.1147,0,0,
CUST-100607,53,Male,Spain,764,1,22,2024-08-29,0.0,1,1,1,390290.26,31,0.0567,0.0,0,0,
CUST-100608,22,Female,France,639,2,25,2024-05-30,103927.75,1,1,1,79166.63,19,0.2241,-0.0088,0,0,
CUST-100609,32,Female,Germany,590,2,34,2023-08-30,32508.22,2,1,0,92989.42,12,0.2103,0.0736,0,0,
CUST-100610,59,Female,France,487,1,21,2023-09-29,0.0,1,1,1,46794.15,17,0.7888,0.0,1,1,2025-06-29
CUST-100611,69,Male,Germany,697,0,6,2018-12-29,171872.59,2,1,0,79228.51,9,0.1623,-0.1846,0,1,2019-06-30
CUST-100612,31,Male,Germany,613,4,57,2016-10-29,39572.29,1,1,0,67678.49,6,0.5226,-0.2897,2,1,2021-07-30
CUST-100613,48,Female,Spain,670,9,116,2016-10-29,32220.36,1,1,1,45702.52,19,0.2331,-0.0473,2,0,
CUST-100614,31,Male,Spain,661,0,9,2025-09-29,56677.75,1,0,1,43636.19,27,0.1626,-0.0946,0,0,
CUST-100615,29,Female,France,706,8,107,2017-07-30,0.0,2,1,1,93458.16,32,0.1279,0.0,1,0,
CUST-100616,36,Male,Germany,666,7,93,2018-09-29,92382.38,2,1,0,49724.8,17,0.1695,0.1115,0,0,
CUST-100617,50,Male,Germany,616,1,15,2025-03-30,35987.83,2,0,0,42871.07,7,0.2657,0.042,2,0,
CUST-100618,35,Female,France,698,9,118,2016-08-29,59832.41,1,1,1,148680.58,12,0.2266,0.0189,0,0,
CUST-100619,49,Female,France,736,2,35,2023-07-30,109536.23,1,1,0,166961.67,11,0.1422,-0.0179,0,0,
CUST-100620,51,Female,France,794,3,45,2020-08-29,0.0,1,1,1,43186.51,23,0.0604,0.0,0,1,2024-05-30
CUST-100621,33,Male,Spain,538,0,2,2026-04-30,91343.54,2,0,1,128786.47,25,0.2839,-0.1331,1,0,
CUST-100622,33,Male,France,752,6,75,2020-03-30,186123.98,1,0,1,29222.11,27,0.1538,-0.0213,0,0,
CUST-100623,35,Female,Spain,493,3,41,2023-01-29,0.0,1,1,0,42650.11,13,0.2001,0.0,0,0,
CUST-100624,38,Female,France,743,5,67,2020-11-28,0.0,2,0,0,36902.72,9,0.3847,0.0,1,0,
CUST-100625,37,Male,Spain,588,6,77,2020-01-29,0.0,2,1,1,54637.3,35,0.1965,0.0,0,0,
CUST-100626,39,Female,France,726,4,55,2021-11-28,76697.92,1,1,1,71927.99,28,0.0528,0.1778,0,0,
CUST-100627,34,Male,Spain,788,6,76,2020-02-28,28786.53,1,1,1,36060.25,20,0.2201,0.0301,1,0,
CUST-100628,28,Male,France,667,4,48,2022-06-30,0.0,1,0,0,56606.42,17,0.295,0.0,0,0,
CUST-100629,64,Female,Germany,645,0,1,2022-07-30,411718.4,2,1,1,42743.78,9,0.6595,-0.337,1,1,2022-08-29
CUST-100630,32,Female,Spain,641,3,41,2023-01-29,0.0,2,1,0,81800.04,13,0.1795,0.0,0,0,
CUST-100631,25,Male,Spain,605,9,115,2016-11-28,40878.0,1,1,0,76753.31,12,0.2116,0.1682,0,0,
CUST-100632,46,Male,Spain,758,0,1,2026-05-30,299621.12,1,1,0,154413.79,9,0.1769,-0.0977,0,0,
CUST-100633,29,Female,France,640,1,19,2024-11-28,145665.57,1,1,1,27487.45,28,0.1902,-0.1124,0,0,
CUST-100634,44,Female,France,441,1,14,2025-04-29,0.0,1,1,0,134059.89,12,0.2973,0.0,0,0,
CUST-100635,32,Female,France,735,6,79,2019-11-29,0.0,2,1,1,134383.94,24,0.1536,0.0,0,0,
CUST-100636,68,Male,France,730,7,95,2018-07-30,0.0,1,1,1,53456.72,27,0.382,0.0,0,0,
CUST-100637,56,Female,Germany,654,0,5,2022-06-30,89945.15,2,0,1,58676.3,13,0.5761,-0.2339,0,1,2022-11-29
CUST-100638,36,Female,Germany,574,6,82,2018-07-30,115260.08,1,1,1,86112.84,16,0.331,-0.2007,3,1,2025-05-30
CUST-100639,43,Female,Spain,539,1,20,2024-10-29,161703.35,2,1,1,125049.8,15,0.3323,-0.1668,1,0,
CUST-100640,41,Male,Spain,575,2,27,2024-03-30,125234.3,2,1,0,23237.2,18,0.0958,-0.0139,0,0,
CUST-100641,32,Female,Germany,669,8,96,2018-06-30,458728.54,2,1,0,55743.97,9,0.1479,0.1412,1,0,
CUST-100642,45,Female,Spain,473,6,81,2019-09-29,0.0,2,0,0,91321.97,11,0.4875,0.0,0,0,
CUST-100643,39,Female,France,691,2,35,2023-07-30,309087.69,2,1,0,74651.45,16,0.1219,0.0124,0,0,
CUST-100644,40,Female,France,657,8,97,2018-05-30,51827.62,2,1,0,72880.97,7,0.4899,-0.1548,0,0,
CUST-100645,44,Female,Germany,774,5,62,2017-02-28,114010.13,2,0,1,29339.81,26,0.1715,0.0092,1,1,2022-04-30
CUST-100646,37,Male,Spain,717,3,36,2023-06-30,338634.55,2,0,0,54652.12,10,0.0,-0.2125,0,0,
CUST-100647,31,Male,France,581,2,29,2024-01-29,0.0,1,1,1,57998.78,38,0.3554,0.0,1,0,
CUST-100648,43,Female,Germany,488,8,102,2017-12-29,64464.89,2,1,0,44071.54,6,0.2474,0.0773,0,0,
CUST-100649,46,Male,Germany,571,0,6,2025-12-29,184044.67,2,1,1,132420.61,33,0.1564,-0.1286,0,0,
CUST-100650,47,Male,France,783,2,25,2024-05-30,127987.04,2,0,0,58561.54,10,0.215,0.1189,0,0,
CUST-100651,47,Female,France,678,6,76,2020-02-28,0.0,2,1,0,44915.32,7,0.5563,0.0,0,0,
CUST-100652,42,Male,Spain,707,2,30,2021-04-29,109490.37,3,0,0,211426.63,7,0.6056,-0.288,3,1,2023-10-30
CUST-100653,26,Female,Germany,590,0,6,2025-12-29,20496.76,1,1,1,92051.91,51,0.0222,0.0945,1,0,
CUST-100654,69,Male,France,697,1,22,2024-08-29,67319.37,2,1,0,78612.06,7,0.1818,0.0598,0,0,
CUST-100655,46,Male,Spain,504,8,107,2017-07-30,44603.65,2,1,1,66949.82,26,0.0976,-0.0483,0,0,
CUST-100656,34,Male,France,740,0,10,2025-08-29,317512.61,1,0,1,49674.56,21,0.1768,0.019,0,0,
CUST-100657,48,Female,Spain,539,3,42,2022-12-29,0.0,1,1,1,45379.91,19,0.0911,0.0,1,0,
CUST-100658,29,Female,France,460,0,3,2026-03-30,94158.12,1,1,1,37757.64,28,0.1886,-0.0854,0,0,
CUST-100659,45,Male,Germany,850,2,31,2023-11-29,212417.62,2,1,0,59872.23,7,0.1092,0.089,0,0,
CUST-100660,35,Male,France,663,1,15,2024-01-29,0.0,3,0,1,31276.11,8,0.5464,0.0,0,1,2025-04-29
CUST-100661,29,Male,France,660,7,95,2018-07-30,108937.64,2,1,0,118114.47,7,0.0808,0.0342,1,0,
CUST-100662,29,Female,Spain,470,5,60,2021-06-29,0.0,1,1,0,49697.66,20,0.386,0.0,0,0,
CUST-100663,43,Female,France,710,5,69,2020-09-28,56734.22,2,1,0,115314.8,11,0.2402,0.1543,0,0,
CUST-100664,44,Female,France,735,1,14,2018-07-30,0.0,1,1,0,45465.04,2,0.6807,0.0,1,1,2019-09-29
CUST-100665,30,Male,France,631,0,5,2026-01-28,0.0,3,1,1,89035.32,20,0.1146,0.0,0,0,
CUST-100666,35,Female,Germany,735,1,17,2025-01-28,46059.11,2,0,1,33233.9,31,0.3575,-0.0195,0,0,
CUST-100667,41,Male,Spain,762,2,32,2023-10-30,0.0,2,1,1,50649.55,26,0.2035,0.0,0,0,
CUST-100668,33,Male,Spain,700,7,90,2018-12-29,0.0,1,1,1,54035.6,31,0.1053,0.0,0,0,
CUST-100669,65,Male,France,442,2,33,2023-09-29,34072.1,2,0,1,82583.12,17,0.2653,-0.2034,3,0,
CUST-100670,43,Male,France,539,1,14,2025-04-29,0.0,2,1,0,36048.67,12,0.4105,0.0,0,0,
CUST-100671,37,Male,France,812,1,16,2017-01-28,68233.75,3,1,1,159828.06,16,0.6796,-0.4474,1,1,2018-05-30
CUST-100672,51,Female,Germany,658,2,24,2023-05-30,23260.97,1,1,0,71053.67,3,0.8161,-0.2834,0,1,2025-05-30
CUST-100673,44,Male,Spain,658,1,17,2025-01-28,0.0,1,1,0,69428.77,10,0.2131,0.0,0,0,
CUST-100674,41,Female,Germany,570,5,71,2020-07-29,333813.93,1,1,0,32336.35,7,0.6061,-0.2974,0,0,
CUST-100675,43,Female,Germany,589,3,45,2018-10-29,117008.67,1,0,0,85107.9,6,0.2815,-0.1365,0,1,2022-07-30
CUST-100676,47,Female,France,764,3,40,2023-02-28,436497.47,2,1,1,131454.21,26,0.0446,0.1096,0,0,
CUST-100677,32,Male,Spain,794,4,51,2021-06-29,88342.8,1,1,0,43079.11,2,0.892,-0.3717,4,1,2025-09-29
CUST-100678,25,Female,France,727,3,43,2022-11-29,0.0,2,1,1,51605.98,19,0.1254,0.0,0,0,
CUST-100679,52,Male,France,703,6,76,2016-08-29,110340.39,2,0,1,62268.72,4,0.7312,-0.3639,1,1,2022-12-29
CUST-100680,39,Male,France,710,8,100,2017-01-28,0.0,1,1,0,60271.87,5,0.5526,0.0,0,1,2025-05-30
CUST-100681,34,Male,France,643,4,55,2021-11-28,309685.97,2,1,0,42547.11,11,0.2802,-0.1707,0,0,
CUST-100682,31,Female,France,534,4,53,2022-01-28,161405.4,2,0,1,89505.15,27,0.0605,-0.0258,1,0,
CUST-100683,30,Female,France,514,3,47,2022-07-30,123884.73,2,1,0,137109.0,2,0.1466,-0.0499,3,0,
CUST-100684,40,Female,France,776,5,63,2021-03-30,0.0,2,0,0,69143.53,12,0.3347,0.0,0,0,
CUST-100685,38,Female,Germany,647,5,60,2019-01-29,30085.08,2,0,1,43764.93,13,0.7236,-0.5361,1,1,2024-01-29
CUST-100686,51,Male,France,696,3,41,2019-03-30,61546.25,1,1,0,38895.09,8,0.4548,-0.0899,0,1,2022-08-29
CUST-100687,44,Female,France,670,2,34,2021-09-29,0.0,2,0,1,272587.07,8,0.7252,0.0,2,1,2024-07-29
CUST-100688,46,Female,Spain,675,2,31,2023-11-29,367344.31,2,0,0,56469.18,10,0.2696,-0.0298,1,0,
CUST-100689,50,Male,Spain,683,4,53,2022-01-28,24289.37,1,1,1,94859.94,30,0.1613,-0.1257,0,0,
CUST-100690,40,Female,Germany,717,3,42,2016-06-29,259036.52,1,0,0,28796.68,4,0.5374,-0.2419,0,1,2019-12-29
CUST-100691,58,Female,France,576,2,26,2024-04-29,0.0,1,1,0,47467.64,9,0.373,0.0,1,0,
CUST-100692,32,Male,Spain,764,0,5,2026-01-28,238937.16,2,0,1,130132.44,24,0.244,-0.1738,0,0,
CUST-100693,50,Male,France,579,2,25,2024-05-30,0.0,1,1,0,44307.78,6,0.6137,0.0,1,0,
CUST-100694,25,Male,France,673,0,2,2026-04-30,169748.77,1,0,1,45667.14,15,0.0,-0.0874,0,0,
CUST-100695,25,Female,Spain,536,8,99,2018-03-30,0.0,2,0,1,87619.97,14,0.0322,0.0,0,0,
CUST-100696,29,Male,Germany,634,2,29,2024-01-29,28667.63,2,0,0,50049.89,5,0.1991,-0.0336,0,0,
CUST-100697,37,Male,Germany,587,1,17,2017-02-28,650908.62,2,1,1,97008.48,8,0.5421,-0.2728,0,1,2018-07-30
CUST-100698,24,Female,Germany,652,7,89,2019-01-29,61201.51,2,1,0,49980.98,4,0.2223,0.0208,0,0,
CUST-100699,37,Female,Germany,721,4,48,2022-06-30,35409.46,1,0,1,67998.79,24,0.2444,-0.2252,1,0,
CUST-100700,34,Female,France,657,6,82,2019-08-30,66302.58,2,0,0,102816.23,8,0.0,0.0445,0,0,
CUST-100701,67,Female,France,838,4,57,2021-09-29,392163.05,2,0,0,55863.46,11,0.292,-0.0909,2,0,
CUST-100702,27,Male,France,726,2,24,2024-06-29,0.0,1,1,0,36050.08,11,0.1235,0.0,0,0,
CUST-100703,39,Male,France,628,0,8,2025-10-29,51825.08,1,0,0,56571.72,4,0.495,-0.2539,0,0,
CUST-100704,44,Female,Spain,642,5,60,2021-06-29,0.0,2,1,1,41635.79,14,0.3755,0.0,0,0,
CUST-100705,25,Male,France,686,1,19,2024-11-28,0.0,2,0,1,54795.49,26,0.2878,0.0,0,0,
CUST-100706,57,Female,Germany,718,3,39,2023-03-30,152134.71,2,1,1,72207.26,27,0.0,0.1742,0,0,
CUST-100707,46,Female,Spain,532,3,47,2019-10-30,0.0,2,0,0,72172.23,3,0.403,0.0,1,1,2023-09-29
CUST-100708,52,Female,Spain,711,3,47,2022-07-30,41605.38,2,1,0,118328.84,10,0.4619,-0.0355,1,0,
CUST-100709,41,Female,France,534,8,100,2018-02-28,0.0,1,1,1,46768.35,31,0.2685,0.0,0,0,
CUST-100710,31,Female,France,702,5,65,2021-01-28,0.0,2,0,1,71160.09,32,0.1308,0.0,0,0,
CUST-100711,26,Female,Spain,756,9,110,2017-04-29,0.0,1,1,1,152704.65,20,0.0,0.0,0,0,
CUST-100712,47,Male,Germany,679,2,27,2019-11-29,82542.5,1,1,0,86037.01,2,0.6866,-0.2887,0,1,2022-02-28
CUST-100713,34,Male,Spain,427,7,85,2019-05-30,116583.82,2,0,1,120981.36,18,0.0,-0.0604,1,0,
CUST-100714,24,Male,Spain,479,0,6,2022-07-30,0.0,1,1,0,69772.71,3,0.6421,0.0,0,1,2023-01-29
CUST-100715,35,Female,Spain,704,4,53,2022-01-28,0.0,1,1,1,111995.29,18,0.2272,0.0,0,0,
CUST-100716,38,Male,France,414,3,44,2018-06-30,0.0,1,0,0,65049.26,7,0.4583,0.0,0,1,2022-02-28
CUST-100717,55,Male,Germany,709,0,8,2023-05-30,28514.06,3,0,0,33150.29,11,0.4557,-0.1344,0,1,2024-01-29
CUST-100718,35,Female,France,745,0,9,2025-09-29,168298.81,2,1,1,102672.93,39,0.0077,0.1768,0,0,
CUST-100719,38,Male,Germany,759,0,6,2021-09-29,35364.05,3,1,0,88152.12,7,0.4519,-0.4915,1,1,2022-03-30
CUST-100720,38,Female,Spain,627,7,87,2019-03-30,0.0,1,1,0,73545.88,7,0.3018,0.0,1,0,
CUST-100721,49,Male,Germany,692,2,32,2021-01-28,186227.42,1,0,0,42749.36,10,0.1092,-0.1061,0,1,2023-09-29
CUST-100722,31,Male,France,670,4,50,2020-08-29,0.0,1,1,0,169342.37,1,0.4241,0.0,0,1,2024-10-29
CUST-100723,42,Male,France,509,0,10,2025-08-29,0.0,2,1,0,111432.17,14,0.3072,0.0,1,0,
CUST-100724,33,Male,Spain,722,1,23,2019-05-30,0.0,3,0,0,50784.74,6,0.1817,0.0,1,1,2021-04-29
CUST-100725,54,Female,France,783,3,47,2019-11-29,28291.9,1,0,0,157359.57,5,0.5534,-0.053,0,1,2023-10-30
CUST-100726,58,Female,France,716,1,17,2017-08-29,277190.68,2,0,0,152778.52,8,0.2826,-0.1629,0,1,2019-01-29
CUST-100727,39,Female,France,602,7,89,2019-01-29,0.0,1,1,0,64402.97,5,0.3423,0.0,2,0,
CUST-100728,41,Female,France,721,6,78,2019-12-29,129723.23,2,1,1,44952.5,24,0.2523,-0.1304,0,0,
CUST-100729,36,Female,France,775,8,106,2017-08-29,70459.54,2,1,1,93294.63,27,0.0,-0.1996,0,0,
CUST-100730,25,Female,Germany,762,3,37,2023-05-30,96749.3,2,1,0,64658.32,9,0.1265,0.0292,0,0,
CUST-100731,38,Male,France,749,2,24,2024-06-29,261494.63,2,1,1,316491.84,17,0.3911,-0.3969,2,0,
CUST-100732,37,Male,France,497,2,31,2023-11-29,0.0,1,1,0,40815.07,6,0.1842,0.0,0,0,
CUST-100733,34,Female,France,688,2,28,2024-02-28,0.0,1,0,0,170246.96,12,0.0,0.0,0,0,
CUST-100734,35,Female,France,712,3,39,2023-03-30,75159.08,1,0,0,57544.94,7,0.2279,-0.06,2,0,
CUST-100735,42,Male,France,750,8,100,2018-02-28,15672.08,2,0,1,63307.82,34,0.0383,0.0674,0,0,
CUST-100736,41,Male,Germany,699,1,15,2025-03-30,157169.0,2,0,1,45317.27,35,0.0,-0.0579,1,0,
CUST-100737,36,Male,France,799,5,62,2021-04-29,105098.46,1,1,0,76852.66,19,0.1365,-0.0863,0,0,
CUST-100738,56,Male,France,475,8,101,2018-01-28,0.0,2,1,0,44537.94,14,0.3563,0.0,1,0,
CUST-100739,24,Female,France,704,6,74,2020-04-29,61825.83,1,1,0,63371.53,7,0.07,0.0274,1,0,
CUST-100740,32,Male,France,696,1,19,2024-11-28,28309.17,1,1,0,35951.94,16,0.2506,-0.1546,0,0,
CUST-100741,47,Female,France,737,9,119,2016-07-29,0.0,1,1,1,23998.22,22,0.0921,0.0,0,0,
CUST-100742,25,Female,France,798,1,17,2025-01-28,0.0,2,1,1,63504.12,19,0.0277,0.0,0,0,
CUST-100743,24,Male,Spain,565,4,59,2021-07-30,0.0,1,1,1,147393.02,14,0.0,0.0,1,0,
CUST-100744,32,Female,France,795,1,13,2025-05-30,0.0,2,0,0,82353.56,8,0.339,0.0,0,0,
CUST-100745,37,Female,Germany,728,2,27,2024-03-30,500159.94,1,1,0,65365.77,8,0.1893,0.0334,0,0,
CUST-100746,33,Male,France,632,4,55,2021-11-28,278105.11,1,1,1,302177.09,32,0.0501,0.0515,0,0,
CUST-100747,40,Male,France,563,3,43,2022-11-29,0.0,2,1,0,20014.07,20,0.1929,0.0,3,0,
CUST-100748,24,Female,France,669,9,110,2017-04-29,73721.63,1,1,0,83774.84,17,0.2532,0.0688,0,0,
CUST-100749,31,Male,Spain,677,4,50,2022-04-30,183274.59,2,0,1,44219.22,22,0.0767,0.1186,0,0,
CUST-100750,45,Male,Spain,683,0,9,2025-09-29,0.0,2,1,1,73446.95,24,0.4371,0.0,0,0,
CUST-100751,42,Male,France,590,1,13,2025-05-30,0.0,1,0,0,46562.59,17,0.1945,0.0,0,0,
CUST-100752,32,Male,France,708,10,120,2016-06-29,17338.53,2,1,1,49513.36,15,0.2015,-0.1376,0,0,
CUST-100753,39,Female,France,611,4,55,2020-06-29,569066.94,1,1,0,83274.86,3,0.6154,-0.2396,2,1,2025-01-28
CUST-100754,37,Male,France,767,8,106,2017-08-29,0.0,1,1,0,64692.1,10,0.5024,0.0,1,0,
CUST-100755,37,Female,Germany,814,3,36,2023-06-30,151444.16,2,1,0,47956.69,11,0.2234,0.0149,0,0,
CUST-100756,41,Male,France,572,5,60,2021-06-29,94896.3,1,0,0,34216.12,15,0.1974,0.0291,0,0,
CUST-100757,60,Female,France,656,0,10,2023-02-28,413378.0,2,1,0,109004.85,6,0.3785,-0.0724,0,1,2023-12-29
CUST-100758,60,Male,Spain,743,4,52,2019-06-30,184148.71,1,1,0,62846.65,8,0.294,-0.1369,0,1,2023-10-30
CUST-100759,26,Female,France,676,3,46,2022-08-29,29679.91,2,1,1,36364.14,8,0.5148,-0.1909,0,0,
CUST-100760,35,Female,France,520,1,16,2025-02-28,0.0,1,1,1,28121.98,19,0.3434,0.0,0,0,
CUST-100761,28,Male,Germany,733,6,72,2020-06-29,165506.58,1,1,0,83261.67,8,0.1303,0.1217,0,0,
CUST-100762,42,Female,France,592,2,35,2019-03-30,237435.8,3,0,0,60293.55,7,0.7431,-0.4356,0,1,2022-02-28
CUST-100763,36,Male,France,669,8,100,2018-02-28,0.0,2,1,1,78522.92,16,0.176,0.0,0,0,
CUST-100764,50,Female,France,555,8,102,2017-12-29,306778.07,2,1,0,288699.97,5,0.6656,0.0199,1,0,
CUST-100765,38,Female,Spain,726,1,15,2025-03-30,31177.89,1,1,0,111592.26,10,0.2539,-0.0551,0,0,
CUST-100766,57,Male,France,610,0,3,2026-03-30,73465.24,2,1,0,70191.66,7,0.1589,0.0814,0,0,
CUST-100767,61,Male,France,736,2,28,2018-02-28,0.0,1,1,0,28402.91,10,0.2603,0.0,0,1,2020-06-29
CUST-100768,56,Male,France,629,6,78,2019-12-29,193133.1,2,1,0,175220.15,6,0.2215,0.0851,0,0,
CUST-100769,23,Female,France,604,2,28,2023-11-29,0.0,1,1,1,74657.7,14,0.4288,0.0,0,1,2026-03-30
CUST-100770,41,Female,Germany,690,1,12,2025-06-29,251343.32,1,1,1,275110.29,21,0.154,-0.0068,0,0,
CUST-100771,34,Male,France,547,2,33,2023-09-29,29681.68,1,0,1,45840.29,20,0.1754,-0.1815,0,0,
CUST-100772,36,Male,Germany,823,1,15,2025-03-30,101238.78,2,1,0,35271.88,11,0.2443,-0.0286,0,0,
CUST-100773,47,Male,Germany,668,2,27,2024-03-30,26488.86,1,1,1,157992.21,24,0.1732,0.1091,1,0,
CUST-100774,35,Female,Spain,596,1,12,2024-07-29,0.0,1,1,0,82272.97,1,0.5758,0.0,1,1,2025-07-30
CUST-100775,38,Male,France,612,8,99,2018-03-30,342346.23,2,1,1,142406.19,28,0.2037,-0.0441,0,0,
CUST-100776,39,Male,Spain,652,1,16,2025-02-28,456132.61,1,1,0,36645.33,11,0.3873,-0.1712,1,0,
CUST-100777,24,Female,Germany,746,9,109,2017-05-30,132569.93,1,1,1,36391.69,36,0.3459,0.2588,1,0,
CUST-100778,34,Male,France,564,8,99,2018-03-30,113949.23,1,1,1,40862.08,24,0.2569,0.1204,0,0,
CUST-100779,51,Female,Spain,615,3,45,2016-11-28,0.0,1,0,0,15604.22,1,0.6152,0.0,0,1,2020-08-29
CUST-100780,24,Male,Spain,645,0,3,2026-03-30,0.0,2,1,1,54001.67,14,0.0446,0.0,1,0,
CUST-100781,44,Male,France,798,7,87,2019-03-30,0.0,2,0,1,25696.74,19,0.0866,0.0,0,0,
CUST-100782,30,Female,Spain,746,0,6,2025-12-29,0.0,1,1,0,75040.47,10,0.3487,0.0,0,0,
CUST-100783,34,Male,France,803,6,81,2019-09-29,72710.89,1,1,1,68277.4,24,0.0877,-0.2397,1,0,
CUST-100784,46,Male,Germany,653,7,88,2019-02-28,91280.12,2,1,0,43986.09,10,0.282,-0.1869,0,0,
CUST-100785,29,Female,Spain,788,5,62,2021-04-29,0.0,1,1,0,95319.74,10,0.1789,0.0,1,0,
CUST-100786,35,Female,France,772,2,24,2024-06-29,0.0,1,1,1,78573.93,28,0.4027,0.0,0,0,
CUST-100787,26,Female,Spain,717,3,40,2023-02-28,309601.79,2,1,1,149547.71,21,0.305,-0.1938,1,0,
CUST-100788,42,Male,France,725,9,113,2017-01-28,0.0,2,0,1,198860.61,27,0.1099,0.0,0,0,
CUST-100789,31,Male,Spain,593,4,49,2022-05-30,0.0,1,1,0,77452.48,13,0.3539,0.0,0,0,
CUST-100790,27,Male,Germany,826,0,6,2023-02-28,48901.89,1,1,1,91325.59,16,0.3854,-0.3353,1,1,2023-08-30
CUST-100791,38,Female,France,626,7,87,2019-03-30,0.0,2,1,1,99257.66,28,0.1344,0.0,0,0,
CUST-100792,25,Female,France,704,9,108,2017-06-29,81189.07,1,1,0,207766.58,9,0.4142,0.0839,0,0,
CUST-100793,34,Male,France,715,2,24,2024-06-29,0.0,1,1,0,33169.43,9,0.2782,0.0,1,0,
CUST-100794,30,Female,France,518,3,47,2022-07-30,0.0,2,0,0,52650.31,15,0.39,0.0,0,0,
CUST-100795,40,Male,France,645,4,57,2021-09-29,0.0,1,1,1,33712.09,16,0.2099,0.0,1,0,
CUST-100796,40,Female,France,670,0,4,2026-02-28,28656.51,2,1,0,50932.88,12,0.3032,-0.0037,0,0,
CUST-100797,32,Male,France,639,5,64,2021-02-28,18704.85,2,1,0,58193.5,4,0.3084,0.1528,0,0,
CUST-100798,56,Male,France,646,0,9,2016-07-29,145523.63,1,1,0,44447.25,4,0.746,-0.4285,0,1,2017-04-29
CUST-100799,50,Female,Germany,793,0,10,2024-09-28,28956.38,1,0,0,90574.92,2,0.8898,-0.3448,1,1,2025-07-30
CUST-100800,29,Female,Germany,571,9,111,2017-03-30,130910.96,2,1,0,94923.68,13,0.0,-0.073,0,0,
CUST-100801,72,Male,Germany,528,2,24,2022-07-30,52280.9,1,1,0,71694.35,5,0.6797,-0.2591,0,1,2024-07-29
CUST-100802,46,Male,France,594,3,45,2022-09-29,108488.25,1,0,1,85987.69,39,0.2638,-0.0239,0,0,
CUST-100803,41,Female,Spain,721,0,11,2025-07-30,0.0,2,0,0,191062.6,21,0.1401,0.0,0,0,
CUST-100804,42,Male,Germany,731,1,22,2024-08-29,99051.57,1,1,0,87745.13,7,0.7128,-0.2857,0,1,2026-06-30
CUST-100805,28,Female,France,708,5,61,2021-05-30,188837.54,2,1,0,34588.37,12,0.3891,-0.0716,0,0,
CUST-100806,53,Female,France,738,0,11,2020-12-29,0.0,2,1,1,46532.74,14,0.5762,0.0,1,1,2021-11-28
CUST-100807,24,Male,Germany,675,3,44,2022-10-29,289245.08,2,1,1,44628.26,19,0.4907,-0.1791,0,0,
CUST-100808,42,Male,France,600,8,97,2018-05-30,0.0,1,1,1,156826.29,18,0.1945,0.0,0,0,
CUST-100809,51,Male,Germany,559,1,13,2025-05-30,67154.13,2,1,0,54557.63,16,0.1373,-0.0331,0,0,
CUST-100810,30,Female,Spain,529,3,42,2022-12-29,73027.38,2,1,0,40860.54,4,0.1984,-0.0454,0,0,
CUST-100811,47,Male,France,628,1,17,2023-10-30,96361.53,1,1,0,38393.02,13,0.1455,-0.1894,0,1,2025-03-30
CUST-100812,39,Female,France,726,5,60,2021-06-29,62455.35,2,0,1,52477.64,24,0.1743,-0.196,1,0,
CUST-100813,47,Male,Spain,673,7,91,2018-11-29,0.0,2,1,0,51327.43,9,0.1537,0.0,0,0,
CUST-100814,50,Female,Germany,652,3,44,2022-10-29,40100.42,1,1,1,47294.44,33,0.0416,-0.0604,1,0,
CUST-100815,58,Male,France,549,0,5,2025-10-29,39995.27,1,1,0,116472.17,6,0.6384,-0.5676,2,1,2026-03-30
CUST-100816,54,Male,Spain,850,4,57,2021-09-29,0.0,2,0,0,61284.53,16,0.4357,0.0,0,0,
CUST-100817,25,Female,Spain,571,1,13,2025-05-30,0.0,1,1,0,68863.17,8,0.2497,0.0,0,0,
CUST-100818,30,Female,Germany,662,8,104,2017-10-29,170598.74,2,1,1,108608.85,13,0.4392,-0.2018,0,0,
CUST-100819,43,Male,Germany,746,4,50,2022-04-30,97368.36,1,0,0,113195.25,4,0.5655,-0.1675,0,0,
CUST-100820,50,Male,France,654,0,7,2025-11-28,62999.1,1,1,0,51428.55,9,0.1401,0.0855,0,0,
CUST-100821,29,Female,France,573,1,14,2025-04-29,45608.63,1,0,0,139720.57,7,0.4755,-0.1808,1,0,
CUST-100822,45,Male,Germany,728,0,4,2026-02-28,89231.54,1,0,1,71070.0,25,0.1306,-0.1232,0,0,
CUST-100823,55,Male,France,521,6,79,2019-11-29,186143.66,2,1,1,52035.49,8,0.4226,-0.2929,1,0,
CUST-100824,49,Male,Germany,817,6,81,2019-09-29,19496.21,1,0,1,118848.18,30,0.1486,0.1463,0,0,
CUST-100825,45,Male,Spain,677,5,64,2021-02-28,0.0,2,0,0,89335.11,7,0.3885,0.0,1,0,
CUST-100826,37,Female,France,626,7,85,2019-05-30,0.0,1,1,1,84624.14,36,0.0905,0.0,0,0,
CUST-100827,36,Female,Germany,514,4,56,2021-06-29,30715.61,2,1,0,58991.78,2,0.7855,-0.4744,1,1,2026-02-28
CUST-100828,68,Male,France,539,3,38,2023-04-30,0.0,2,1,0,71937.75,13,0.1986,0.0,0,0,
CUST-100829,20,Female,Spain,645,1,19,2024-11-28,0.0,1,1,1,48171.27,28,0.2109,0.0,0,0,
CUST-100830,33,Male,France,832,5,62,2021-04-29,0.0,2,1,1,64070.81,13,0.3312,0.0,1,0,
CUST-100831,30,Female,Germany,672,9,115,2016-11-28,64827.8,1,1,1,57127.42,41,0.2529,0.2906,0,0,
CUST-100832,27,Male,Germany,683,3,40,2023-02-28,103017.1,2,1,1,82333.15,32,0.1889,-0.151,0,0,
CUST-100833,44,Male,France,687,9,114,2016-12-29,0.0,1,1,0,167763.49,11,0.26,0.0,1,0,
CUST-100834,43,Female,Germany,850,0,5,2026-01-28,47808.96,1,0,1,65350.33,29,0.1611,-0.0655,0,0,
CUST-100835,38,Male,Germany,608,2,35,2023-07-30,62092.38,1,1,0,110884.83,8,0.2425,0.1327,0,0,
CUST-100836,43,Male,Germany,800,7,94,2017-02-28,104282.93,1,1,0,77473.53,7,0.597,-0.2716,0,1,2024-12-29
CUST-100837,47,Male,Spain,612,1,16,2025-02-28,33188.88,2,1,1,135336.44,27,0.0,-0.0886,0,0,
CUST-100838,36,Female,Spain,582,1,19,2024-02-28,0.0,2,1,1,183709.72,8,0.6231,0.0,1,1,2025-09-29
CUST-100839,43,Male,France,642,8,104,2017-10-29,0.0,2,1,0,54327.55,14,0.2348,0.0,0,0,
CUST-100840,35,Female,Germany,642,6,74,2020-04-29,85575.71,2,1,0,28148.17,11,0.1417,-0.09,0,0,
CUST-100841,44,Female,France,704,9,115,2016-11-28,0.0,2,1,1,36278.66,32,0.0709,0.0,0,0,
CUST-100842,55,Female,Spain,427,2,25,2024-05-30,40556.35,2,1,1,123784.43,25,0.0754,-0.0414,0,0,
CUST-100843,49,Male,Germany,664,5,67,2020-11-28,205942.55,2,1,1,85786.22,20,0.3763,-0.1844,0,0,
CUST-100844,61,Female,France,593,0,4,2026-02-28,219664.4,2,0,1,42058.12,23,0.1736,-0.0175,0,0,
CUST-100845,33,Male,France,581,4,56,2021-10-29,103986.61,1,1,0,173821.04,7,0.2721,-0.0353,0,0,
CUST-100846,31,Female,Spain,526,8,102,2017-12-29,321297.19,2,1,1,60440.22,17,0.1699,0.0407,1,0,
CUST-100847,42,Female,France,615,0,10,2025-08-29,46338.13,1,0,1,59102.55,36,0.0,0.0249,1,0,
CUST-100848,33,Male,Germany,600,2,31,2023-11-29,177886.37,1,1,1,61292.49,17,0.2142,-0.121,0,0,
CUST-100849,44,Female,France,609,6,74,2020-04-29,272234.32,1,0,0,144408.52,7,0.5815,-0.1063,0,0,
CUST-100850,40,Male,Spain,493,9,109,2017-05-30,0.0,2,1,1,47261.24,25,0.2602,0.0,0,0,
CUST-100851,30,Male,France,659,4,54,2021-12-29,93575.27,2,1,1,145634.91,24,0.0948,0.1319,1,0,
CUST-100852,43,Male,France,574,3,40,2023-02-28,0.0,1,1,1,98135.84,25,0.1592,0.0,0,0,
CUST-100853,30,Female,Spain,493,2,29,2020-06-29,171640.57,3,0,0,152588.6,3,0.8435,-0.3289,0,1,2022-11-29
CUST-100854,56,Female,Spain,597,0,6,2025-12-29,0.0,2,1,0,109703.79,14,0.4279,0.0,0,0,
CUST-100855,36,Female,France,576,8,100,2018-02-28,56813.01,2,1,0,87374.13,11,0.006,-0.0321,0,0,
CUST-100856,31,Male,France,654,8,107,2017-07-30,0.0,1,1,0,105598.31,9,0.2489,0.0,0,0,
CUST-100857,40,Female,Germany,596,9,111,2017-03-30,58446.5,1,1,0,75805.7,9,0.0912,0.2293,0,0,
CUST-100858,41,Female,Spain,511,5,62,2021-04-29,646257.57,2,1,0,48855.26,13,0.3817,-0.2392,0,0,
CUST-100859,33,Female,France,565,5,67,2017-03-30,42540.87,1,1,0,103602.59,8,0.3493,-0.2967,1,1,2022-10-29
CUST-100860,32,Male,Germany,484,0,5,2019-12-29,42415.93,1,1,0,69212.16,3,0.6372,-0.1831,0,1,2020-05-30
CUST-100861,25,Male,Germany,759,0,5,2026-01-28,137482.24,1,1,1,144219.8,18,0.2308,-0.1785,0,0,
CUST-100862,48,Female,Germany,775,5,66,2018-05-30,81973.31,2,0,1,141437.33,14,0.3614,-0.3706,2,1,2023-11-29
CUST-100863,56,Male,Spain,786,0,7,2025-11-28,0.0,1,1,0,99262.73,7,0.2695,0.0,1,0,
CUST-100864,50,Male,Germany,593,4,59,2021-07-30,431010.53,2,0,0,124225.36,16,0.3435,0.0365,1,0,
CUST-100865,31,Female,France,775,9,111,2017-03-30,0.0,2,0,0,94433.57,13,0.2597,0.0,0,0,
CUST-100866,42,Male,Spain,689,1,14,2023-09-29,0.0,3,0,0,94906.2,4,0.7117,0.0,0,1,2024-11-28
CUST-100867,40,Male,Spain,571,8,101,2018-01-28,157950.74,1,1,1,50831.54,19,0.1077,0.1051,1,0,
CUST-100868,26,Male,Spain,590,8,99,2018-03-30,0.0,1,0,1,82778.55,20,0.064,0.0,0,0,
CUST-100869,33,Female,France,633,2,25,2024-05-30,133801.74,2,0,1,91979.88,28,0.1685,0.1223,0,0,
CUST-100870,42,Female,France,660,1,22,2020-06-29,0.0,3,1,0,88149.58,4,0.8907,0.0,0,1,2022-04-30
CUST-100871,24,Male,Germany,685,6,73,2020-05-30,45560.49,1,1,1,83660.77,18,0.3711,0.0983,0,0,
CUST-100872,29,Male,France,650,6,83,2019-07-30,0.0,1,1,1,80862.06,20,0.1489,0.0,0,0,
CUST-100873,46,Female,Spain,617,0,2,2026-04-30,0.0,2,1,0,226201.33,19,0.453,0.0,0,0,
CUST-100874,31,Male,France,780,2,34,2023-08-30,257482.18,2,1,0,77583.52,6,0.2953,-0.1076,0,0,
CUST-100875,27,Female,Germany,639,4,57,2021-09-29,157351.1,1,1,1,108370.94,19,0.0281,-0.1729,2,0,
CUST-100876,50,Female,Spain,634,7,95,2017-09-29,34056.2,1,1,1,73271.83,23,0.4057,-0.0625,1,1,2025-08-29
CUST-100877,31,Male,France,629,0,4,2026-02-28,35134.55,1,1,1,86880.82,28,0.0656,-0.0378,0,0,
CUST-100878,46,Male,France,639,5,60,2021-06-29,0.0,1,0,1,45286.74,21,0.0878,0.0,0,0,
CUST-100879,61,Male,Germany,519,1,15,2024-09-28,164890.4,1,0,1,52645.24,8,0.4756,-0.3347,0,1,2025-12-29
CUST-100880,28,Female,Germany,554,5,60,2019-08-30,223289.76,2,1,1,55530.77,16,0.4879,-0.3061,1,1,2024-08-29
CUST-100881,36,Male,France,850,5,66,2020-12-29,0.0,1,1,0,33695.68,9,0.162,0.0,0,0,
CUST-100882,40,Female,Germany,492,5,65,2021-01-28,87676.41,1,1,1,77831.86,15,0.6855,-0.3696,0,0,
CUST-100883,49,Female,Spain,676,5,71,2018-12-29,113680.61,1,1,0,44533.57,11,0.6536,-0.2411,2,1,2024-11-28
CUST-100884,33,Female,France,683,0,9,2025-09-29,0.0,1,0,0,40285.92,5,0.377,0.0,0,0,
CUST-100885,22,Female,France,747,0,1,2026-05-30,0.0,2,1,1,238068.02,23,0.3241,0.0,0,0,
CUST-100886,28,Male,France,685,4,54,2021-12-29,124500.65,2,1,1,137573.92,24,0.1158,0.13,0,0,
CUST-100887,34,Male,France,832,2,32,2023-10-30,0.0,2,1,0,226171.45,7,0.1234,0.0,1,0,
CUST-100888,46,Female,France,673,0,6,2018-07-30,0.0,1,0,0,70687.35,6,0.4016,0.0,0,1,2019-01-29
CUST-100889,36,Male,France,779,0,1,2024-07-29,0.0,1,1,0,62343.1,6,0.426,0.0,0,1,2024-08-29
CUST-100890,46,Male,Germany,750,8,106,2017-08-29,113321.37,2,1,1,91801.41,18,0.2373,-0.2862,2,0,
CUST-100891,34,Male,France,798,3,44,2022-10-29,75541.63,1,1,0,91298.9,10,0.2339,0.2293,0,0,
CUST-100892,39,Male,Spain,652,9,109,2017-05-30,48014.54,1,1,0,61491.64,14,0.2886,-0.0372,0,0,
CUST-100893,48,Female,France,688,0,8,2025-10-29,49940.54,2,1,1,48932.73,25,0.1197,0.0492,0,0,
CUST-100894,51,Male,France,615,3,44,2022-10-29,0.0,1,1,1,103193.71,28,0.0744,0.0,0,0,
CUST-100895,66,Female,Spain,665,1,14,2018-06-30,35818.09,1,1,0,31151.03,5,0.839,-0.157,0,1,2019-08-30
CUST-100896,41,Female,Spain,671,2,28,2024-02-28,0.0,1,1,0,102544.17,12,0.3599,0.0,0,0,
CUST-100897,24,Male,France,451,9,110,2017-04-29,56435.23,1,0,1,63136.32,15,0.2771,-0.1367,0,0,
CUST-100898,43,Female,France,636,1,13,2025-05-30,0.0,2,1,0,114204.56,16,0.258,0.0,0,0,
CUST-100899,24,Male,France,735,2,29,2024-01-29,141813.78,2,1,1,134328.51,23,0.3379,-0.0764,1,0,
CUST-100900,44,Male,Germany,520,0,5,2016-08-29,42176.42,1,0,1,102026.61,9,0.5407,-0.3112,1,1,2017-01-28
CUST-100901,39,Male,France,555,2,25,2024-05-30,24589.34,1,1,1,39153.67,14,0.2601,-0.1578,0,0,
CUST-100902,51,Male,France,761,6,76,2020-02-28,42241.2,1,0,1,32543.24,22,0.0,-0.0504,1,0,
CUST-100903,34,Male,France,779,8,106,2017-08-29,0.0,2,1,0,31171.39,16,0.2563,0.0,1,0,
CUST-100904,40,Male,France,590,4,56,2021-10-29,0.0,2,1,1,56293.61,24,0.0241,0.0,0,0,
CUST-100905,43,Male,Spain,667,4,52,2022-02-28,0.0,1,1,1,32750.55,28,0.1114,0.0,0,0,
CUST-100906,22,Male,Germany,643,7,86,2019-04-30,86810.29,2,1,1,71365.02,20,0.173,-0.0543,1,0,
CUST-100907,43,Female,France,763,2,34,2023-08-30,0.0,2,0,1,44662.25,37,0.0,0.0,0,0,
CUST-100908,23,Male,France,599,1,21,2024-09-28,86446.13,2,1,1,53263.88,18,0.2105,-0.1014,1,0,
CUST-100909,31,Female,France,614,2,25,2024-05-30,0.0,2,0,1,72445.53,24,0.1858,0.0,1,0,
CUST-100910,41,Female,France,779,1,18,2020-06-29,0.0,1,0,0,90145.48,10,0.1993,0.0,0,1,2021-12-29
CUST-100911,23,Female,Spain,554,8,98,2016-11-28,0.0,1,1,0,46769.37,10,0.1386,0.0,1,1,2025-01-28
CUST-100912,45,Female,Spain,602,6,81,2019-09-29,0.0,1,1,1,57313.5,28,0.3278,0.0,0,0,
CUST-100913,44,Female,Spain,663,8,105,2017-09-29,125308.08,1,0,1,87990.81,27,0.0,-0.0562,0,0,
CUST-100914,50,Female,Spain,796,2,28,2024-02-28,74411.34,1,0,1,67635.38,14,0.693,-0.336,1,0,
CUST-100915,25,Female,Spain,535,6,72,2020-06-29,41574.38,2,0,1,66548.01,27,0.1988,-0.1443,0,0,
CUST-100916,65,Female,Spain,582,3,39,2022-12-29,153043.58,2,0,1,105291.06,17,0.693,-0.3023,0,1,2026-03-30
CUST-100917,27,Male,France,707,5,60,2021-06-29,109224.09,2,1,0,44145.06,17,0.1478,-0.0804,1,0,
CUST-100918,39,Female,France,722,0,2,2026-04-30,0.0,2,1,1,114047.21,27,0.0522,0.0,1,0,
CUST-100919,34,Female,France,670,4,55,2021-11-28,0.0,1,1,1,253799.44,38,0.0409,0.0,1,0,
CUST-100920,36,Male,Germany,639,1,20,2017-08-29,78844.6,1,0,1,84330.02,20,0.3037,-0.0035,1,1,2019-04-30
CUST-100921,62,Male,France,662,0,11,2025-07-30,184330.6,1,0,0,56457.57,15,0.244,0.1008,0,0,
CUST-100922,28,Female,Spain,505,2,26,2022-08-29,0.0,2,1,0,32570.13,4,0.5067,0.0,1,1,2024-10-29
CUST-100923,58,Female,Germany,660,1,12,2025-04-29,64813.37,2,1,0,54918.92,3,0.7223,-0.167,0,1,2026-04-30
CUST-100924,47,Male,Germany,792,3,45,2022-09-29,238397.76,2,1,1,88072.81,35,0.0774,0.1326,0,0,
CUST-100925,38,Male,France,523,8,102,2017-12-29,37428.29,2,1,0,67628.02,3,0.3791,-0.1878,1,0,
CUST-100926,37,Male,France,575,3,47,2022-07-30,0.0,1,1,0,69979.53,8,0.3256,0.0,0,0,
CUST-100927,44,Female,France,612,2,29,2019-01-29,0.0,1,0,0,67854.44,11,0.2277,0.0,0,1,2021-06-29
CUST-100928,34,Female,Spain,618,10,120,2016-06-29,0.0,1,1,1,54844.69,21,0.215,0.0,2,0,
CUST-100929,35,Female,Germany,827,5,66,2020-12-29,25740.93,2,1,1,69806.18,19,0.2637,-0.1377,2,0,
CUST-100930,39,Male,Germany,561,5,64,2021-02-28,72700.95,1,1,0,46176.05,5,0.6619,-0.1781,0,0,
CUST-100931,56,Male,France,541,8,100,2018-02-28,0.0,1,1,0,76029.2,6,0.1682,0.0,0,0,
CUST-100932,36,Female,France,724,1,15,2021-02-28,71245.98,3,1,0,78471.45,2,0.4373,-0.3322,0,1,2022-05-30
CUST-100933,25,Female,France,588,9,112,2017-02-28,131659.41,1,0,1,155332.12,18,0.1418,0.0586,0,0,
CUST-100934,40,Male,Spain,726,3,39,2021-04-29,60533.46,1,0,1,47187.68,34,0.2181,-0.2057,0,1,2024-07-29
CUST-100935,37,Male,Spain,631,2,28,2024-02-28,0.0,1,0,1,107798.72,26,0.1053,0.0,0,0,
CUST-100936,32,Male,France,694,1,16,2025-02-28,0.0,1,1,0,114728.65,14,0.2239,0.0,0,0,
CUST-100937,42,Female,Spain,499,0,9,2025-09-29,82350.88,2,1,1,62742.51,25,0.0373,-0.0245,0,0,
CUST-100938,32,Female,France,694,5,62,2021-04-29,0.0,2,0,1,49890.9,32,0.1684,0.0,0,0,
CUST-100939,36,Male,Spain,671,5,60,2021-06-29,0.0,1,1,0,150160.57,9,0.0775,0.0,0,0,
CUST-100940,39,Female,France,625,1,22,2024-08-29,209179.75,2,1,0,35208.7,8,0.1521,-0.1139,0,0,
CUST-100941,41,Female,France,532,5,64,2021-02-28,43308.52,1,1,0,46041.72,9,0.3158,0.1283,0,0,
CUST-100942,43,Female,Spain,671,5,61,2021-05-30,34019.57,2,1,1,39925.22,16,0.0756,0.0377,0,0,
CUST-100943,44,Male,France,720,4,53,2022-01-28,0.0,1,0,0,49654.81,8,0.1921,0.0,1,0,
CUST-100944,39,Male,France,599,6,79,2019-11-29,78073.35,1,1,1,63247.65,24,0.1372,-0.1176,1,0,
CUST-100945,26,Female,France,601,4,53,2022-01-28,238809.13,1,1,0,162797.2,15,0.2197,-0.1224,0,0,
CUST-100946,41,Female,France,726,7,85,2019-05-30,0.0,2,0,0,57112.79,13,0.1548,0.0,0,0,
CUST-100947,49,Female,Germany,814,0,3,2026-03-30,99069.93,1,1,0,228957.85,9,0.565,-0.3016,0,0,
CUST-100948,25,Female,Spain,740,2,33,2023-09-29,0.0,1,1,1,118140.38,19,0.0361,0.0,1,0,
CUST-100949,26,Male,Spain,672,8,97,2018-05-30,0.0,1,1,0,54570.99,9,0.0807,0.0,0,0,
CUST-100950,31,Male,France,627,0,5,2026-01-28,0.0,3,1,1,54911.1,20,0.0761,0.0,2,0,
CUST-100951,48,Male,Germany,647,6,76,2020-02-28,45751.36,1,1,1,80199.06,15,0.2934,-0.0322,0,0,
CUST-100952,30,Female,France,523,4,54,2021-12-29,0.0,2,1,0,75086.55,10,0.1653,0.0,1,0,
CUST-100953,49,Male,France,635,7,87,2019-03-30,126267.1,1,1,1,37949.92,22,0.2428,-0.1961,0,0,
CUST-100954,40,Female,France,758,1,16,2025-02-28,0.0,1,1,1,48179.96,20,0.1686,0.0,0,0,
CUST-100955,32,Female,Spain,654,5,70,2020-08-29,162299.69,1,0,1,30747.19,20,0.1426,-0.0723,0,0,
CUST-100956,85,Female,Spain,590,1,20,2024-10-29,138808.01,1,1,0,189401.68,11,0.3714,-0.1361,0,0,
CUST-100957,27,Female,Spain,581,1,17,2025-01-28,54422.87,1,1,0,77752.88,8,0.1783,-0.123,0,0,
CUST-100958,38,Female,Germany,647,2,24,2016-12-29,47777.6,1,1,0,60658.12,5,0.714,-0.4655,1,1,2018-12-29
CUST-100959,30,Male,France,531,2,32,2023-10-30,249000.85,1,1,0,49821.1,9,0.0,0.086,0,0,
CUST-100960,41,Female,Germany,563,4,48,2019-03-30,64425.98,1,1,0,52981.1,5,0.5462,-0.3492,0,1,2023-03-30
CUST-100961,30,Male,Germany,797,1,22,2024-08-29,66780.07,2,1,1,32145.08,36,0.1044,0.2082,1,0,
CUST-100962,34,Male,France,551,0,7,2025-11-28,80143.63,1,1,1,78755.21,36,0.0916,-0.0782,0,0,
CUST-100963,31,Female,France,573,5,61,2021-05-30,26694.34,1,1,1,110342.54,34,0.0,0.0315,0,0,
CUST-100964,35,Female,France,678,3,44,2022-10-29,76018.62,2,0,0,170499.43,10,0.3248,-0.2592,1,0,
CUST-100965,49,Male,Spain,608,2,28,2024-02-28,25193.56,2,1,1,111361.13,26,0.0114,0.1263,0,0,
CUST-100966,27,Male,France,659,0,8,2025-10-29,145568.07,2,1,1,108665.91,17,0.0546,-0.0087,0,0,
CUST-100967,31,Male,Spain,733,3,44,2022-10-29,0.0,1,1,0,136732.78,11,0.2189,0.0,0,0,
CUST-100968,34,Female,France,501,7,89,2019-01-29,0.0,2,0,0,66086.24,9,0.1501,0.0,0,0,
CUST-100969,36,Female,Germany,722,8,107,2017-07-30,18970.41,1,1,0,34432.49,9,0.2831,0.1694,1,0,
CUST-100970,55,Male,France,594,3,36,2017-04-29,0.0,1,1,0,110448.05,7,0.674,0.0,0,1,2020-04-29
CUST-100971,31,Female,France,623,2,34,2023-08-30,597141.22,1,1,1,48608.74,26,0.1266,0.0143,1,0,
CUST-100972,49,Female,France,835,4,57,2016-08-29,0.0,2,1,0,68523.42,4,0.1797,0.0,1,1,2021-05-30
CUST-100973,57,Female,France,515,0,8,2022-06-30,84667.06,1,1,0,41279.98,9,0.3626,-0.1339,1,1,2023-02-28
CUST-100974,36,Male,Spain,707,1,18,2024-12-29,311236.67,1,1,1,135791.28,23,0.3225,0.081,0,0,
CUST-100975,29,Female,France,758,7,89,2019-01-29,585982.9,1,1,1,114914.76,36,0.1449,0.0878,0,0,
CUST-100976,52,Male,Germany,584,7,88,2019-02-28,33454.23,1,0,1,33294.29,21,0.1202,0.2955,0,0,
CUST-100977,47,Male,France,586,0,7,2025-11-28,231877.68,1,1,0,76138.78,12,0.2914,-0.1141,0,0,
CUST-100978,29,Male,France,615,1,12,2025-06-29,9555.3,1,1,0,127628.95,9,0.3882,-0.0267,1,0,
CUST-100979,60,Male,Germany,584,0,8,2025-10-29,7088.35,2,0,0,67153.12,7,0.1876,-0.2013,0,0,
CUST-100980,32,Female,France,656,9,109,2017-05-30,0.0,1,1,1,71412.01,28,0.1584,0.0,0,0,
CUST-100981,36,Male,Spain,736,0,4,2026-02-28,65409.4,2,1,0,122530.75,7,0.2032,0.071,0,0,
CUST-100982,45,Male,Spain,615,1,16,2025-02-28,17808.5,1,1,0,62244.7,17,0.3625,-0.0181,0,0,
CUST-100983,58,Male,Germany,739,1,12,2018-09-29,250981.8,1,1,0,68683.09,10,0.4971,-0.3002,0,1,2019-09-29
CUST-100984,41,Male,France,784,0,2,2026-04-30,90998.57,1,1,1,110920.25,45,0.1626,0.0497,0,0,
CUST-100985,35,Female,France,691,1,23,2024-07-29,144421.87,1,0,0,41381.62,4,0.0551,-0.0657,0,0,
CUST-100986,34,Male,Spain,700,2,24,2024-06-29,0.0,1,1,0,49440.33,5,0.3512,0.0,0,0,
CUST-100987,35,Male,France,593,1,16,2023-10-30,0.0,1,1,0,28099.19,2,0.6662,0.0,0,1,2025-02-28
CUST-100988,72,Female,France,398,1,15,2025-02-28,82287.28,1,0,1,217237.69,33,0.2477,-0.0354,0,1,2026-05-30
CUST-100989,42,Male,France,706,8,98,2018-04-30,418109.69,2,1,1,76812.49,28,0.0,-0.0234,0,0,
CUST-100990,39,Female,Spain,726,1,16,2025-02-28,0.0,2,1,0,128288.98,12,0.5276,0.0,0,0,
CUST-100991,47,Female,Germany,673,1,19,2023-04-30,100163.64,1,0,0,37359.12,5,0.6916,-0.3448,1,1,2024-11-28
CUST-100992,36,Female,Spain,737,7,92,2018-10-29,0.0,1,1,1,142341.12,24,0.2286,0.0,2,0,
CUST-100993,57,Female,Spain,597,0,8,2024-03-30,39433.93,1,0,0,61236.57,2,0.4742,-0.3324,0,1,2024-11-28
CUST-100994,43,Male,France,700,6,78,2019-12-29,51171.42,2,1,0,153536.55,10,0.2113,-0.023,0,0,
CUST-100995,35,Female,Spain,791,3,38,2023-04-30,0.0,1,1,1,64450.68,19,0.0,0.0,1,0,
CUST-100996,33,Female,France,714,0,4,2026-02-28,114190.49,1,1,1,39664.9,17,0.2599,-0.0479,0,0,
CUST-100997,25,Male,Germany,779,6,81,2019-09-29,18108.74,2,1,0,130887.69,6,0.0,0.0331,0,0,
CUST-100998,49,Female,France,780,3,47,2022-07-30,125906.82,2,0,1,74398.77,23,0.1338,0.0114,0,0,
CUST-100999,27,Male,Spain,533,8,96,2018-06-30,156469.18,1,1,0,37779.19,8,0.2586,0.0828,1,0,
CUST-101000,55,Female,France,719,5,60,2021-06-29,0.0,2,1,0,29134.73,16,0.4657,0.0,0,0,
CUST-101001,30,Female,France,589,2,31,2023-11-29,0.0,1,1,1,90466.24,21,0.0996,0.0,0,0,
CUST-101002,31,Male,France,544,4,48,2022-06-30,0.0,1,1,0,70912.39,11,0.3547,0.0,0,0,
CUST-101003,65,Female,France,623,8,105,2017-09-29,118035.73,2,1,0,80635.03,10,0.2455,-0.0488,0,0,
CUST-101004,48,Female,France,818,1,20,2024-10-29,0.0,2,1,0,81881.11,12,0.0,0.0,1,0,
CUST-101005,39,Female,Germany,598,3,41,2019-03-30,190859.88,1,1,1,66570.26,13,0.4528,-0.2438,0,1,2022-08-29
CUST-101006,63,Male,France,481,7,91,2018-11-29,0.0,1,1,0,88731.54,6,0.6439,0.0,0,0,
CUST-101007,37,Female,Spain,511,1,21,2024-09-28,242309.88,1,1,0,107038.25,6,0.4939,-0.1898,0,0,
CUST-101008,33,Female,France,696,3,46,2022-08-29,0.0,2,1,1,66348.95,30,0.2036,0.0,1,0,
CUST-101009,40,Male,Germany,577,5,67,2020-11-28,82952.77,1,1,1,95798.39,21,0.2542,-0.0292,0,0,
CUST-101010,50,Female,France,454,0,6,2025-12-29,53268.68,2,1,0,98647.96,16,0.333,0.2599,0,0,
CUST-101011,28,Female,Germany,515,2,35,2023-07-30,19649.35,2,1,0,129673.45,10,0.1701,-0.0287,0,0,
CUST-101012,31,Female,Germany,666,9,109,2017-05-30,190727.93,2,0,1,21090.15,26,0.1656,0.0419,1,0,
CUST-101013,29,Female,France,725,7,91,2018-11-29,0.0,2,1,1,56842.36,21,0.0623,0.0,0,0,
CUST-101014,28,Male,Spain,607,4,54,2021-12-29,66043.41,1,0,0,97486.76,8,0.1815,-0.0719,0,0,
CUST-101015,36,Female,France,712,0,11,2025-07-30,64913.31,1,1,1,227985.42,18,0.3991,0.145,0,0,
CUST-101016,28,Female,France,738,3,47,2022-07-30,0.0,1,1,1,137874.19,31,0.1662,0.0,0,0,
CUST-101017,25,Male,Germany,575,4,57,2021-09-29,149731.16,2,1,1,139496.56,29,0.1586,0.2417,0,0,
CUST-101018,31,Male,Spain,638,6,75,2020-03-30,0.0,3,1,0,310508.23,14,0.1885,0.0,0,0,
CUST-101019,31,Male,France,592,0,8,2025-10-29,0.0,1,1,1,68704.44,27,0.0,0.0,0,0,
CUST-101020,43,Female,France,702,2,29,2024-01-29,0.0,1,0,1,224940.21,23,0.0048,0.0,0,0,
CUST-101021,49,Male,Spain,591,0,8,2025-01-28,144955.91,1,1,0,104836.18,8,0.6207,-0.2611,1,1,2025-09-29
CUST-101022,32,Female,Germany,534,4,52,2022-02-28,39206.67,1,1,1,41998.96,31,0.0975,-0.0695,0,0,
CUST-101023,22,Female,Spain,655,7,90,2018-12-29,111370.62,2,0,1,28110.29,21,0.2168,0.1086,0,0,
CUST-101024,31,Female,Germany,757,5,64,2021-02-28,74809.62,2,1,1,63563.64,21,0.2342,-0.2653,0,0,
CUST-101025,64,Male,Germany,699,0,6,2022-11-29,624916.95,2,0,1,103585.72,14,0.3661,-0.3189,0,1,2023-05-30
CUST-101026,48,Female,France,747,3,41,2023-01-29,0.0,1,0,0,62225.44,7,0.3176,0.0,0,0,
CUST-101027,41,Male,Spain,738,0,1,2026-05-30,0.0,2,0,1,76815.4,24,0.2059,0.0,0,0,
CUST-101028,35,Female,France,654,7,92,2018-10-29,62732.15,1,1,1,206649.38,23,0.0953,0.0095,1,0,
CUST-101029,48,Male,Germany,593,0,7,2025-11-28,81867.0,2,0,0,73832.95,8,0.4787,-0.1287,0,0,
CUST-101030,29,Female,France,567,0,6,2025-12-29,0.0,2,1,1,212107.68,32,0.1993,0.0,0,0,
CUST-101031,49,Male,Germany,498,5,65,2021-01-28,136634.03,2,1,0,110189.72,12,0.526,-0.2094,1,0,
CUST-101032,43,Male,Germany,764,4,55,2021-11-28,80640.9,1,1,1,129385.0,31,0.0376,-0.0263,0,0,
CUST-101033,46,Female,Germany,618,0,2,2026-04-30,66432.61,1,1,0,63615.32,6,0.1403,-0.3384,0,0,
CUST-101034,39,Male,Spain,486,3,43,2022-11-29,268246.84,2,1,1,69145.87,24,0.1498,-0.0953,0,0,
CUST-101035,27,Female,France,768,3,44,2022-10-29,66246.01,2,1,0,72680.64,12,0.4087,0.0276,0,0,
CUST-101036,29,Female,Germany,659,1,19,2016-06-29,66148.52,2,1,0,68610.34,7,0.8093,-0.2331,0,1,2018-01-28
CUST-101037,44,Male,France,743,4,55,2021-11-28,0.0,1,1,0,102986.29,7,0.0949,0.0,0,0,
CUST-101038,43,Male,France,625,8,101,2018-01-28,0.0,1,1,0,146437.96,12,0.1539,0.0,0,0,
CUST-101039,33,Female,France,574,0,10,2025-08-29,0.0,1,1,0,278972.39,9,0.0,0.0,0,0,
CUST-101040,33,Female,France,693,8,103,2017-11-28,0.0,2,1,1,49020.69,18,0.0,0.0,0,0,
CUST-101041,53,Female,France,701,6,78,2019-12-29,115152.93,1,1,1,71943.78,22,0.3028,-0.2449,0,0,
CUST-101042,38,Male,Germany,623,4,50,2022-04-30,33772.63,1,0,1,124436.15,10,0.5646,-0.3306,0,0,
CUST-101043,31,Female,Germany,776,4,53,2022-01-28,70911.73,1,1,0,74476.76,8,0.3211,-0.0098,0,0,
CUST-101044,56,Male,Germany,741,1,19,2024-11-28,65382.05,1,0,0,35304.89,9,0.1723,0.0296,1,0,
CUST-101045,54,Female,France,704,2,30,2023-12-29,0.0,1,1,1,111478.88,41,0.2336,0.0,0,0,
CUST-101046,38,Female,France,543,8,101,2018-01-28,95840.69,2,1,1,46290.51,22,0.1878,0.0067,0,0,
CUST-101047,40,Female,France,530,5,71,2020-07-29,0.0,2,1,1,80203.8,20,0.2245,0.0,0,0,
CUST-101048,48,Male,Spain,765,5,71,2020-07-29,69950.11,1,0,0,185492.53,8,0.2662,-0.2105,1,0,
CUST-101049,45,Male,Spain,440,4,51,2022-03-30,438724.76,2,1,1,106142.23,30,0.1179,0.0732,0,0,
CUST-101050,27,Male,France,641,2,33,2020-10-29,0.0,3,1,0,101841.06,1,0.4796,0.0,1,1,2023-07-30
CUST-101051,56,Male,Germany,664,2,27,2019-09-29,108380.99,2,0,0,163657.14,9,0.4888,-0.3856,1,1,2021-12-29
CUST-101052,26,Male,France,603,9,118,2016-08-29,97052.86,2,1,0,67244.28,5,0.2187,-0.0847,1,0,
CUST-101053,43,Female,France,647,0,11,2025-07-30,143376.59,2,1,0,86914.64,9,0.0991,-0.2162,0,0,
CUST-101054,28,Male,France,690,2,28,2024-02-28,0.0,1,1,1,65282.13,29,0.0,0.0,0,0,
CUST-101055,45,Male,France,594,1,20,2024-10-29,45090.0,1,1,1,110923.24,29,0.1748,-0.0013,0,0,
CUST-101056,31,Female,Germany,735,6,73,2018-07-30,148336.82,1,1,0,34616.21,9,0.2819,-0.2882,0,1,2024-08-29
CUST-101057,32,Male,Spain,706,6,75,2020-03-30,89550.95,1,1,0,44192.34,5,0.2523,-0.0602,1,0,
CUST-101058,48,Male,France,633,0,1,2026-05-30,0.0,2,0,0,73318.99,8,0.0006,0.0,0,0,
CUST-101059,28,Female,Germany,571,1,17,2021-09-29,165074.19,3,1,0,100331.88,6,0.4654,-0.5157,0,1,2023-02-28
CUST-101060,33,Male,Germany,641,0,9,2025-09-29,142708.61,2,1,1,205150.29,29,0.1801,0.0283,0,0,
CUST-101061,28,Male,Spain,850,8,105,2017-09-29,0.0,2,1,0,44044.71,10,0.2943,0.0,1,0,
CUST-101062,39,Female,Germany,577,9,108,2017-06-29,56108.02,2,1,0,69497.29,10,0.2768,0.0591,1,0,
CUST-101063,28,Male,France,797,6,74,2020-04-29,94987.01,2,1,1,82856.56,15,0.0,0.2154,0,0,
CUST-101064,42,Male,Germany,482,5,65,2021-01-28,214625.59,1,1,1,38253.28,17,0.2484,0.3011,0,0,
CUST-101065,54,Male,France,567,7,91,2018-11-29,0.0,2,1,1,47692.88,34,0.2344,0.0,0,0,
CUST-101066,24,Male,Spain,598,4,59,2021-07-30,0.0,2,0,0,26820.74,7,0.3767,0.0,0,0,
CUST-101067,31,Female,France,741,3,42,2021-04-29,38444.08,1,0,0,97646.25,4,0.0855,-0.0064,0,1,2024-10-29
CUST-101068,29,Male,Germany,655,7,84,2019-06-30,163634.28,1,1,0,46246.96,16,0.0,-0.1037,1,0,
CUST-101069,27,Male,France,776,1,16,2025-02-28,0.0,2,0,1,141419.34,20,0.2966,0.0,0,0,
CUST-101070,41,Male,France,618,10,120,2016-06-29,0.0,1,0,1,90645.07,18,0.1771,0.0,1,0,
CUST-101071,40,Female,Spain,645,6,74,2020-04-29,272067.82,2,1,1,64770.78,31,0.4672,-0.0237,0,0,
CUST-101072,56,Male,Germany,618,5,66,2020-12-29,44971.54,2,0,0,47655.51,8,0.3093,0.132,0,0,
CUST-101073,46,Female,France,845,0,10,2021-04-29,0.0,1,1,1,88932.58,8,0.6662,0.0,0,1,2022-02-28
CUST-101074,38,Male,Spain,542,2,32,2023-10-30,0.0,1,0,0,62594.41,10,0.2726,0.0,0,0,
CUST-101075,41,Female,Spain,601,5,70,2020-08-29,0.0,1,1,0,96864.21,9,0.4497,0.0,0,0,
CUST-101076,33,Male,France,556,4,57,2021-09-29,0.0,1,0,1,135884.25,28,0.0339,0.0,0,0,
CUST-101077,41,Male,Germany,705,5,70,2020-08-29,22449.58,2,1,1,47423.09,39,0.0767,0.0219,2,0,
CUST-101078,26,Male,France,540,1,21,2024-09-28,0.0,3,1,1,56729.93,32,0.1802,0.0,0,0,
CUST-101079,36,Male,Germany,825,9,112,2017-02-28,44261.55,2,1,1,145518.93,20,0.1502,-0.131,0,0,
CUST-101080,43,Female,France,658,3,43,2022-11-29,0.0,1,1,0,154699.93,5,0.4054,0.0,1,0,
CUST-101081,36,Female,France,690,9,109,2017-05-30,216607.38,2,1,0,42344.67,14,0.3045,-0.0744,0,0,
CUST-101082,32,Female,Spain,694,2,35,2023-07-30,0.0,2,1,1,45385.53,23,0.1607,0.0,0,0,
CUST-101083,39,Male,Spain,648,5,70,2020-08-29,0.0,2,0,1,45121.19,32,0.0576,0.0,0,0,
CUST-101084,31,Female,Spain,662,6,74,2020-04-29,279784.77,1,1,1,82061.18,28,0.2411,-0.0404,0,0,
CUST-101085,35,Male,Spain,658,2,30,2023-12-29,83781.74,1,1,1,33496.28,18,0.2267,0.0666,0,0,
CUST-101086,47,Female,Germany,700,6,74,2020-04-29,42337.9,2,0,1,73341.14,27,0.0473,0.1986,0,0,
CUST-101087,48,Female,Spain,571,1,13,2022-05-30,0.0,1,1,1,70429.77,20,0.7227,0.0,0,1,2023-06-30
CUST-101088,40,Female,Spain,555,7,95,2018-07-30,88712.84,2,1,1,51358.19,31,0.0824,0.1255,0,0,
CUST-101089,29,Female,France,729,7,95,2018-07-30,44456.22,2,1,1,75652.23,33,0.2188,0.1222,0,0,
CUST-101090,34,Female,France,650,7,84,2019-06-30,188413.79,2,1,1,75584.27,22,0.3561,0.0947,0,0,
CUST-101091,39,Female,France,457,2,24,2024-06-29,0.0,1,1,1,59159.92,30,0.0957,0.0,0,0,
CUST-101092,31,Male,Germany,604,8,104,2017-10-29,45328.8,2,0,0,181504.32,11,0.2651,0.008,0,0,
CUST-101093,61,Female,France,797,4,55,2020-08-29,143414.03,1,0,1,57541.62,20,0.3862,-0.309,0,1,2025-03-30
CUST-101094,32,Male,France,635,0,3,2026-03-30,120812.57,2,0,1,73685.99,36,0.0849,0.1941,0,0,
CUST-101095,38,Male,Germany,599,1,16,2025-02-28,165210.25,1,0,0,51699.67,6,0.2139,0.0423,0,0,
CUST-101096,25,Female,France,506,4,55,2021-11-28,162212.83,1,0,0,122755.6,8,0.1411,-0.2448,0,0,
CUST-101097,49,Male,France,595,2,30,2023-12-29,0.0,2,1,0,38587.99,12,0.0307,0.0,0,0,
CUST-101098,58,Female,Spain,538,1,12,2025-06-29,0.0,2,1,1,78130.0,16,0.0556,0.0,1,0,
CUST-101099,29,Male,Spain,691,3,43,2022-11-29,14567.24,2,1,1,43720.2,17,0.2985,-0.0658,0,0,
CUST-101100,26,Male,France,655,1,23,2024-07-29,98090.49,1,1,1,28035.61,23,0.2257,-0.1699,0,0,
CUST-101101,40,Female,France,615,0,9,2025-09-29,106642.84,1,1,1,49826.86,35,0.0775,0.0245,1,0,
CUST-101102,64,Male,France,577,5,66,2020-04-29,74855.72,1,1,1,50774.64,15,0.4409,-0.3044,0,1,2025-10-29
CUST-101103,27,Female,Spain,797,5,66,2020-12-29,0.0,2,1,1,96759.04,33,0.0,0.0,0,0,
CUST-101104,35,Female,Spain,582,5,70,2018-01-28,204914.97,2,1,0,45214.24,9,0.2974,-0.0543,0,1,2023-11-29
CUST-101105,41,Female,France,583,0,7,2025-11-28,33421.37,1,1,1,23000.32,23,0.2465,-0.2769,2,0,
CUST-101106,39,Male,Spain,627,3,37,2023-05-30,292769.96,1,1,1,24123.45,19,0.2069,-0.0947,0,0,
CUST-101107,43,Female,France,640,2,25,2024-05-30,0.0,1,0,1,78739.25,18,0.2057,0.0,0,0,
CUST-101108,55,Male,France,696,0,5,2026-01-28,0.0,1,1,0,93129.17,13,0.0,0.0,0,0,
CUST-101109,50,Male,Spain,739,6,79,2019-11-29,0.0,1,0,1,79299.59,13,0.1328,0.0,0,0,
CUST-101110,34,Male,France,732,2,35,2023-07-30,48039.34,2,1,1,56983.69,29,0.0899,-0.0698,1,0,
CUST-101111,27,Male,France,850,8,105,2017-09-29,0.0,1,1,0,85686.31,13,0.1569,0.0,0,0,
CUST-101112,51,Male,France,487,2,25,2024-05-30,0.0,1,1,1,26059.8,24,0.2605,0.0,0,0,
CUST-101113,35,Male,Germany,672,0,8,2025-10-29,72556.73,2,0,0,23790.81,12,0.2285,0.0819,0,0,
CUST-101114,39,Male,Spain,600,1,13,2021-11-28,0.0,4,0,0,32294.88,10,0.1916,0.0,1,1,2022-12-29
CUST-101115,48,Female,Spain,843,3,36,2023-06-30,581444.93,2,1,1,65203.81,15,0.2691,-0.1166,1,0,
CUST-101116,50,Male,France,667,0,4,2026-02-28,82363.84,1,1,0,110662.37,6,0.0995,-0.3259,0,0,
CUST-101117,47,Male,France,455,7,94,2018-08-29,0.0,1,1,0,41384.66,6,0.0,0.0,0,0,
CUST-101118,60,Male,Spain,692,2,26,2024-04-29,300034.92,1,1,0,44036.55,9,0.1552,0.0491,0,0,
CUST-101119,37,Male,France,676,0,3,2026-03-30,51516.6,1,1,1,101893.87,38,0.108,0.1523,0,0,
CUST-101120,32,Female,Spain,723,3,43,2022-11-29,59650.13,2,1,0,57217.18,9,0.4532,-0.0243,0,0,
CUST-101121,30,Female,Germany,581,6,72,2020-06-29,320901.64,2,1,1,79533.4,32,0.1299,-0.2761,2,0,
CUST-101122,32,Female,France,681,6,82,2019-08-30,28916.31,1,1,1,76020.4,19,0.3982,0.0638,0,0,
CUST-101123,33,Female,Spain,624,2,25,2024-05-30,270047.39,2,0,1,36279.61,32,0.0477,0.0993,0,0,
CUST-101124,40,Male,France,586,0,7,2025-11-28,0.0,2,1,1,193117.96,29,0.1063,0.0,0,0,
CUST-101125,44,Female,France,683,3,46,2022-08-29,0.0,2,1,1,44283.25,25,0.6232,0.0,1,0,
CUST-101126,29,Male,Germany,665,0,9,2025-09-29,35553.45,1,1,0,204519.81,13,0.1958,0.1149,0,0,
CUST-101127,48,Male,Germany,751,0,3,2017-08-29,72660.78,3,1,0,97239.98,2,0.594,-0.3641,1,1,2017-11-28
CUST-101128,49,Male,Germany,653,0,10,2025-08-29,58244.29,1,1,1,83649.7,14,0.4756,-0.372,0,0,
CUST-101129,22,Male,Germany,708,2,34,2023-08-30,49494.22,1,0,1,31723.03,23,0.1825,0.1374,0,0,
CUST-101130,44,Female,Spain,534,2,35,2023-07-30,26899.41,1,0,1,86906.08,23,0.2629,0.1313,2,0,
CUST-101131,33,Male,Spain,784,4,56,2021-10-29,0.0,2,1,1,68875.27,24,0.0,0.0,0,0,
CUST-101132,54,Male,Germany,575,0,3,2026-03-30,298450.17,2,1,1,63540.17,15,0.4066,-0.2882,1,0,
CUST-101133,37,Male,France,737,7,86,2019-04-30,0.0,1,1,0,35176.42,13,0.2626,0.0,0,0,
CUST-101134,31,Female,Germany,675,10,120,2016-06-29,231170.72,1,1,1,116556.31,37,0.1468,0.2076,2,0,
CUST-101135,29,Female,Spain,663,1,21,2024-09-28,0.0,2,0,0,119495.86,15,0.3209,0.0,2,0,
CUST-101136,39,Female,France,723,3,37,2023-05-30,232756.54,2,1,0,28089.49,4,0.3837,-0.1276,0,0,
CUST-101137,34,Female,France,445,2,34,2020-11-28,24913.9,3,1,1,51763.66,18,0.1646,-0.0364,0,1,2023-09-29
CUST-101138,27,Female,France,595,3,36,2023-06-30,0.0,2,1,0,61491.56,5,0.3553,0.0,0,0,
CUST-101139,26,Male,France,722,8,103,2017-11-28,314659.83,2,1,1,86787.8,31,0.3052,0.0049,0,0,
CUST-101140,41,Male,Germany,835,1,14,2020-10-29,159377.3,1,1,0,77901.56,4,0.4034,-0.1315,0,1,2021-12-29
CUST-101141,27,Male,France,648,8,100,2018-02-28,24043.54,1,1,1,69220.65,25,0.1735,-0.0507,0,0,
CUST-101142,23,Male,Spain,416,5,60,2021-06-29,0.0,2,1,1,94054.27,19,0.0,0.0,0,0,
CUST-101143,50,Female,Spain,620,6,75,2020-03-30,52267.25,1,1,1,201031.42,34,0.1644,-0.1019,1,0,
CUST-101144,30,Male,Spain,644,7,85,2019-04-30,0.0,1,1,0,61209.47,5,0.5531,0.0,1,1,2026-05-30
CUST-101145,43,Male,France,757,1,17,2025-01-28,67608.35,2,0,1,127032.33,15,0.1087,0.1104,0,0,
CUST-101146,39,Female,France,655,4,55,2021-11-28,0.0,1,1,1,188850.77,35,0.0982,0.0,0,0,
CUST-101147,32,Male,Germany,527,6,72,2020-06-29,73167.3,2,1,1,166811.1,17,0.0925,-0.0351,0,0,
CUST-101148,56,Male,Spain,742,1,17,2025-01-28,42718.53,1,1,1,103409.87,43,0.0789,-0.069,1,0,
CUST-101149,45,Male,France,705,4,52,2022-02-28,0.0,2,0,0,103188.64,17,0.3389,0.0,1,0,
CUST-101150,37,Female,Spain,583,5,66,2020-12-29,0.0,1,1,0,91217.73,6,0.2128,0.0,0,0,
CUST-101151,30,Male,France,719,3,37,2023-05-30,0.0,2,0,0,182529.4,12,0.424,0.0,0,0,
CUST-101152,44,Male,Spain,598,9,109,2017-05-30,0.0,1,0,0,58196.52,13,0.3095,0.0,0,0,
CUST-101153,46,Male,France,621,8,98,2018-04-30,56179.85,1,1,0,58599.39,16,0.2338,-0.1058,1,0,
CUST-101154,38,Female,France,599,0,1,2026-05-30,20461.0,1,0,1,50109.37,40,0.1103,0.0655,0,0,
CUST-101155,37,Male,Germany,620,4,49,2022-05-30,64684.65,1,1,0,275463.31,5,0.2164,-0.0991,0,0,
CUST-101156,45,Male,France,737,0,9,2025-09-29,0.0,2,1,0,167436.56,8,0.3806,0.0,1,0,
CUST-101157,36,Female,France,479,7,94,2018-08-29,0.0,1,0,1,51666.48,46,0.0,0.0,0,0,
CUST-101158,31,Female,France,756,9,116,2016-10-29,0.0,2,1,1,37118.88,25,0.3709,0.0,2,0,
CUST-101159,27,Male,France,667,2,24,2024-06-29,0.0,1,1,0,64555.24,14,0.2185,0.0,1,0,
CUST-101160,36,Male,Spain,613,6,82,2019-08-30,0.0,2,1,0,74860.28,11,0.0,0.0,0,0,
CUST-101161,27,Male,France,652,9,111,2017-03-30,36720.43,2,1,0,82835.13,10,0.161,-0.0421,0,0,
CUST-101162,46,Female,Germany,563,4,50,2019-09-29,154123.02,1,1,1,30887.5,28,0.2304,0.2182,0,1,2023-11-29
CUST-101163,36,Male,Spain,493,3,43,2022-11-29,0.0,1,0,1,47942.58,18,0.0,0.0,0,0,
CUST-101164,48,Female,France,565,0,1,2026-05-30,0.0,1,1,1,140484.28,37,0.1666,0.0,0,0,
CUST-101165,40,Female,France,468,5,70,2017-02-28,122007.87,1,1,0,100821.89,2,1.0,-0.3068,1,1,2022-12-29
CUST-101166,43,Female,Spain,520,0,11,2023-01-29,113308.96,1,1,0,49028.64,6,0.4812,-0.2737,1,1,2023-12-29
CUST-101167,32,Male,Spain,494,4,51,2016-07-29,0.0,3,0,0,122574.66,6,0.651,0.0,2,1,2020-10-29
CUST-101168,36,Female,Germany,767,5,60,2020-12-29,12977.91,1,1,1,123260.77,11,0.8759,-0.3533,0,1,2025-12-29
CUST-101169,40,Female,Spain,527,6,72,2020-06-29,51551.63,2,1,1,244622.82,21,0.1591,-0.0691,0,0,
CUST-101170,38,Female,France,646,1,21,2024-09-28,672148.39,2,0,0,63933.46,14,0.1344,-0.0777,0,0,
CUST-101171,38,Male,France,757,9,119,2016-07-29,0.0,1,1,1,49702.0,18,0.2757,0.0,2,0,
CUST-101172,29,Female,Germany,732,1,13,2025-05-30,295222.92,2,1,1,66339.43,20,0.0,0.1374,0,0,
CUST-101173,25,Female,France,622,0,2,2020-06-29,48075.62,4,1,0,119829.18,5,0.9627,-0.2912,0,1,2020-08-29
CUST-101174,28,Female,Spain,622,7,88,2019-02-28,0.0,1,0,0,36128.32,14,0.1446,0.0,0,0,
CUST-101175,22,Female,Germany,667,3,45,2022-09-29,31119.65,1,0,0,72162.1,20,0.0,-0.1836,1,0,
CUST-101176,25,Male,Spain,850,1,22,2024-08-29,0.0,2,1,1,73553.91,25,0.0648,0.0,0,0,
CUST-101177,40,Male,France,690,6,72,2020-06-29,144461.62,2,0,1,149520.38,27,0.241,0.0184,0,0,
CUST-101178,35,Female,France,714,8,107,2017-07-30,0.0,2,1,0,53576.79,13,0.4315,0.0,0,0,
CUST-101179,31,Female,France,850,8,99,2018-03-30,0.0,1,0,1,66412.88,16,0.2149,0.0,0,0,
CUST-101180,35,Female,France,677,2,29,2021-04-29,56768.47,1,1,0,95980.35,6,0.4046,0.2301,1,1,2023-09-29
CUST-101181,24,Male,Spain,760,7,90,2018-12-29,42004.15,2,0,0,51336.24,12,0.1068,0.1299,1,0,
CUST-101182,36,Male,France,696,1,14,2025-04-29,73970.29,1,0,1,46457.52,24,0.2328,0.2705,1,0,
CUST-101183,27,Female,France,694,7,92,2018-10-29,44153.01,2,0,0,201657.96,11,0.4218,-0.0686,0,0,
CUST-101184,52,Female,France,558,5,68,2020-10-29,28497.17,1,0,1,97835.8,20,0.3624,-0.1144,1,0,
CUST-101185,43,Male,France,542,4,55,2021-11-28,101659.05,1,1,1,140500.55,26,0.0454,-0.0998,0,0,
CUST-101186,42,Male,Spain,601,3,44,2022-10-29,0.0,2,0,0,107354.46,6,0.3793,0.0,0,0,
CUST-101187,38,Female,France,735,3,36,2023-06-30,0.0,2,1,1,67504.74,27,0.1244,0.0,0,0,
CUST-101188,44,Male,Spain,730,8,100,2018-02-28,89018.79,2,1,0,51605.42,7,0.2953,-0.245,0,0,
CUST-101189,36,Male,France,778,1,16,2025-02-28,0.0,3,1,1,52780.35,14,0.7349,0.0,3,0,
CUST-101190,30,Male,Germany,649,5,70,2017-09-29,25830.92,1,1,0,48067.8,1,0.8802,-0.4767,0,1,2023-07-30
CUST-101191,42,Male,France,702,6,81,2019-09-29,0.0,2,1,1,48193.07,28,0.0,0.0,0,0,
CUST-101192,49,Male,France,702,1,21,2024-09-28,0.0,1,1,0,46881.23,10,0.2581,0.0,1,0,
CUST-101193,29,Female,Spain,640,1,20,2024-10-29,0.0,2,0,1,110604.51,28,0.0536,0.0,0,0,
CUST-101194,26,Female,Spain,619,3,46,2022-08-29,0.0,2,1,1,42451.79,36,0.1453,0.0,0,0,
CUST-101195,62,Female,Spain,507,8,106,2017-08-29,0.0,2,1,0,154902.68,10,0.3308,0.0,2,0,
CUST-101196,54,Female,France,635,1,14,2025-04-29,24450.37,1,1,0,108997.98,10,0.2965,-0.0009,0,0,
CUST-101197,37,Male,France,640,3,43,2022-11-29,0.0,2,1,0,104243.48,7,0.2747,0.0,0,0,
CUST-101198,23,Male,Germany,759,5,66,2020-12-29,317500.29,1,1,0,82073.85,6,0.1792,-0.1643,0,0,
CUST-101199,40,Male,France,768,3,45,2022-09-29,118179.59,2,1,1,90541.37,23,0.358,-0.1861,1,0,
CUST-101200,73,Male,Germany,664,3,37,2018-12-29,184750.94,2,1,1,57057.28,37,0.0183,0.0481,1,1,2022-01-28
CUST-101201,44,Female,Germany,848,4,56,2021-10-29,88612.52,2,0,0,45280.2,5,0.47,-0.0599,1,0,
CUST-101202,43,Male,Germany,668,2,34,2016-12-29,31822.65,2,0,1,56374.7,18,0.649,-0.4395,1,1,2019-10-30
CUST-101203,37,Female,Spain,749,4,54,2021-12-29,0.0,2,1,0,34996.06,13,0.3327,0.0,0,0,
CUST-101204,42,Male,Germany,640,8,102,2017-12-29,52104.64,1,1,1,92639.63,27,0.2131,-0.1859,0,0,
CUST-101205,44,Male,France,541,6,80,2019-10-30,52245.23,2,1,1,41571.29,22,0.0479,-0.0706,0,0,
CUST-101206,39,Male,France,609,4,49,2022-05-30,250738.93,2,0,0,103045.61,12,0.0907,-0.2685,0,0,
CUST-101207,35,Male,Germany,792,2,34,2023-08-30,73343.91,2,1,1,104656.48,25,0.2409,0.0319,1,0,
CUST-101208,39,Female,France,625,5,66,2018-11-29,28886.03,3,1,1,83058.2,14,0.3905,-0.1477,0,1,2024-05-30
CUST-101209,39,Female,France,605,3,47,2022-07-30,0.0,1,0,0,54494.31,14,0.2167,0.0,0,0,
CUST-101210,24,Male,France,650,8,99,2018-03-30,121651.16,1,1,1,45216.67,22,0.08,-0.0483,0,0,
CUST-101211,68,Female,Spain,613,4,57,2021-09-29,0.0,2,1,1,48301.99,26,0.0664,0.0,1,0,
CUST-101212,43,Female,Spain,765,5,69,2020-09-28,210105.05,1,0,0,43309.02,12,0.0275,0.1294,0,0,
CUST-101213,51,Male,Germany,831,6,78,2019-12-29,281525.4,2,1,1,71540.96,20,0.1378,0.0146,0,0,
CUST-101214,40,Male,France,651,4,54,2021-12-29,0.0,2,1,1,67779.56,28,0.0,0.0,0,0,
CUST-101215,33,Male,France,702,5,69,2020-09-28,133993.84,2,1,0,205443.96,6,0.4212,-0.2441,0,0,
CUST-101216,48,Male,Germany,743,6,82,2019-08-30,187386.61,2,1,0,200042.92,11,0.1008,-0.1574,0,0,
CUST-101217,26,Female,France,660,9,115,2016-11-28,38824.88,2,1,1,166755.05,24,0.2831,0.0143,1,0,
CUST-101218,44,Male,Germany,566,1,23,2024-07-29,62781.94,1,0,0,64524.91,9,0.1361,-0.0382,1,0,
CUST-101219,48,Male,Germany,611,2,33,2023-09-29,70527.68,1,1,1,33067.32,27,0.1605,0.2962,0,0,
CUST-101220,36,Female,France,690,3,36,2023-06-30,118297.1,2,1,1,79686.9,37,0.0963,-0.0219,0,0,
CUST-101221,42,Male,France,688,3,46,2022-08-29,282148.27,2,1,1,62840.78,31,0.2326,-0.0305,0,0,
CUST-101222,24,Female,France,478,0,4,2026-02-28,70985.17,2,1,0,73534.72,8,0.4693,0.0688,0,0,
CUST-101223,43,Male,Spain,608,1,19,2020-09-28,25806.02,1,1,1,91303.7,13,0.6687,-0.3035,2,1,2022-04-30
CUST-101224,34,Male,Germany,579,2,31,2016-10-29,21199.84,1,1,0,106019.42,11,0.2465,0.0666,0,1,2019-05-30
CUST-101225,43,Male,France,735,5,71,2020-07-29,47101.3,1,1,1,27077.97,26,0.0519,-0.2756,1,0,
CUST-101226,37,Male,Spain,583,3,42,2022-12-29,69208.72,1,0,0,146816.61,3,0.248,0.0848,0,0,
CUST-101227,37,Male,France,606,0,4,2026-02-28,226207.89,2,1,0,121921.54,6,0.1188,-0.0204,0,0,
CUST-101228,43,Female,France,602,2,32,2023-10-30,21601.92,2,1,1,52519.65,21,0.2929,0.0446,0,0,
CUST-101229,34,Female,Spain,726,4,55,2021-11-28,74893.28,1,0,1,117440.55,36,0.0734,0.1001,0,0,
CUST-101230,36,Female,France,743,4,51,2018-09-29,283198.11,1,1,1,62690.97,24,0.2084,-0.043,0,1,2022-12-29
CUST-101231,63,Male,France,697,4,51,2022-03-30,118900.76,1,0,0,73396.09,8,0.113,-0.0896,2,0,
CUST-101232,52,Female,Germany,756,0,2,2026-04-30,32109.84,1,1,0,66401.03,9,0.1139,-0.2876,0,0,
CUST-101233,35,Male,France,769,5,62,2021-04-29,0.0,2,1,0,48352.66,10,0.0951,0.0,0,0,
CUST-101234,37,Female,Germany,476,0,4,2024-12-29,82555.6,3,1,1,36100.68,21,0.4958,-0.3125,0,1,2025-04-29
CUST-101235,32,Female,France,707,4,56,2021-10-29,232328.23,2,1,0,323796.93,9,0.3755,-0.24,0,0,
CUST-101236,34,Female,France,614,1,14,2025-04-29,152859.1,1,0,0,101730.58,4,0.3834,-0.3847,2,0,
CUST-101237,34,Male,France,529,8,102,2017-12-29,0.0,1,1,1,77699.93,32,0.2177,0.0,0,0,
CUST-101238,38,Female,France,619,6,76,2020-02-28,0.0,2,1,1,195114.05,31,0.2883,0.0,0,0,
CUST-101239,24,Female,France,720,8,98,2018-04-30,0.0,2,1,1,28555.46,17,0.0255,0.0,0,0,
CUST-101240,34,Male,France,790,0,11,2021-01-28,45767.55,1,1,0,62916.24,7,0.4284,-0.3931,2,1,2021-12-29
CUST-101241,33,Female,Spain,521,4,59,2021-07-30,0.0,1,1,0,51296.97,12,0.1584,0.0,0,0,
CUST-101242,54,Male,France,709,9,119,2016-07-29,49210.48,2,1,0,54894.94,13,0.155,0.094,0,0,
CUST-101243,37,Male,France,839,7,89,2019-01-29,0.0,2,0,0,73231.63,11,0.0,0.0,0,0,
CUST-101244,40,Female,France,826,0,7,2025-11-28,147447.97,1,1,1,56588.3,27,0.2404,-0.2821,0,0,
CUST-101245,34,Female,France,350,5,69,2020-09-28,30905.56,2,1,0,27045.96,14,0.1435,0.0206,0,0,
CUST-101246,37,Male,France,850,5,62,2017-05-30,70342.5,1,1,0,41198.56,5,0.0,0.058,0,1,2022-07-30
CUST-101247,34,Male,Germany,742,8,98,2018-04-30,292114.91,1,1,1,43397.96,37,0.064,-0.1545,0,0,
CUST-101248,38,Male,France,428,3,42,2022-12-29,244548.86,2,0,0,56388.36,16,0.2447,-0.0102,0,0,
CUST-101249,42,Male,Spain,576,9,119,2016-07-29,118610.64,1,1,1,42614.19,26,0.0866,0.0937,0,0,
CUST-101250,27,Male,Spain,771,4,53,2022-01-28,0.0,1,1,0,65292.25,9,0.0935,0.0,0,0,
CUST-101251,44,Male,France,685,1,22,2024-08-29,67508.3,2,1,0,66410.84,9,0.0893,-0.0982,0,0,
CUST-101252,30,Female,France,595,3,38,2023-04-30,49080.85,1,1,1,22013.69,13,0.4927,-0.3008,1,0,
CUST-101253,64,Male,France,656,4,49,2022-05-30,79228.88,2,1,0,39906.34,12,0.2454,0.1714,0,0,
CUST-101254,38,Male,Germany,702,8,106,2017-08-29,235484.71,2,1,0,81101.05,12,0.2711,-0.1171,1,0,
CUST-101255,40,Male,France,594,7,93,2018-09-29,50623.76,1,1,1,67734.66,14,0.3439,-0.3142,0,0,
CUST-101256,40,Male,Spain,638,5,70,2020-08-29,0.0,1,1,0,27382.51,15,0.2967,0.0,0,0,
CUST-101257,38,Male,Spain,736,1,13,2025-04-29,0.0,1,1,1,112100.86,23,0.1932,0.0,0,1,2026-05-30
CUST-101258,31,Male,Spain,583,2,26,2024-04-29,62419.1,1,1,1,100538.55,19,0.0223,-0.0309,0,0,
CUST-101259,40,Male,Germany,520,9,108,2017-06-29,37993.26,2,1,1,259306.96,25,0.2899,-0.0735,0,0,
CUST-101260,39,Male,Spain,589,1,19,2024-10-29,0.0,1,1,1,189908.76,23,0.4144,0.0,1,1,2026-05-30
CUST-101261,31,Female,France,565,4,59,2021-07-30,63941.28,1,1,1,45038.19,27,0.0617,-0.0656,0,0,
CUST-101262,28,Female,France,592,8,104,2017-10-29,0.0,2,0,0,67123.1,10,0.0872,0.0,0,0,
CUST-101263,48,Male,France,484,0,10,2025-08-29,123483.24,2,1,1,73265.69,24,0.2402,0.0486,0,0,
CUST-101264,34,Male,Spain,673,2,24,2019-10-30,110702.13,2,1,0,145196.29,6,0.6353,-0.2969,0,1,2021-10-29
CUST-101265,36,Male,Germany,733,5,63,2019-05-30,119213.4,1,1,0,61525.69,16,0.3888,-0.1156,3,1,2024-08-29
CUST-101266,39,Male,Spain,572,4,59,2021-07-30,92178.71,2,1,1,150932.53,20,0.2397,-0.2568,1,0,
CUST-101267,31,Female,France,587,8,97,2018-05-30,19863.91,1,0,1,84158.9,25,0.2534,0.1369,0,0,
CUST-101268,40,Female,Spain,632,5,67,2020-11-28,0.0,2,1,1,46411.24,21,0.2068,0.0,0,0,
CUST-101269,36,Male,France,563,5,71,2020-07-29,0.0,2,1,0,37644.5,12,0.1493,0.0,0,0,
CUST-101270,37,Male,France,744,8,104,2017-10-29,0.0,2,1,1,126004.05,15,0.1066,0.0,1,0,
CUST-101271,50,Male,Spain,565,7,93,2018-09-29,0.0,2,1,1,122595.39,38,0.2562,0.0,0,0,
CUST-101272,39,Male,France,600,2,32,2023-10-30,0.0,2,1,0,131404.07,8,0.0251,0.0,0,0,
CUST-101273,35,Female,France,577,8,102,2017-12-29,19661.35,2,1,0,17407.72,10,0.3554,0.0616,0,0,
CUST-101274,29,Male,Germany,747,3,37,2023-05-30,70090.14,1,1,1,67026.58,23,0.1669,-0.0742,0,0,
CUST-101275,40,Male,France,628,3,40,2018-12-29,76134.77,2,1,0,143459.9,5,0.563,-0.3299,1,1,2022-04-30
CUST-101276,47,Male,France,841,2,33,2023-09-29,152652.75,3,0,1,32781.76,23,0.1869,-0.0524,0,0,
CUST-101277,35,Male,France,684,9,114,2016-12-29,88880.32,2,0,0,98428.19,5,0.1382,-0.0113,0,0,
CUST-101278,47,Male,France,761,4,53,2022-01-28,0.0,1,1,0,53100.2,5,0.0,0.0,0,0,
CUST-101279,40,Male,Spain,619,8,106,2017-08-29,90000.96,1,1,1,42904.14,17,0.2041,0.1576,0,0,
CUST-101280,38,Male,Germany,560,8,106,2016-10-29,322534.35,2,1,0,48269.54,6,0.7113,-0.2778,2,1,2025-08-29
CUST-101281,41,Male,France,647,1,14,2025-04-29,58052.41,1,0,0,171685.29,6,0.69,-0.2077,0,0,
CUST-101282,28,Female,France,585,10,120,2016-06-29,0.0,1,1,1,117828.77,21,0.2211,0.0,0,0,
CUST-101283,34,Male,France,458,2,30,2017-08-29,52739.61,1,1,0,67499.23,5,0.6979,-0.3235,1,1,2020-02-28
CUST-101284,34,Male,Germany,747,0,3,2021-03-30,153642.08,2,1,1,241553.05,24,0.0962,-0.1129,1,1,2021-06-29
CUST-101285,36,Female,Spain,653,3,38,2019-02-28,0.0,1,1,1,26877.07,13,0.7151,0.0,1,1,2022-04-30
CUST-101286,60,Male,Spain,583,5,69,2018-02-28,71081.45,1,1,0,50640.6,2,0.8206,-0.4587,2,1,2023-11-29
CUST-101287,38,Female,France,686,7,85,2019-05-30,77931.07,2,1,1,173577.01,26,0.2499,-0.0814,1,0,
CUST-101288,27,Female,France,655,5,62,2021-04-29,28188.48,1,1,0,65221.34,9,0.17,0.0236,0,0,
CUST-101289,32,Male,France,785,10,120,2016-06-29,1246265.53,1,1,1,64239.79,16,0.2868,-0.014,0,0,
CUST-101290,37,Male,Germany,692,1,15,2025-03-30,70219.19,1,0,0,67360.38,8,0.3141,-0.1926,1,0,
CUST-101291,39,Female,France,635,4,48,2022-06-30,0.0,2,1,0,55976.59,15,0.439,0.0,0,0,
CUST-101292,22,Male,Germany,717,1,16,2025-02-28,47566.39,2,1,0,119979.73,12,0.1058,-0.1657,0,0,
CUST-101293,42,Male,Germany,647,3,41,2023-01-29,27437.46,2,1,1,45719.27,12,0.2126,0.2814,0,0,
CUST-101294,43,Female,France,668,4,50,2022-04-30,0.0,2,1,1,315933.31,36,0.0604,0.0,0,0,
CUST-101295,29,Male,France,768,4,48,2020-11-28,0.0,1,1,0,33072.35,13,0.1245,0.0,0,1,2024-11-28
CUST-101296,47,Female,France,538,3,47,2022-07-30,93373.31,1,1,1,182588.99,20,0.121,-0.0751,0,0,
CUST-101297,35,Female,France,567,6,76,2020-02-28,0.0,2,1,0,113365.05,7,0.2131,0.0,1,0,
CUST-101298,30,Female,France,610,0,11,2025-07-30,59294.21,1,0,1,49470.31,17,0.0096,0.0329,1,0,
CUST-101299,29,Female,Germany,624,4,53,2017-06-29,95641.93,1,1,0,82936.21,3,0.1517,-0.1442,1,1,2021-11-28
CUST-101300,42,Female,France,761,2,29,2024-01-29,45508.79,1,1,1,114574.42,23,0.3929,-0.1515,0,0,
CUST-101301,33,Male,France,514,4,57,2021-09-29,58690.55,2,0,0,101596.28,6,0.486,-0.3236,2,0,
CUST-101302,40,Female,Germany,647,5,61,2021-05-30,35959.29,1,0,0,25301.84,12,0.1596,0.0016,0,0,
CUST-101303,28,Female,Spain,597,7,89,2019-01-29,161188.09,2,0,0,89045.81,11,0.0973,-0.0501,0,0,
CUST-101304,34,Female,France,813,2,33,2023-09-29,29953.29,2,1,1,33551.52,19,0.0,0.1708,0,0,
CUST-101305,41,Female,Spain,735,5,66,2020-12-29,0.0,1,1,1,128143.53,28,0.0,0.0,0,0,
CUST-101306,50,Female,Spain,673,0,7,2025-11-28,132198.93,1,0,1,129686.94,23,0.0298,-0.2029,0,0,
CUST-101307,52,Male,Germany,743,3,39,2023-03-30,140557.06,1,0,1,33904.89,10,0.5668,-0.0347,0,0,
CUST-101308,50,Female,Germany,523,3,36,2023-06-30,34809.34,1,1,1,24281.48,21,0.3315,0.0584,0,0,
CUST-101309,75,Male,France,845,3,43,2022-11-29,0.0,1,0,1,60882.83,18,0.025,0.0,0,0,
CUST-101310,40,Male,Spain,569,0,6,2025-12-29,126524.83,2,0,0,63050.97,11,0.1847,0.0143,0,0,
CUST-101311,28,Male,France,771,6,79,2019-11-29,0.0,2,1,0,72310.04,13,0.0407,0.0,0,0,
CUST-101312,32,Female,Spain,703,5,61,2021-05-30,0.0,1,0,1,90770.72,17,0.339,0.0,0,0,
CUST-101313,51,Female,Germany,675,1,20,2022-04-30,125080.1,2,1,0,66120.65,7,0.6687,-0.2222,1,1,2023-12-29
CUST-101314,31,Male,France,767,2,25,2019-12-29,141504.11,1,1,1,76229.44,17,0.2383,-0.0363,1,1,2022-01-28
CUST-101315,21,Male,France,746,4,59,2018-09-29,0.0,4,1,1,45524.75,7,0.8062,0.0,1,1,2023-08-30
CUST-101316,35,Male,Germany,660,1,12,2025-06-29,22164.11,2,1,1,40917.76,30,0.1617,0.2367,0,0,
CUST-101317,46,Male,Germany,610,4,49,2022-05-30,122064.47,2,1,0,100346.28,7,0.0202,0.2598,0,0,
CUST-101318,32,Male,France,662,7,87,2019-03-30,0.0,2,0,1,95827.35,19,0.2704,0.0,1,0,
CUST-101319,52,Female,Germany,640,0,6,2024-07-29,111469.87,1,0,1,59139.67,35,0.1944,-0.0567,1,1,2025-01-28
CUST-101320,62,Male,Spain,684,8,97,2018-05-30,197605.54,2,1,1,40351.73,36,0.0322,0.0636,0,0,
CUST-101321,40,Male,France,748,4,58,2021-08-29,0.0,2,1,0,169092.37,12,0.3563,0.0,0,0,
CUST-101322,66,Male,France,695,2,26,2023-08-30,0.0,2,1,0,184475.32,7,0.438,0.0,0,1,2025-10-29
CUST-101323,57,Male,France,668,0,3,2026-03-30,0.0,2,1,0,134731.28,9,0.3012,0.0,0,0,
CUST-101324,47,Female,Spain,587,3,40,2023-02-28,0.0,1,1,0,101983.09,10,0.0589,0.0,0,0,
CUST-101325,41,Male,France,681,7,90,2018-12-29,500285.63,2,1,1,39541.79,26,0.4399,0.2524,2,0,
CUST-101326,40,Male,Spain,487,9,112,2017-02-28,0.0,2,1,0,145662.67,9,0.3179,0.0,0,0,
CUST-101327,36,Female,France,573,5,71,2020-07-29,0.0,2,0,0,98981.13,11,0.0109,0.0,0,0,
CUST-101328,43,Male,Germany,708,7,86,2018-01-28,120819.77,2,1,0,40987.51,12,0.2615,-0.0391,1,1,2025-03-30
CUST-101329,24,Female,France,735,0,4,2026-02-28,31827.22,2,1,1,106133.97,12,0.0481,0.1444,1,0,
CUST-101330,57,Female,France,648,3,42,2020-04-29,562272.82,2,0,1,54374.32,10,0.6761,-0.3905,1,1,2023-10-30
CUST-101331,66,Female,Spain,669,0,8,2016-10-29,0.0,1,0,0,113591.54,3,0.6821,0.0,0,1,2017-06-29
CUST-101332,24,Female,France,686,1,18,2024-12-29,117904.92,2,1,1,135109.57,23,0.0555,0.065,1,0,
CUST-101333,46,Male,Germany,715,4,58,2021-08-29,32728.72,1,1,1,95830.75,22,0.0754,-0.0775,0,0,
CUST-101334,56,Male,Spain,631,3,44,2022-10-29,317923.72,2,1,0,45489.78,5,0.1396,-0.0738,0,0,
CUST-101335,39,Male,Spain,556,7,86,2019-04-30,0.0,1,1,1,101139.99,21,0.3077,0.0,0,0,
CUST-101336,36,Male,Spain,687,0,7,2025-11-28,105755.8,1,1,0,98050.21,10,0.3284,-0.0868,0,0,
CUST-101337,34,Male,France,838,3,43,2022-11-29,406477.19,1,1,0,48953.44,6,0.078,-0.1198,1,0,
CUST-101338,32,Male,Germany,561,3,47,2022-07-30,110655.05,2,1,0,59686.12,14,0.4077,0.078,1,0,
CUST-101339,40,Male,Spain,638,4,56,2021-10-29,127294.6,1,1,1,205283.41,18,0.1198,-0.1519,0,0,
CUST-101340,52,Male,France,613,0,6,2025-12-29,88390.05,2,1,1,179045.58,27,0.191,0.0782,0,0,
CUST-101341,24,Female,France,850,7,95,2018-07-30,0.0,1,0,0,53279.99,11,0.16,0.0,0,0,
CUST-101342,29,Male,Spain,558,8,102,2017-12-29,144501.93,2,1,1,23683.75,25,0.1845,0.201,0,0,
CUST-101343,32,Male,France,635,6,76,2020-02-28,59998.82,1,1,0,162715.46,9,0.2088,-0.1744,0,0,
CUST-101344,26,Male,Germany,615,4,53,2022-01-28,36611.68,1,1,0,231074.43,13,0.0,-0.096,0,0,
CUST-101345,44,Female,Spain,530,3,36,2023-06-30,0.0,1,1,0,171090.79,14,0.3444,0.0,0,0,
CUST-101346,43,Male,Germany,524,8,96,2018-06-30,162245.69,1,1,1,59239.72,16,0.5091,-0.3506,0,0,
CUST-101347,48,Female,France,705,8,104,2017-10-29,78497.29,2,1,0,104118.2,12,0.1262,0.009,0,0,
CUST-101348,23,Male,France,718,1,20,2024-10-29,0.0,1,0,1,43296.6,13,0.2255,0.0,1,0,
CUST-101349,46,Male,France,596,5,68,2020-10-29,0.0,2,0,1,130486.7,25,0.2113,0.0,1,0,
CUST-101350,52,Female,France,785,4,59,2021-07-30,35066.21,2,1,1,52269.85,26,0.1222,0.0064,0,0,
CUST-101351,45,Male,Spain,434,4,53,2021-05-30,0.0,1,1,0,50768.78,2,0.8572,0.0,1,1,2025-10-29
CUST-101352,38,Male,Spain,529,6,75,2020-03-30,20897.0,2,0,1,68697.87,25,0.2673,-0.2383,1,0,
CUST-101353,36,Male,France,571,1,17,2025-01-28,98586.46,2,1,1,52907.22,24,0.0,0.1115,0,0,
CUST-101354,42,Male,France,649,2,26,2017-11-28,167531.19,1,0,0,107861.48,5,0.7625,-0.23,0,1,2020-01-29
CUST-101355,40,Male,Spain,607,9,110,2017-04-29,0.0,2,0,0,45012.07,9,0.2721,0.0,1,0,
CUST-101356,32,Male,France,631,0,11,2025-07-30,122733.97,1,1,0,298781.61,12,0.3572,-0.0672,0,0,
CUST-101357,23,Male,Germany,697,0,7,2025-11-28,101198.43,1,1,1,97461.32,20,0.0,0.0397,0,0,
CUST-101358,33,Female,France,790,2,24,2024-06-29,0.0,1,1,0,59397.91,8,0.2027,0.0,0,0,
CUST-101359,63,Male,Germany,727,1,17,2020-12-29,143559.64,1,1,1,42077.38,13,0.4971,-0.2165,1,1,2022-05-30
CUST-101360,24,Male,France,655,6,80,2019-10-30,0.0,1,1,1,60696.27,22,0.1203,0.0,1,0,
CUST-101361,40,Female,Germany,642,3,37,2021-05-30,223075.6,1,1,0,64209.21,5,0.532,-0.5119,0,1,2024-06-29
CUST-101362,58,Male,France,756,5,66,2020-12-29,24349.64,2,1,1,62017.59,20,0.024,0.0869,0,0,
CUST-101363,48,Female,Germany,831,6,73,2020-05-30,165011.46,2,1,1,54834.44,26,0.1298,0.07,1,0,
CUST-101364,50,Male,France,711,7,84,2019-06-30,0.0,1,1,0,45789.84,13,0.2751,0.0,0,0,
CUST-101365,49,Female,France,603,0,5,2017-02-28,60161.32,1,1,0,118563.82,7,0.2862,0.0058,1,1,2017-07-30
CUST-101366,26,Female,Germany,675,3,37,2023-05-30,18735.95,1,1,1,156622.36,30,0.1693,0.1104,0,0,
CUST-101367,55,Male,France,706,4,57,2021-09-29,24745.08,1,0,1,44812.33,20,0.1392,-0.0838,0,0,
CUST-101368,57,Female,France,597,6,72,2020-06-29,0.0,2,1,1,70068.75,29,0.2629,0.0,0,0,
CUST-101369,28,Female,France,733,5,61,2021-05-30,45267.67,2,1,1,26765.14,27,0.1191,0.3826,0,0,
CUST-101370,34,Female,France,675,0,11,2025-07-30,195173.76,1,1,0,53331.09,10,0.1738,-0.0665,0,0,
CUST-101371,39,Male,France,762,4,50,2022-04-30,158657.96,2,1,0,212677.97,8,0.1254,0.1102,0,0,
CUST-101372,34,Male,Spain,556,3,46,2022-08-29,292913.72,1,0,0,139292.6,11,0.0455,-0.2352,1,0,
CUST-101373,31,Male,France,483,9,115,2016-11-28,77845.34,1,1,1,101194.27,30,0.0354,0.0563,0,0,
CUST-101374,32,Female,Spain,612,6,77,2020-01-29,148563.04,2,1,0,38119.27,12,0.7719,-0.2837,1,0,
CUST-101375,46,Male,Spain,652,7,84,2019-06-30,0.0,2,1,1,49075.3,20,0.1281,0.0,1,0,
CUST-101376,50,Male,France,477,1,15,2025-03-30,0.0,2,1,0,54211.52,3,0.0733,0.0,0,0,
CUST-101377,32,Female,Germany,592,4,49,2016-09-28,370325.99,2,1,0,126284.48,7,0.0159,0.2204,0,1,2020-10-29
CUST-101378,50,Male,Spain,773,3,41,2023-01-29,45349.53,1,1,1,147278.78,35,0.1526,0.0702,0,0,
CUST-101379,34,Female,Germany,701,7,94,2018-08-29,316856.56,2,1,1,72344.98,21,0.2704,-0.1103,0,0,
CUST-101380,28,Male,France,663,0,4,2026-02-28,0.0,2,0,0,118692.85,9,0.1857,0.0,1,0,
CUST-101381,41,Female,France,549,0,1,2026-05-30,51334.41,1,0,0,48280.38,5,0.4502,-0.1435,1,0,
CUST-101382,38,Male,France,770,5,65,2021-01-28,88678.29,2,1,0,86363.88,8,0.256,0.1606,0,0,
CUST-101383,42,Male,Germany,610,6,83,2019-07-30,43646.77,1,1,0,128946.63,10,0.2074,-0.0913,0,0,
CUST-101384,42,Male,Spain,659,6,81,2018-11-29,0.0,3,1,1,174163.64,11,0.6461,0.0,1,1,2025-08-29
CUST-101385,40,Male,Spain,689,7,90,2018-12-29,218608.28,2,1,0,38286.13,12,0.2935,0.0618,1,0,
CUST-101386,37,Male,France,666,5,62,2021-04-29,0.0,1,0,1,161014.44,32,0.1774,0.0,0,0,
CUST-101387,49,Male,Germany,793,3,44,2022-10-29,96752.65,1,0,1,273192.42,31,0.1554,0.048,0,0,
CUST-101388,45,Female,France,705,6,75,2020-03-30,39850.29,2,1,0,33253.63,16,0.0193,-0.0333,0,0,
CUST-101389,34,Male,Spain,682,5,62,2019-11-29,0.0,1,1,1,30399.42,8,0.5957,0.0,1,1,2025-01-28
CUST-101390,34,Male,France,642,4,50,2022-04-30,0.0,2,1,1,178194.22,27,0.2121,0.0,1,0,
CUST-101391,26,Male,Spain,691,6,78,2019-12-29,0.0,1,0,1,59284.45,37,0.2869,0.0,0,0,
CUST-101392,27,Male,Spain,630,2,24,2024-06-29,77165.71,1,1,1,66217.51,15,0.4938,-0.0736,1,0,
CUST-101393,36,Female,France,668,1,12,2023-12-29,0.0,1,0,0,143765.85,6,0.4288,0.0,0,1,2024-12-29
CUST-101394,47,Male,France,617,7,93,2018-09-29,0.0,2,1,0,46030.07,9,0.2518,0.0,0,0,
CUST-101395,30,Female,Spain,602,7,87,2019-03-30,23052.71,2,1,0,87020.12,5,0.3297,0.1872,0,0,
CUST-101396,45,Female,France,562,3,44,2022-10-29,163683.9,2,1,1,35501.29,28,0.1453,-0.0518,0,0,
CUST-101397,40,Female,Germany,624,4,54,2021-12-29,162723.79,2,1,1,121549.98,30,0.2203,0.1608,1,0,
CUST-101398,31,Female,Spain,618,2,33,2023-09-29,0.0,2,1,0,121202.34,8,0.3454,0.0,2,0,
CUST-101399,39,Male,Germany,826,2,24,2024-06-29,39768.0,2,1,1,83113.18,37,0.0217,-0.025,0,0,
CUST-101400,38,Female,France,745,4,59,2021-07-30,73056.31,1,1,0,76181.55,4,0.0741,0.2119,0,0,
CUST-101401,31,Female,France,637,0,1,2026-05-30,0.0,1,1,1,75065.22,24,0.1701,0.0,2,0,
CUST-101402,45,Female,France,609,4,50,2022-04-30,466920.74,2,1,1,68860.17,29,0.1891,0.1463,1,0,
CUST-101403,49,Male,Spain,709,2,27,2024-03-30,0.0,1,1,0,72652.96,7,0.007,0.0,0,0,
CUST-101404,35,Male,France,836,1,20,2024-10-29,239543.69,2,0,1,122228.15,22,0.115,-0.25,0,0,
CUST-101405,29,Female,France,726,5,63,2021-03-30,0.0,1,1,0,28339.09,11,0.3242,0.0,0,0,
CUST-101406,50,Male,France,485,6,74,2020-04-29,0.0,1,1,1,207528.4,32,0.0922,0.0,0,0,
CUST-101407,26,Female,Spain,733,1,20,2024-10-29,71653.56,2,1,1,83883.01,30,0.2101,0.0765,1,0,
CUST-101408,41,Male,France,750,2,35,2023-07-30,0.0,2,1,1,261075.92,27,0.1334,0.0,0,0,
CUST-101409,30,Male,Spain,850,3,40,2020-12-29,121815.63,1,1,0,86867.52,3,0.7496,-0.3563,2,1,2024-04-29
CUST-101410,28,Male,Germany,626,0,8,2025-10-29,56590.45,2,1,1,76088.82,31,0.0936,0.0989,2,0,
CUST-101411,33,Male,Spain,663,4,54,2021-12-29,0.0,2,0,0,106763.39,8,0.1454,0.0,0,0,
CUST-101412,38,Male,Spain,693,9,119,2016-07-29,77070.27,1,1,1,38048.77,23,0.0,-0.0076,1,0,
CUST-101413,29,Female,Spain,577,3,38,2023-04-30,214625.95,2,0,1,42035.99,24,0.0,0.1316,0,0,
CUST-101414,27,Female,Spain,568,8,107,2017-07-30,89169.07,2,1,0,67728.32,14,0.3123,-0.2019,0,0,
CUST-101415,25,Female,France,688,8,98,2018-04-30,41481.64,1,1,1,78835.87,29,0.1331,0.2559,0,0,
CUST-101416,58,Female,Spain,502,9,108,2017-06-29,803908.47,2,1,1,133372.03,31,0.1396,-0.0146,0,0,
CUST-101417,42,Female,Germany,524,7,92,2018-10-29,88586.33,2,1,0,78920.42,3,0.6967,-0.3782,1,0,
CUST-101418,31,Male,Germany,728,4,52,2022-02-28,44567.6,2,1,1,168069.58,20,0.0965,0.2516,0,0,
CUST-101419,42,Female,Spain,698,0,11,2025-07-30,490751.02,1,1,0,17348.74,13,0.2645,0.1923,0,0,
CUST-101420,38,Female,Spain,770,5,60,2021-06-29,0.0,1,0,1,204358.28,18,0.1416,0.0,0,0,
CUST-101421,46,Female,Germany,694,0,11,2020-05-30,41743.99,1,0,0,60334.66,6,0.6479,-0.3619,1,1,2021-04-29
CUST-101422,36,Male,France,651,2,35,2023-07-30,199258.96,2,1,0,110066.96,7,0.2278,-0.1685,0,0,
CUST-101423,48,Female,France,774,4,49,2022-05-30,41196.88,2,0,1,146261.75,22,0.0854,0.0321,1,0,
CUST-101424,32,Male,France,609,7,89,2019-01-29,0.0,2,1,1,36660.51,26,0.0,0.0,1,0,
CUST-101425,40,Male,France,618,4,52,2022-02-28,174859.11,1,1,1,167390.22,31,0.1909,0.0508,0,0,
CUST-101426,47,Female,France,644,2,35,2023-07-30,460434.65,2,0,1,114427.67,20,0.0335,-0.0693,0,0,
CUST-101427,40,Female,France,693,7,93,2018-09-29,0.0,2,1,0,200646.71,9,0.0,0.0,0,0,
CUST-101428,64,Male,France,644,3,44,2022-10-29,61000.0,2,1,1,78865.5,23,0.0,0.0246,0,0,
CUST-101429,46,Male,Spain,507,8,106,2017-03-30,0.0,3,1,1,75459.32,15,0.1934,0.0,0,1,2026-01-28
CUST-101430,42,Female,France,624,8,103,2017-11-28,37809.58,2,1,1,50275.86,22,0.145,0.1595,0,0,
CUST-101431,34,Male,Spain,647,7,92,2018-10-29,36023.14,1,1,1,51303.5,30,0.1951,0.1546,0,0,
CUST-101432,40,Male,Germany,661,1,17,2025-01-28,120615.35,2,1,1,72960.61,33,0.1208,0.225,0,0,
CUST-101433,53,Female,France,607,0,7,2016-08-29,21231.48,4,0,1,104207.49,16,0.5371,-0.3773,1,1,2017-03-30
CUST-101434,33,Female,France,699,1,12,2025-06-29,100114.13,1,1,1,114249.76,21,0.0627,-0.2455,0,0,
CUST-101435,30,Male,France,495,6,73,2020-05-30,18804.53,2,0,0,43358.76,9,0.1412,-0.1706,1,0,
CUST-101436,33,Male,Spain,690,3,46,2022-08-29,0.0,2,0,1,71476.66,19,0.6567,0.0,0,0,
CUST-101437,33,Male,France,822,5,63,2021-03-30,56788.81,2,1,1,85550.04,24,0.262,0.1396,0,0,
CUST-101438,44,Male,Germany,592,5,65,2021-01-28,146009.88,2,1,0,23105.71,14,0.2165,-0.0475,1,0,
CUST-101439,61,Female,Spain,656,6,72,2020-06-29,10137.85,2,1,1,121214.74,24,0.0466,-0.0931,0,0,
CUST-101440,27,Female,Spain,626,4,58,2021-08-29,0.0,1,0,1,65412.31,32,0.2003,0.0,0,0,
CUST-101441,23,Male,France,628,3,36,2017-05-30,88750.18,1,1,0,75984.93,8,0.2756,0.0161,1,1,2020-05-30
CUST-101442,38,Male,France,551,2,31,2023-11-29,60500.77,1,1,0,167920.88,5,0.4553,-0.4067,1,0,
CUST-101443,29,Male,France,841,4,54,2021-12-29,0.0,2,1,1,43593.38,17,0.0692,0.0,0,0,
CUST-101444,41,Male,France,687,1,23,2024-07-29,0.0,1,1,0,46666.03,11,0.1923,0.0,1,0,
CUST-101445,43,Male,France,586,0,7,2025-11-28,0.0,2,1,0,21383.85,13,0.2986,0.0,0,0,
CUST-101446,33,Male,Germany,575,3,45,2022-09-29,99782.58,2,1,1,72115.2,35,0.0766,-0.1575,0,0,
CUST-101447,44,Female,Spain,656,4,50,2022-04-30,158076.31,1,1,1,136761.53,26,0.3131,0.0965,0,0,
CUST-101448,32,Male,Germany,442,1,15,2025-03-30,24603.82,1,1,1,23464.33,33,0.0486,-0.0457,0,0,
CUST-101449,32,Female,Germany,751,8,106,2017-08-29,103606.91,2,1,1,42348.74,30,0.2,-0.2181,0,0,
CUST-101450,31,Male,France,601,5,65,2021-01-28,230586.84,1,1,1,81811.2,17,0.2463,0.0193,0,0,
CUST-101451,33,Female,Spain,687,3,41,2023-01-29,100889.34,1,1,1,57963.63,25,0.3576,-0.0626,1,0,
CUST-101452,37,Female,Germany,692,5,69,2019-01-29,60410.48,1,1,1,58263.04,10,0.6871,-0.2893,0,1,2024-10-29
CUST-101453,36,Male,Spain,743,2,35,2022-09-29,29428.2,1,1,1,81290.47,18,0.4052,-0.1298,1,1,2025-08-29
CUST-101454,39,Male,Spain,697,0,8,2025-10-29,36505.47,1,1,1,205114.69,25,0.1523,-0.0299,0,0,
CUST-101455,43,Female,France,721,6,73,2020-05-30,63644.05,1,0,0,76429.38,14,0.0267,0.0446,0,0,
CUST-101456,39,Male,France,748,8,102,2017-12-29,0.0,1,1,0,85256.8,10,0.2803,0.0,1,0,
CUST-101457,58,Male,France,618,5,64,2017-04-29,0.0,1,0,0,97372.93,15,0.2301,0.0,2,1,2022-08-29
CUST-101458,38,Male,France,850,2,32,2023-10-30,63885.45,2,0,1,25590.52,21,0.1322,-0.0631,0,0,
CUST-101459,46,Female,Spain,684,1,15,2020-07-29,0.0,1,0,1,89312.14,18,0.2239,0.0,0,1,2021-10-29
CUST-101460,26,Male,France,647,5,71,2018-08-29,53969.25,1,0,1,31996.56,3,0.5944,-0.4995,0,1,2024-07-29
CUST-101461,39,Male,Spain,569,4,49,2022-05-30,221710.97,2,0,1,75850.24,30,0.2493,-0.1153,0,0,
CUST-101462,36,Male,Germany,630,1,21,2024-09-28,25932.58,2,1,1,136369.11,30,0.0,-0.0087,0,0,
CUST-101463,35,Female,France,689,5,65,2021-01-28,89129.56,2,0,1,59397.02,17,0.0167,0.0012,1,0,
CUST-101464,52,Male,France,659,0,8,2025-10-29,0.0,2,1,1,134859.59,11,0.2626,0.0,0,0,
CUST-101465,65,Female,Germany,825,1,16,2020-07-29,146384.46,1,1,0,28893.4,4,0.6624,-0.3667,3,1,2021-11-28
CUST-101466,44,Female,Germany,613,2,28,2024-02-28,72186.2,2,1,1,86972.83,24,0.2198,0.0246,0,0,
CUST-101467,25,Male,France,715,2,24,2024-06-29,0.0,3,1,0,87731.76,6,0.3277,0.0,1,0,
CUST-101468,33,Male,France,542,8,105,2017-09-29,301042.48,1,0,0,16949.31,15,0.4293,-0.1731,0,0,
CUST-101469,27,Female,Germany,850,2,32,2023-10-30,101080.72,1,1,1,99017.65,9,0.0329,-0.1601,1,0,
CUST-101470,39,Female,France,535,3,36,2021-01-28,0.0,1,0,0,14447.39,1,0.4912,0.0,1,1,2024-01-29
CUST-101471,42,Male,Spain,849,3,42,2022-12-29,0.0,2,1,1,81938.2,24,0.0,0.0,0,0,
CUST-101472,25,Male,France,637,4,49,2018-05-30,65177.43,1,0,0,95304.67,0,0.5116,-0.2355,0,1,2022-06-30
CUST-101473,55,Male,France,435,1,18,2024-12-29,47014.92,2,1,0,58938.61,9,0.2646,-0.0525,0,0,
CUST-101474,28,Male,France,780,5,69,2020-09-28,78657.4,2,1,1,81688.64,21,0.5671,-0.3241,1,0,
CUST-101475,41,Male,Germany,658,4,51,2021-10-29,18800.38,2,0,1,258865.11,16,0.4262,-0.2764,2,1,2026-01-28
CUST-101476,55,Male,Germany,606,4,56,2017-01-28,93552.43,1,0,1,55095.17,11,0.5018,-0.2767,2,1,2021-09-29
CUST-101477,39,Male,France,712,1,12,2025-06-29,0.0,1,1,0,39119.88,12,0.1886,0.0,0,0,
CUST-101478,31,Female,Spain,714,2,31,2023-11-29,0.0,1,1,1,228857.05,22,0.2712,0.0,0,0,
CUST-101479,31,Female,France,690,6,77,2020-01-29,105001.85,2,1,0,82736.93,9,0.2053,-0.0465,1,0,
CUST-101480,39,Female,France,759,0,9,2025-09-29,0.0,2,1,0,140417.99,12,0.1804,0.0,2,0,
CUST-101481,46,Female,France,674,5,71,2020-07-29,0.0,2,1,1,30089.2,25,0.3814,0.0,0,0,
CUST-101482,41,Female,France,712,3,37,2023-05-30,0.0,1,1,1,18968.37,39,0.1465,0.0,0,0,
CUST-101483,31,Male,Germany,600,1,15,2016-11-28,72670.63,2,1,1,45520.52,9,0.7874,-0.4571,1,1,2018-02-28
CUST-101484,36,Female,France,723,1,21,2021-12-29,0.0,1,1,0,66486.82,8,0.7141,0.0,1,1,2023-09-29
CUST-101485,30,Male,Germany,600,9,108,2017-06-29,40055.69,2,0,0,54950.82,8,0.0513,-0.0371,0,0,
CUST-101486,30,Male,France,542,3,40,2023-02-28,301461.7,1,1,0,54894.72,10,0.1489,-0.1307,0,0,
CUST-101487,29,Female,Spain,630,1,21,2024-09-28,276453.95,2,0,1,26134.33,27,0.1189,0.0053,1,0,
CUST-101488,34,Female,France,624,5,66,2020-12-29,0.0,2,0,1,82576.26,31,0.1116,0.0,1,0,
CUST-101489,37,Male,Spain,739,9,115,2016-11-28,1324055.72,2,1,0,63283.54,9,0.3703,-0.1876,2,0,
CUST-101490,38,Female,France,510,5,68,2020-10-29,208404.64,1,0,1,21767.47,30,0.1223,-0.1623,0,0,
CUST-101491,40,Male,France,755,2,33,2023-09-29,0.0,2,0,0,61584.73,18,0.2854,0.0,2,0,
CUST-101492,31,Male,Spain,590,3,39,2023-03-30,0.0,1,1,1,67831.01,21,0.0729,0.0,0,0,
CUST-101493,37,Male,Germany,413,2,29,2024-01-29,224492.55,1,1,1,130695.47,29,0.0338,0.0616,0,0,
CUST-101494,38,Male,Spain,534,9,110,2017-04-29,0.0,1,1,1,54283.98,28,0.1182,0.0,0,0,
CUST-101495,51,Female,France,620,1,15,2025-03-30,39366.9,1,1,1,124501.22,22,0.0,0.0471,1,0,
CUST-101496,26,Male,Germany,693,3,45,2022-09-29,85248.7,1,0,1,117050.56,31,0.3771,0.0334,1,0,
CUST-101497,27,Male,Spain,637,3,43,2022-11-29,0.0,2,1,0,46354.33,14,0.1928,0.0,0,0,
CUST-101498,43,Female,Germany,534,2,29,2021-03-30,32344.62,2,1,1,105586.04,9,0.5963,-0.3982,2,1,2023-08-30
CUST-101499,44,Male,France,575,1,19,2016-10-29,0.0,1,0,0,136574.46,9,0.5586,0.0,1,1,2018-05-30
CUST-101500,43,Male,Germany,535,5,62,2021-04-29,99988.26,1,0,1,132855.95,11,0.3221,-0.1408,1,0,
CUST-101501,43,Male,Germany,675,2,31,2022-08-29,82339.71,1,1,0,88258.51,5,0.6348,-0.2252,1,1,2025-03-30
CUST-101502,26,Male,Spain,641,8,105,2017-09-29,0.0,2,1,1,68501.48,27,0.2606,0.0,0,0,
CUST-101503,62,Male,France,709,1,14,2025-04-29,99920.15,2,1,0,34234.59,6,0.2634,0.1568,0,0,
CUST-101504,49,Female,France,480,7,87,2019-03-30,0.0,2,1,1,139351.33,28,0.0626,0.0,0,0,
CUST-101505,26,Female,Spain,599,0,8,2025-10-29,0.0,2,0,1,32425.31,32,0.0857,0.0,0,0,
CUST-101506,35,Male,Germany,845,2,33,2023-09-29,46689.06,2,1,0,66156.16,16,0.3052,0.017,0,0,
CUST-101507,34,Male,Germany,712,5,71,2020-07-29,87902.06,1,0,0,131574.08,5,0.2296,-0.0446,2,0,
CUST-101508,36,Male,France,622,7,84,2019-06-30,0.0,1,1,0,41769.2,10,0.1585,0.0,0,0,
CUST-101509,33,Female,France,555,0,5,2026-01-28,111548.08,2,1,1,72020.97,20,0.147,-0.1706,0,0,
CUST-101510,29,Male,Germany,756,2,25,2024-05-30,196141.96,1,1,1,30347.8,30,0.2016,0.0025,0,0,
CUST-101511,39,Male,France,797,1,12,2025-06-29,0.0,1,1,1,59174.49,29,0.1076,0.0,0,0,
CUST-101512,52,Female,France,540,9,119,2016-07-29,0.0,2,0,1,41699.32,15,0.0569,0.0,0,0,
CUST-101513,33,Female,Germany,549,0,2,2026-04-30,53907.94,2,1,0,46843.27,4,0.5888,-0.1242,1,0,
CUST-101514,40,Male,Germany,677,7,95,2018-07-30,121188.52,1,0,0,98877.37,8,0.1063,-0.0653,1,0,
CUST-101515,37,Male,Spain,686,0,2,2026-04-30,419476.35,2,1,1,103851.84,30,0.094,-0.0026,1,0,
CUST-101516,43,Male,France,696,0,11,2025-07-30,73379.98,1,0,0,52667.26,13,0.1026,0.1151,1,0,
CUST-101517,36,Female,France,827,9,119,2016-07-29,86431.77,1,0,0,84010.24,19,0.136,0.2178,0,0,
CUST-101518,32,Male,Spain,557,7,87,2017-11-28,0.0,1,0,0,56116.78,5,0.5782,0.0,1,1,2025-02-28
CUST-101519,33,Male,France,654,0,8,2025-10-29,134227.4,2,1,0,59470.52,10,0.3403,-0.1696,0,0,
CUST-101520,51,Female,France,719,5,70,2020-08-29,85815.07,1,1,1,38278.88,22,0.3132,-0.1891,0,0,
CUST-101521,38,Male,France,718,9,111,2017-03-30,0.0,2,1,1,54262.9,23,0.1031,0.0,0,0,
CUST-101522,37,Male,Germany,588,2,24,2024-06-29,234003.85,1,1,1,24450.94,27,0.0598,-0.1109,0,0,
CUST-101523,51,Female,Spain,592,1,13,2025-05-30,64763.34,1,1,1,230258.61,28,0.2319,-0.127,1,0,
CUST-101524,54,Male,Spain,606,0,7,2025-11-28,188583.6,1,1,0,140035.14,9,0.0154,-0.1179,0,0,
CUST-101525,23,Female,Germany,814,3,43,2022-11-29,48139.21,2,1,0,278145.46,4,0.1732,-0.2833,0,0,
CUST-101526,27,Female,France,556,3,45,2022-09-29,104728.78,2,1,1,134766.81,23,0.0329,0.1971,0,0,
CUST-101527,46,Male,France,619,6,77,2020-01-29,51249.03,1,0,0,85706.36,8,0.2475,-0.1206,1,0,
CUST-101528,38,Female,France,724,6,72,2020-06-29,0.0,2,0,1,21734.9,33,0.0,0.0,0,0,
CUST-101529,54,Female,France,545,5,71,2020-07-29,0.0,1,1,1,128206.84,25,0.089,0.0,0,0,
CUST-101530,26,Female,France,675,8,107,2017-07-30,0.0,1,1,0,152146.7,6,0.2155,0.0,0,0,
CUST-101531,40,Female,France,468,2,28,2024-02-28,48562.75,1,0,1,38770.56,17,0.191,-0.0251,1,0,
CUST-101532,44,Male,France,668,2,29,2016-10-29,65818.42,1,1,0,98633.61,14,0.0554,0.0984,1,1,2019-03-30
CUST-101533,34,Male,Germany,655,9,112,2017-02-28,401706.08,2,1,1,78896.71,24,0.135,-0.1075,0,0,
CUST-101534,45,Female,Germany,666,3,41,2023-01-29,322355.81,2,1,1,69802.8,15,0.2591,-0.1379,0,0,
CUST-101535,46,Male,France,567,1,17,2025-01-28,22914.3,2,1,1,98180.07,26,0.2529,-0.0942,0,0,
CUST-101536,37,Male,France,672,0,6,2025-12-29,0.0,2,1,0,93805.69,8,0.3441,0.0,0,0,
CUST-101537,36,Male,Spain,646,0,9,2025-09-29,0.0,2,1,1,41978.39,29,0.0,0.0,0,0,
CUST-101538,48,Male,Germany,775,6,79,2016-12-29,505626.75,1,0,1,123677.0,31,0.12,-0.1482,0,1,2023-07-30
CUST-101539,39,Female,Spain,711,0,7,2025-11-28,0.0,1,0,1,32519.19,18,0.0862,0.0,0,0,
CUST-101540,43,Female,France,511,0,8,2019-07-30,98210.15,1,0,1,94829.94,16,0.6,-0.5139,2,1,2020-03-30
CUST-101541,39,Female,Spain,570,9,118,2016-08-29,0.0,1,1,1,85299.53,19,0.049,0.0,0,0,
CUST-101542,39,Male,France,591,3,38,2023-04-30,0.0,1,1,1,47960.02,19,0.2215,0.0,0,0,
CUST-101543,36,Male,France,667,2,26,2024-04-29,32423.6,1,1,1,144050.79,23,0.0085,0.2081,0,0,
CUST-101544,43,Female,France,634,9,110,2017-04-29,0.0,2,1,1,25601.67,24,0.0029,0.0,0,0,
CUST-101545,31,Male,France,633,0,1,2026-05-30,0.0,1,1,1,84068.16,27,0.0,0.0,0,0,
CUST-101546,26,Female,France,850,9,111,2017-03-30,148378.83,2,1,0,80702.62,3,0.1879,-0.0266,1,0,
CUST-101547,37,Female,France,601,8,105,2017-09-29,0.0,1,1,1,172961.86,18,0.3165,0.0,0,0,
CUST-101548,54,Male,Spain,784,3,47,2022-07-30,0.0,1,1,0,104048.72,5,0.0723,0.0,0,0,
CUST-101549,39,Male,France,636,0,1,2026-05-30,0.0,1,1,0,21314.17,21,0.1478,0.0,1,0,
CUST-101550,35,Female,France,441,0,2,2026-04-30,31699.74,2,1,1,56051.47,32,0.2689,0.0101,0,0,
CUST-101551,34,Male,France,668,4,55,2018-03-30,0.0,2,1,0,176011.68,12,0.5589,0.0,1,1,2022-10-29
CUST-101552,34,Female,France,757,1,21,2024-09-28,0.0,2,1,1,66164.3,34,0.0918,0.0,0,0,
CUST-101553,22,Female,France,711,0,8,2025-10-29,77715.14,2,1,0,39120.37,9,0.2316,-0.0176,0,0,
CUST-101554,51,Male,France,675,3,36,2017-04-29,0.0,1,1,0,70034.78,5,0.6643,0.0,2,1,2020-04-29
CUST-101555,33,Female,France,652,1,14,2025-04-29,57443.73,2,1,0,181196.77,10,0.0474,-0.0933,0,0,
CUST-101556,38,Male,Spain,603,0,4,2026-02-28,0.0,2,1,0,45162.64,15,0.3309,0.0,0,0,
CUST-101557,35,Male,Spain,736,2,28,2024-02-28,154901.05,2,1,0,40461.26,10,0.367,-0.1582,0,0,
CUST-101558,31,Female,France,608,6,79,2017-12-29,86408.66,1,1,1,63526.17,9,0.4026,-0.331,2,1,2024-07-29
CUST-101559,52,Female,Germany,589,5,63,2016-06-29,154254.82,2,1,0,50380.05,8,0.7595,-0.5385,3,1,2021-09-29
CUST-101560,29,Female,Spain,689,3,38,2023-04-30,91023.04,2,0,0,108002.28,11,0.3406,-0.0743,0,0,
CUST-101561,44,Female,Spain,621,7,89,2019-01-29,0.0,1,1,1,59318.77,22,0.1803,0.0,0,0,
CUST-101562,27,Male,Germany,773,1,23,2024-07-29,131312.88,1,0,0,87365.94,9,0.3174,-0.0445,0,0,
CUST-101563,36,Male,Spain,695,4,52,2022-02-28,0.0,1,1,0,176412.75,9,0.1084,0.0,0,0,
CUST-101564,50,Male,Spain,575,5,71,2017-04-29,398138.48,2,0,0,42740.87,5,0.6917,-0.5733,0,1,2023-03-30
CUST-101565,33,Male,Spain,540,3,40,2016-09-28,0.0,2,1,1,127354.61,15,0.3409,0.0,2,1,2020-01-29
CUST-101566,43,Male,France,595,7,86,2019-04-30,0.0,2,1,0,118453.68,7,0.1017,0.0,1,0,
CUST-101567,33,Male,France,850,8,96,2018-06-30,107407.13,1,1,0,36378.05,5,0.4476,-0.2611,0,0,
CUST-101568,34,Female,France,627,0,5,2026-01-28,0.0,1,1,0,153528.89,9,0.3556,0.0,1,0,
CUST-101569,46,Male,France,723,2,29,2024-01-29,122739.43,1,1,0,36604.81,6,0.1574,-0.1318,0,0,
CUST-101570,43,Female,France,525,7,94,2018-01-28,146507.5,2,0,0,32327.47,13,0.0,-0.1412,0,1,2025-11-28
CUST-101571,54,Female,France,546,1,16,2018-05-30,0.0,1,0,0,45350.28,3,0.7595,0.0,0,1,2019-09-29
CUST-101572,33,Female,Germany,632,8,105,2017-09-29,37058.95,2,0,0,46260.79,15,0.2075,-0.0013,0,0,
CUST-101573,41,Male,Germany,813,4,56,2021-10-29,11031.35,1,1,1,59516.91,26,0.0777,-0.0783,0,0,
CUST-101574,38,Female,Spain,526,0,9,2025-09-29,0.0,1,1,0,39137.76,8,0.3277,0.0,1,0,
CUST-101575,41,Female,France,590,5,67,2020-11-28,197272.43,1,0,0,98445.72,3,0.57,-0.2487,1,0,
CUST-101576,49,Male,France,737,2,33,2023-09-29,33745.69,1,1,1,67034.52,26,0.0228,0.0793,0,0,
CUST-101577,32,Male,Spain,803,4,48,2022-06-30,0.0,2,1,0,79667.29,3,0.4767,0.0,0,0,
CUST-101578,40,Male,Spain,692,10,120,2016-06-29,0.0,2,1,0,104561.68,14,0.1168,0.0,0,0,
CUST-101579,52,Female,Spain,715,3,43,2017-01-28,0.0,2,1,0,166450.36,4,0.6681,0.0,0,1,2020-08-29
CUST-101580,38,Female,Spain,564,0,7,2021-08-29,0.0,1,0,0,56715.64,7,0.7653,0.0,0,1,2022-03-30
CUST-101581,45,Male,Spain,523,7,94,2018-08-29,0.0,2,1,0,51349.09,16,0.2746,0.0,1,0,
CUST-101582,24,Female,France,540,2,30,2023-12-29,0.0,1,1,0,111800.39,9,0.2307,0.0,0,0,
CUST-101583,39,Male,France,566,2,33,2021-01-28,87208.38,1,1,0,143566.87,10,0.1262,0.0331,0,1,2023-10-30
CUST-101584,34,Male,France,672,0,9,2025-09-29,0.0,2,1,0,75224.89,8,0.376,0.0,0,0,
CUST-101585,22,Female,Germany,533,5,70,2020-08-29,40229.24,1,1,0,74844.0,10,0.1897,0.0463,0,0,
CUST-101586,43,Female,Spain,674,0,2,2026-04-30,0.0,2,1,0,64155.61,14,0.1602,0.0,1,0,
CUST-101587,40,Female,France,620,6,74,2020-04-29,52319.71,2,1,0,51292.62,6,0.1461,-0.1428,0,0,
CUST-101588,31,Male,Germany,596,2,34,2023-08-30,137028.45,2,1,0,57966.7,23,0.2907,-0.0019,1,0,
CUST-101589,27,Male,France,735,1,17,2025-01-28,0.0,1,0,0,68873.81,8,0.1433,0.0,0,0,
CUST-101590,62,Male,France,558,5,70,2020-08-29,0.0,1,1,1,103615.64,25,0.0201,0.0,0,0,
CUST-101591,41,Male,France,788,3,36,2023-06-30,0.0,2,1,0,114154.11,5,0.173,0.0,0,0,
CUST-101592,41,Male,France,730,5,65,2021-01-28,29108.27,1,0,1,43503.33,23,0.2527,-0.0733,2,0,
CUST-101593,32,Female,Spain,555,9,118,2016-08-29,178651.61,2,1,1,74558.88,12,0.1173,-0.0224,0,0,
CUST-101594,35,Female,France,765,2,31,2023-11-29,0.0,2,0,1,48524.24,21,0.1805,0.0,0,0,
CUST-101595,52,Male,Spain,544,9,114,2016-12-29,123183.49,1,1,1,62513.84,16,0.1402,-0.1676,0,0,
CUST-101596,38,Male,Germany,774,0,10,2025-08-29,31918.26,1,1,0,77330.33,15,0.2645,-0.0847,0,0,
CUST-101597,53,Male,France,682,1,21,2021-05-30,161422.75,1,0,0,122042.59,9,0.5614,-0.2675,0,1,2023-02-28
CUST-101598,41,Male,France,498,2,26,2024-04-29,149916.19,1,1,1,66660.28,20,0.2292,0.0366,0,0,
CUST-101599,49,Female,Spain,526,6,76,2020-02-28,409750.48,2,1,1,91928.93,16,0.6492,-0.1581,1,0,
CUST-101600,24,Male,France,611,5,69,2020-09-28,54088.07,2,1,1,40003.15,32,0.1035,0.0621,0,0,
CUST-101601,31,Female,Spain,733,6,80,2017-05-30,112046.87,2,1,0,38567.48,10,0.4015,0.1165,0,1,2024-01-29
CUST-101602,38,Male,France,634,0,3,2026-03-30,40707.3,1,1,1,62440.73,14,0.1917,-0.083,0,0,
CUST-101603,35,Male,Germany,631,4,49,2020-12-29,18161.66,1,1,0,451159.32,4,0.5421,-0.4803,0,1,2025-01-28
CUST-101604,43,Female,Spain,654,1,17,2025-01-28,0.0,1,1,1,46717.9,26,0.0408,0.0,0,0,
CUST-101605,27,Male,France,458,5,61,2021-05-30,87096.93,3,1,0,78331.06,2,0.7114,-0.4568,1,0,
CUST-101606,27,Male,France,729,7,93,2018-09-29,45965.82,2,0,0,90118.67,11,0.174,0.3413,0,0,
CUST-101607,43,Female,Spain,779,3,41,2023-01-29,0.0,1,0,1,73289.15,33,0.141,0.0,0,0,
CUST-101608,49,Male,France,726,0,3,2026-03-30,0.0,3,0,1,51825.1,15,0.3767,0.0,0,0,
CUST-101609,35,Male,France,609,8,104,2017-10-29,84575.2,1,0,1,97743.87,22,0.0925,-0.0864,1,0,
CUST-101610,55,Male,France,565,5,67,2020-11-28,24153.06,2,1,0,43626.81,16,0.1105,0.0352,0,0,
CUST-101611,59,Male,France,546,0,3,2026-03-30,37975.02,2,1,0,88741.31,12,0.0,-0.0299,0,0,
CUST-101612,37,Male,Spain,541,8,100,2018-02-28,100976.1,2,1,1,52256.1,30,0.0,-0.0087,0,0,
CUST-101613,34,Male,Spain,850,7,93,2018-09-29,109437.38,2,0,0,124528.19,11,0.2048,-0.0234,0,0,
CUST-101614,32,Female,France,642,6,77,2020-01-29,0.0,2,1,1,26925.49,24,0.1412,0.0,0,0,
CUST-101615,31,Female,Spain,737,2,24,2018-07-30,0.0,1,0,0,67774.08,3,0.8449,0.0,2,1,2020-07-29
CUST-101616,45,Male,France,732,5,71,2019-06-30,68993.54,2,0,1,38919.97,13,0.8063,-0.2927,2,1,2025-05-30
CUST-101617,30,Male,France,664,9,116,2016-10-29,0.0,2,0,1,113445.52,29,0.0,0.0,0,0,
CUST-101618,29,Male,Germany,561,1,16,2025-02-28,130769.03,1,1,0,114284.65,12,0.35,0.1178,0,0,
CUST-101619,31,Male,Spain,700,8,100,2018-02-28,181505.82,2,1,0,16980.7,8,0.0925,0.0994,1,0,
CUST-101620,37,Male,France,546,0,6,2025-12-29,0.0,2,1,0,36347.66,10,0.2628,0.0,1,0,
CUST-101621,38,Female,France,708,2,29,2024-01-29,0.0,1,0,0,120188.13,11,0.2937,0.0,0,0,
CUST-101622,44,Male,Germany,550,4,56,2020-12-29,107062.46,1,0,1,66891.23,34,0.2187,-0.0217,0,1,2025-08-29
CUST-101623,36,Male,Spain,608,4,49,2022-05-30,0.0,1,1,1,100715.0,29,0.2374,0.0,0,0,
CUST-101624,27,Female,France,608,7,92,2018-06-30,67296.14,1,0,0,71313.17,8,0.1679,-0.0665,0,1,2026-02-28
CUST-101625,34,Female,France,784,9,109,2017-05-30,50370.17,2,1,0,78630.7,8,0.1748,0.3109,0,0,
CUST-101626,37,Male,Germany,416,7,95,2018-07-30,21175.91,2,0,0,124024.74,5,0.5043,-0.3802,0,0,
CUST-101627,32,Male,France,850,7,86,2019-04-30,128360.31,1,0,0,37383.27,4,0.4729,-0.1626,0,0,
CUST-101628,40,Female,France,573,0,8,2025-10-29,0.0,2,0,1,56451.75,26,0.1261,0.0,1,0,
CUST-101629,23,Male,France,638,1,14,2025-04-29,103377.67,1,0,0,40731.62,18,0.4616,-0.1453,0,0,
CUST-101630,36,Female,France,690,0,2,2026-04-30,116209.94,2,0,1,83606.65,35,0.4032,0.0251,0,0,
CUST-101631,51,Female,France,681,3,39,2023-03-30,0.0,2,1,0,35082.09,9,0.2685,0.0,1,0,
CUST-101632,48,Male,Spain,731,1,14,2025-04-29,0.0,1,1,0,119629.92,14,0.1759,0.0,0,0,
CUST-101633,39,Male,Germany,709,2,24,2018-01-28,170079.01,1,1,0,53651.52,6,0.6162,-0.0673,2,1,2020-01-29
CUST-101634,38,Male,Germany,846,9,118,2016-08-29,396474.41,2,1,0,95391.22,11,0.2947,-0.1526,0,0,
CUST-101635,42,Male,Spain,720,0,7,2025-11-28,0.0,1,1,1,47903.44,23,0.2195,0.0,1,0,
CUST-101636,29,Male,France,639,1,20,2024-10-29,80141.76,2,1,0,112274.48,14,0.2175,-0.3605,0,0,
CUST-101637,47,Female,France,597,7,86,2019-04-30,0.0,1,1,1,138344.93,22,0.1963,0.0,0,0,
CUST-101638,54,Female,Spain,594,0,10,2025-08-29,267748.37,1,0,0,109458.33,9,0.2612,0.0813,0,0,
CUST-101639,36,Female,France,774,4,58,2016-08-29,16067.49,2,1,0,44314.81,5,0.5343,-0.2042,1,1,2021-06-29
CUST-101640,39,Female,Germany,818,1,19,2021-02-28,137411.29,1,1,0,160692.26,11,0.0708,-0.0298,0,1,2022-09-29
CUST-101641,44,Female,Spain,746,8,107,2017-07-30,99971.27,2,0,0,105305.47,12,0.2706,-0.076,0,0,
CUST-101642,31,Male,France,350,2,34,2016-12-29,0.0,3,0,0,50765.39,9,0.3565,0.0,1,1,2019-10-30
CUST-101643,55,Male,France,434,9,114,2016-12-29,56257.22,2,1,1,83935.49,27,0.0,0.0498,1,0,
CUST-101644,62,Female,France,649,2,26,2023-01-29,21933.56,1,0,1,167641.58,13,0.5878,-0.412,2,1,2025-03-30
CUST-101645,43,Female,France,634,6,82,2019-08-30,400252.94,2,1,0,43991.78,14,0.1633,0.0787,0,0,
CUST-101646,56,Male,France,652,3,41,2023-01-29,87210.82,2,0,1,43309.95,24,0.0512,0.033,1,0,
CUST-101647,29,Female,France,770,8,107,2017-07-30,189026.35,1,0,1,67072.83,27,0.2073,-0.1841,0,0,
CUST-101648,40,Male,Spain,765,9,114,2016-12-29,0.0,1,1,1,33322.43,29,0.0751,0.0,0,0,
CUST-101649,25,Male,Spain,667,4,59,2021-07-30,0.0,1,0,1,76439.51,23,0.0363,0.0,0,0,
CUST-101650,34,Female,Spain,504,6,81,2019-09-29,163538.87,1,0,0,107592.66,13,0.1556,-0.0586,0,0,
CUST-101651,34,Male,France,532,7,90,2018-12-29,0.0,2,0,1,79087.8,22,0.0025,0.0,1,0,
CUST-101652,32,Male,France,656,0,7,2025-11-28,0.0,2,1,1,48310.59,28,0.1444,0.0,0,0,
CUST-101653,29,Female,France,690,2,24,2024-06-29,260172.17,2,1,1,118632.38,24,0.137,-0.0512,0,0,
CUST-101654,43,Female,France,533,5,66,2020-12-29,134510.25,2,1,0,65545.47,10,0.3016,-0.0943,0,0,
CUST-101655,31,Male,Spain,713,7,90,2018-12-29,20657.58,2,1,0,46625.19,6,0.009,-0.1084,0,0,
CUST-101656,43,Female,France,482,1,13,2025-05-30,262625.17,1,0,1,83002.64,36,0.0416,0.0498,1,0,
CUST-101657,37,Male,France,394,0,7,2024-12-29,140154.52,1,1,0,139657.33,3,0.2624,-0.2319,0,1,2025-07-30
CUST-101658,41,Female,Spain,566,8,99,2018-03-30,0.0,2,1,0,52349.86,9,0.3533,0.0,0,0,
CUST-101659,33,Male,France,782,7,92,2018-10-29,79467.94,1,1,1,173614.12,18,0.0448,-0.0648,0,0,
CUST-101660,37,Female,France,796,6,83,2019-07-30,39464.83,2,1,1,75144.15,30,0.1612,-0.0021,1,0,
CUST-101661,65,Female,France,497,6,76,2017-10-29,99423.54,2,1,1,77224.47,14,0.5191,-0.2788,0,1,2024-02-28
CUST-101662,40,Male,Germany,504,5,65,2021-01-28,137545.13,1,1,0,76693.56,10,0.1752,-0.1352,0,0,
CUST-101663,55,Male,Spain,723,8,98,2018-04-30,96770.37,1,1,1,53100.9,14,0.516,-0.3859,1,0,
CUST-101664,54,Male,France,608,8,99,2018-03-30,0.0,1,0,1,35864.66,17,0.1656,0.0,0,0,
CUST-101665,74,Female,Spain,781,2,34,2023-08-30,0.0,1,1,1,211120.93,15,0.5527,0.0,0,0,
CUST-101666,28,Female,Spain,721,2,25,2024-05-30,0.0,2,1,1,37626.58,26,0.0807,0.0,0,0,
CUST-101667,54,Female,Spain,738,1,18,2024-12-29,0.0,2,1,0,142626.75,14,0.2973,0.0,0,0,
CUST-101668,37,Female,France,571,2,25,2020-06-29,0.0,1,1,0,186383.96,8,0.4457,0.0,1,1,2022-07-30
CUST-101669,34,Male,France,693,1,13,2025-05-30,63547.19,2,0,1,48626.24,19,0.0,0.0383,0,0,
CUST-101670,29,Female,Spain,844,2,32,2023-10-30,0.0,2,1,0,101187.66,3,0.0798,0.0,0,0,
CUST-101671,28,Male,France,664,6,73,2020-05-30,0.0,1,0,0,105257.11,9,0.196,0.0,0,0,
CUST-101672,42,Female,Germany,646,1,21,2024-09-28,192424.2,1,1,1,105383.86,22,0.0909,0.0027,0,0,
CUST-101673,27,Male,Spain,608,8,100,2018-02-28,59752.07,1,1,0,50887.84,19,0.6272,-0.102,0,0,
CUST-101674,43,Female,France,496,0,8,2025-10-29,23359.17,2,1,0,58181.68,7,0.399,0.0792,0,0,
CUST-101675,23,Male,Spain,545,3,40,2023-02-28,0.0,2,1,0,112057.63,13,0.4577,0.0,0,0,
CUST-101676,30,Male,Spain,564,5,66,2016-07-29,0.0,2,1,0,29221.92,8,0.4726,0.0,0,1,2022-01-28
CUST-101677,35,Male,Germany,492,3,46,2022-08-29,89898.66,2,1,0,23950.3,14,0.0913,-0.0463,1,0,
CUST-101678,38,Female,France,502,1,15,2025-03-30,59933.64,1,1,0,76243.41,13,0.0432,-0.1699,0,0,
CUST-101679,30,Male,Spain,415,2,27,2024-03-30,0.0,1,0,0,67064.03,7,0.3029,0.0,0,0,
CUST-101680,28,Male,Germany,575,7,94,2018-08-29,63193.31,1,1,0,78511.98,9,0.2421,0.1842,0,0,
CUST-101681,34,Male,Germany,715,6,82,2019-08-30,394393.17,2,0,0,48396.4,8,0.3298,-0.1326,0,0,
CUST-101682,32,Male,Spain,620,5,69,2019-06-30,0.0,1,0,1,110876.05,20,0.156,0.0,0,1,2025-03-30
CUST-101683,33,Female,Germany,620,4,58,2021-08-29,204523.58,2,0,0,114820.2,12,0.2454,-0.1803,0,0,
CUST-101684,44,Female,France,724,7,86,2019-04-30,0.0,1,0,1,78784.96,16,0.0606,0.0,0,0,
CUST-101685,51,Female,France,812,4,48,2020-06-29,45294.81,1,1,0,34790.33,4,0.6911,-0.1719,0,1,2024-06-29
CUST-101686,34,Female,France,850,4,49,2022-05-30,154406.54,2,0,1,127675.43,24,0.1996,-0.0832,0,0,
CUST-101687,44,Male,Germany,664,4,52,2016-09-28,116032.92,2,1,1,27397.04,16,0.2687,0.077,0,1,2021-01-28
CUST-101688,33,Male,Germany,623,4,50,2022-04-30,58898.84,2,1,1,35965.56,24,0.1634,-0.0213,0,0,
CUST-101689,32,Female,Germany,610,2,31,2019-06-30,155646.92,1,1,0,109320.83,6,0.801,-0.1807,1,1,2022-01-28
CUST-101690,34,Female,France,707,3,44,2022-10-29,0.0,1,1,0,38760.84,14,0.0355,0.0,1,0,
CUST-101691,49,Male,Spain,635,2,28,2024-02-28,22219.82,2,0,0,48018.96,13,0.1865,0.1365,0,0,
CUST-101692,26,Female,Spain,635,1,12,2025-06-29,0.0,2,0,0,77480.66,6,0.4396,0.0,0,0,
CUST-101693,26,Male,France,642,9,108,2017-05-30,190652.7,1,1,0,119497.59,6,0.5206,-0.3333,1,1,2026-05-30
CUST-101694,58,Male,Germany,560,0,5,2026-01-28,26069.74,1,1,0,99097.49,8,0.679,-0.2564,1,1,2026-06-30
CUST-101695,30,Male,Germany,426,9,119,2016-07-29,420647.95,2,0,1,148916.89,25,0.1969,-0.0857,0,0,
CUST-101696,36,Female,Germany,586,4,51,2022-03-30,270389.02,2,1,1,56213.87,44,0.1348,0.0035,0,0,
CUST-101697,33,Female,France,790,5,60,2021-06-29,0.0,1,0,0,44706.2,18,0.0708,0.0,0,0,
CUST-101698,54,Male,Spain,785,4,59,2021-07-30,0.0,2,1,1,35570.1,39,0.0,0.0,0,0,
CUST-101699,49,Female,Spain,740,0,7,2025-11-28,0.0,1,1,0,76566.04,11,0.4959,0.0,1,0,
CUST-101700,28,Female,Germany,603,1,18,2024-12-29,34081.71,1,1,0,83723.51,10,0.2935,-0.0868,0,0,
CUST-101701,38,Male,Spain,574,9,114,2016-12-29,0.0,1,1,0,276791.43,15,0.2825,0.0,0,0,
CUST-101702,40,Female,Spain,806,5,65,2021-01-28,0.0,1,0,0,100870.44,4,0.2153,0.0,1,0,
CUST-101703,43,Male,France,546,4,50,2022-04-30,42516.55,2,1,1,28056.45,30,0.1202,-0.2284,2,0,
CUST-101704,24,Male,Germany,654,1,16,2025-02-28,46627.51,1,1,1,135523.62,21,0.5572,-0.3191,1,0,
CUST-101705,26,Male,France,812,5,69,2020-09-28,88854.4,1,1,1,45238.2,25,0.2481,-0.1942,0,0,
CUST-101706,44,Male,Spain,662,3,38,2023-04-30,0.0,1,1,1,34978.29,17,0.0,0.0,1,0,
CUST-101707,27,Male,France,622,3,43,2021-03-30,0.0,1,1,0,127207.16,3,0.7828,0.0,2,1,2024-10-29
CUST-101708,40,Male,France,761,2,32,2023-10-30,0.0,1,1,0,114341.39,11,0.3931,0.0,2,0,
CUST-101709,28,Male,Spain,657,6,77,2020-01-29,0.0,1,0,0,131114.83,10,0.2682,0.0,0,0,
CUST-101710,26,Female,France,669,5,66,2020-12-29,183249.12,1,0,0,51077.68,11,0.428,0.1028,0,0,
CUST-101711,30,Female,Spain,795,9,114,2016-12-29,111437.03,2,0,1,244573.42,20,0.1004,0.1109,0,0,
CUST-101712,36,Male,France,406,7,85,2019-05-30,0.0,1,1,1,119170.06,24,0.0859,0.0,1,0,
CUST-101713,40,Male,Spain,684,2,35,2023-07-30,0.0,1,1,1,42693.21,31,0.2159,0.0,0,0,
CUST-101714,41,Male,Spain,576,2,30,2023-12-29,63504.81,2,1,0,243867.15,13,0.1204,0.1334,1,0,
CUST-101715,46,Female,France,630,2,26,2021-11-28,101553.86,1,1,0,98929.24,8,0.2524,-0.1708,0,1,2024-01-29
CUST-101716,30,Female,Spain,661,1,22,2024-08-29,0.0,1,0,1,71333.12,23,0.2509,0.0,1,0,
CUST-101717,45,Male,France,585,0,2,2026-04-30,122515.3,1,0,1,52950.6,20,0.1273,0.0201,0,0,
CUST-101718,37,Female,Germany,672,0,3,2026-03-30,47751.08,1,1,1,12288.48,19,0.1517,0.1229,0,0,
CUST-101719,39,Female,Germany,687,0,4,2026-02-28,146997.24,1,0,1,109651.04,27,0.1301,-0.1343,0,0,
CUST-101720,68,Female,Spain,670,1,21,2024-09-28,0.0,1,0,1,51190.94,23,0.0837,0.0,0,0,
CUST-101721,43,Male,France,661,7,94,2018-08-29,0.0,1,1,1,63254.64,32,0.1626,0.0,0,0,
CUST-101722,35,Female,France,639,8,96,2018-06-30,0.0,1,1,0,68216.33,4,0.8025,0.0,0,0,
CUST-101723,33,Female,Germany,641,7,90,2018-12-29,35620.08,1,1,1,44792.64,12,0.4783,-0.4053,1,0,
CUST-101724,37,Male,Germany,658,8,103,2017-11-28,35795.47,2,1,0,95709.06,4,0.7301,-0.3861,0,0,
CUST-101725,27,Male,France,560,9,116,2016-10-29,0.0,2,0,1,45328.49,23,0.3758,0.0,0,0,
CUST-101726,40,Male,France,772,8,102,2017-12-29,97247.46,2,1,1,29822.51,21,0.1565,-0.0133,0,0,
CUST-101727,36,Male,France,641,1,15,2025-03-30,0.0,1,0,1,74626.68,17,0.1423,0.0,0,0,
CUST-101728,39,Female,Spain,611,5,62,2021-04-29,0.0,2,0,0,52317.32,7,0.0687,0.0,0,0,
CUST-101729,37,Female,France,688,2,25,2024-05-30,0.0,2,0,1,24516.22,35,0.1698,0.0,1,0,
CUST-101730,27,Male,France,639,6,76,2020-02-28,96877.74,1,1,0,36632.24,12,0.2037,-0.1359,0,0,
CUST-101731,43,Female,Spain,769,4,52,2022-02-28,85609.79,2,1,1,78938.59,19,0.1522,0.0032,0,0,
CUST-101732,32,Male,France,736,3,46,2022-08-29,0.0,2,1,0,77754.47,13,0.1845,0.0,0,0,
CUST-101733,47,Female,Germany,659,1,16,2025-02-28,22982.58,1,1,1,154758.17,15,0.1971,-0.2902,1,0,
CUST-101734,44,Male,France,740,1,15,2019-05-30,0.0,1,1,0,137366.35,4,0.4592,0.0,0,1,2020-08-29
CUST-101735,57,Female,Spain,673,6,73,2016-12-29,99470.34,1,1,0,91682.24,3,0.8207,-0.4453,2,1,2023-01-29
CUST-101736,37,Female,Germany,539,1,13,2016-08-29,170526.68,1,1,0,48848.32,4,0.4168,-0.4197,0,1,2017-09-29
CUST-101737,46,Female,Spain,735,10,120,2016-06-29,0.0,2,1,0,53323.53,9,0.447,0.0,0,0,
CUST-101738,59,Female,France,468,3,36,2023-06-30,58828.16,2,0,0,91606.66,6,0.6251,-0.2442,1,0,
CUST-101739,31,Male,Germany,350,2,32,2020-09-28,104149.93,1,1,0,124339.89,7,0.3089,-0.0915,0,1,2023-05-30
CUST-101740,49,Female,Spain,717,1,17,2025-01-28,0.0,1,1,0,97126.84,15,0.2908,0.0,0,0,
CUST-101741,42,Female,France,693,7,87,2019-03-30,0.0,2,1,0,55629.16,14,0.2487,0.0,0,0,
CUST-101742,29,Male,France,686,5,65,2021-01-28,57685.49,2,1,0,80731.45,18,0.2135,-0.0487,1,0,
CUST-101743,35,Female,France,783,2,33,2023-09-29,0.0,2,1,0,62506.69,12,0.02,0.0,1,0,
CUST-101744,71,Male,Spain,648,1,19,2024-11-28,0.0,2,1,1,22517.45,13,0.2998,0.0,0,0,
CUST-101745,48,Male,Germany,614,5,69,2020-09-28,105460.5,2,0,1,64053.19,31,0.1749,-0.0877,0,0,
CUST-101746,41,Female,Germany,726,9,117,2016-09-28,82670.19,2,0,1,57441.18,28,0.1836,-0.2266,0,0,
CUST-101747,31,Male,Germany,581,2,32,2017-05-30,434930.28,2,0,0,111509.43,11,0.6205,-0.325,1,1,2020-01-29
CUST-101748,23,Male,Germany,627,5,70,2018-11-29,232368.56,2,0,0,39236.0,2,0.7383,-0.2639,2,1,2024-09-28
CUST-101749,27,Male,France,674,8,99,2018-03-30,130249.22,2,1,1,41805.81,21,0.1206,-0.0499,0,0,
CUST-101750,37,Female,France,682,5,62,2021-04-29,184175.77,2,1,0,128779.66,9,0.0281,-0.0707,1,0,
CUST-101751,37,Female,Germany,618,5,60,2021-06-29,147566.87,2,1,0,43391.23,11,0.1601,-0.0879,0,0,
CUST-101752,52,Male,France,603,6,82,2019-08-30,0.0,2,1,0,49282.89,7,0.1862,0.0,0,0,
CUST-101753,30,Female,Spain,542,6,74,2020-04-29,0.0,2,1,1,94622.38,31,0.1372,0.0,0,0,
CUST-101754,29,Female,Spain,574,3,41,2023-01-29,190230.11,1,1,1,106590.53,19,0.3901,-0.0314,0,0,
CUST-101755,43,Female,France,825,0,4,2026-02-28,86964.43,2,1,0,155203.46,15,0.1731,-0.2149,0,0,
CUST-101756,34,Female,Germany,625,1,23,2019-03-30,180786.88,3,1,1,59252.16,26,0.2175,-0.1907,0,1,2021-02-28
CUST-101757,34,Female,France,668,0,6,2021-04-29,169357.57,1,1,0,61127.15,14,0.2138,0.079,0,1,2021-10-29
CUST-101758,50,Male,Spain,507,3,41,2023-01-29,0.0,1,1,1,65817.93,43,0.0819,0.0,0,0,
CUST-101759,29,Male,Spain,850,8,97,2018-05-30,0.0,1,1,1,51679.81,26,0.1967,0.0,1,0,
CUST-101760,48,Female,Spain,567,8,97,2018-05-30,352208.29,2,1,1,91409.7,17,0.1604,-0.0657,0,0,
CUST-101761,41,Male,France,537,4,55,2021-11-28,76291.13,2,1,1,60076.91,32,0.0824,0.0337,0,0,
CUST-101762,33,Male,France,644,0,11,2025-07-30,116232.43,1,0,0,36766.93,10,0.1387,0.1682,0,0,
CUST-101763,37,Male,France,564,4,53,2022-01-28,0.0,2,0,1,27246.38,21,0.2603,0.0,0,0,
CUST-101764,30,Male,France,685,6,75,2020-03-30,27305.11,2,1,1,67179.51,24,0.1207,-0.0716,0,0,
CUST-101765,35,Female,France,505,9,117,2016-09-28,17278.58,2,0,0,101288.85,17,0.2587,0.103,0,0,
CUST-101766,58,Male,France,759,6,72,2020-06-29,77790.41,2,0,1,49363.17,27,0.1735,-0.2112,0,0,
CUST-101767,31,Female,Spain,740,7,84,2019-06-30,25157.18,2,0,0,35103.63,13,0.0532,-0.0727,0,0,
CUST-101768,25,Female,France,639,0,5,2026-01-28,0.0,1,0,0,167438.32,12,0.4067,0.0,0,0,
CUST-101769,37,Male,France,491,5,70,2020-08-29,175355.64,1,1,0,59249.85,3,0.5921,-0.177,2,0,
CUST-101770,55,Male,Spain,572,0,9,2023-11-29,0.0,1,1,1,118094.48,37,0.1064,0.0,0,1,2024-08-29
CUST-101771,39,Male,Germany,656,4,51,2022-03-30,84976.94,1,1,0,128458.41,9,0.1976,-0.0618,1,0,
CUST-101772,35,Male,Spain,534,5,64,2021-02-28,216006.15,2,1,1,165231.17,33,0.1938,0.0183,0,0,
CUST-101773,34,Male,Germany,549,5,63,2021-03-30,94842.11,2,1,1,69777.72,31,0.0,0.0436,0,0,
CUST-101774,48,Female,Spain,751,1,18,2024-12-29,0.0,1,1,1,32799.33,31,0.1846,0.0,0,0,
CUST-101775,40,Male,Germany,665,8,102,2017-12-29,488956.8,2,1,0,25154.64,10,0.1173,-0.0159,0,0,
CUST-101776,28,Male,Germany,662,3,39,2023-03-30,32265.31,1,1,0,62228.64,3,0.6075,-0.285,0,0,
CUST-101777,43,Male,Germany,701,1,14,2018-08-29,353338.36,1,1,0,183060.54,2,0.6969,-0.4378,2,1,2019-10-30
CUST-101778,38,Male,France,634,3,36,2023-06-30,19608.27,1,1,1,74987.21,16,0.0431,-0.0679,0,0,
CUST-101779,46,Male,France,644,8,106,2017-08-29,86960.28,1,1,1,151908.52,25,0.2974,0.0394,0,0,
CUST-101780,58,Female,France,694,1,14,2025-04-29,137809.56,2,1,1,42196.73,26,0.1835,-0.1942,0,0,
CUST-101781,60,Male,France,728,4,56,2018-04-30,59359.86,1,1,1,160074.03,9,0.5603,-0.5184,4,1,2022-12-29
CUST-101782,37,Male,Spain,698,3,37,2023-05-30,110755.71,1,1,1,104348.9,23,0.0663,0.1937,0,0,
CUST-101783,40,Female,France,790,9,118,2016-08-29,0.0,1,0,1,77353.08,33,0.196,0.0,0,0,
CUST-101784,57,Female,France,652,1,22,2024-08-29,0.0,2,1,1,120668.14,27,0.2448,0.0,0,0,
CUST-101785,38,Female,France,521,4,55,2021-11-28,75062.83,1,1,0,52657.53,8,0.0918,-0.1306,0,0,
CUST-101786,48,Male,Spain,754,8,97,2018-05-30,51139.32,2,1,0,92872.04,12,0.353,0.011,0,0,
CUST-101787,30,Female,France,626,9,111,2017-03-30,0.0,2,0,0,45228.51,13,0.3025,0.0,0,0,
CUST-101788,31,Male,Germany,576,3,38,2023-04-30,68072.75,1,1,0,51460.77,11,0.1253,-0.0755,1,0,
CUST-101789,62,Female,Spain,718,0,11,2018-10-29,0.0,1,0,1,43467.05,20,0.3043,0.0,1,1,2019-09-29
CUST-101790,62,Male,France,686,8,104,2017-10-29,68720.61,2,1,0,44041.7,8,0.3698,-0.0244,1,0,
CUST-101791,45,Female,Spain,527,7,87,2019-03-30,0.0,2,1,0,27697.28,13,0.1721,0.0,0,0,
CUST-101792,36,Female,France,714,7,85,2019-05-30,0.0,1,1,0,251631.64,8,0.3792,0.0,0,0,
CUST-101793,32,Female,France,830,0,9,2024-10-29,0.0,1,1,0,37168.89,12,0.3354,0.0,0,1,2025-07-30
CUST-101794,34,Male,Germany,681,6,72,2016-07-29,36246.78,1,0,0,127108.16,7,0.6933,-0.4542,3,1,2022-07-30
CUST-101795,28,Female,Spain,625,2,33,2023-09-29,99787.54,2,1,0,28451.79,7,0.1969,0.0733,0,0,
CUST-101796,44,Female,France,490,9,112,2017-02-28,42853.08,2,1,1,52404.15,25,0.174,0.1732,0,0,
CUST-101797,43,Male,Germany,847,1,22,2024-08-29,112730.31,1,0,0,59130.47,5,0.1139,-0.0159,0,0,
CUST-101798,42,Male,France,600,7,85,2018-06-30,0.0,1,1,0,157400.05,11,0.4251,0.0,1,1,2025-07-30
CUST-101799,53,Male,Germany,515,3,46,2022-08-29,308328.23,1,1,1,86375.71,27,0.0,0.1922,0,0,
CUST-101800,38,Male,Germany,661,7,91,2018-11-29,80614.23,2,1,1,39921.41,29,0.1346,-0.1771,0,0,
CUST-101801,41,Female,Germany,747,9,111,2017-03-30,808797.32,1,0,1,62940.61,20,0.2286,-0.1775,1,0,
CUST-101802,25,Male,Germany,769,6,79,2019-11-29,144136.51,1,0,1,138266.73,22,0.2034,0.0198,0,0,
CUST-101803,45,Female,France,585,0,6,2025-12-29,97470.87,2,1,0,128292.13,4,0.3979,-0.0613,1,0,
CUST-101804,43,Female,Germany,641,1,15,2025-03-30,416042.07,1,1,0,49849.84,4,0.7843,-0.1583,0,0,
CUST-101805,28,Female,Germany,650,5,69,2020-09-28,43444.27,2,0,1,32074.51,18,0.1022,0.0152,0,0,
CUST-101806,36,Female,Germany,744,9,117,2016-09-28,86980.02,2,0,1,50573.26,22,0.0762,0.0462,0,0,
CUST-101807,51,Female,France,707,1,17,2025-01-28,69369.72,2,1,1,104596.96,18,0.1311,0.0748,0,0,
CUST-101808,41,Male,France,676,1,17,2025-01-28,0.0,2,1,0,27421.0,7,0.2517,0.0,1,0,
CUST-101809,32,Male,France,738,4,56,2020-01-29,0.0,1,1,1,65453.48,23,0.2661,0.0,0,1,2024-09-28
CUST-101810,43,Female,France,519,6,81,2019-09-29,0.0,2,1,1,36823.22,24,0.1006,0.0,0,0,
CUST-101811,60,Female,France,690,4,58,2021-08-29,150158.5,2,1,1,55108.1,13,0.4621,-0.1909,0,0,
CUST-101812,27,Male,France,671,1,18,2024-12-29,148214.51,1,0,1,95380.22,30,0.1832,-0.1361,0,0,
CUST-101813,44,Female,Germany,645,8,106,2017-08-29,22756.6,2,1,1,69483.13,25,0.174,-0.0885,1,0,
CUST-101814,40,Female,France,626,1,15,2025-03-30,228891.15,2,0,0,105537.79,10,0.3368,-0.125,0,0,
CUST-101815,28,Male,Spain,663,1,19,2024-11-28,48295.62,2,1,0,141212.48,12,0.2221,0.1182,1,0,
CUST-101816,41,Female,Germany,595,7,84,2019-06-30,192391.33,1,1,1,560273.16,24,0.1586,-0.1643,0,0,
CUST-101817,33,Female,Spain,850,1,16,2025-02-28,32376.38,1,1,1,118607.97,28,0.1645,-0.1024,0,0,
CUST-101818,35,Male,France,780,5,62,2021-04-29,117908.05,1,1,0,100254.68,6,0.2722,-0.0879,0,0,
CUST-101819,43,Male,France,755,10,120,2016-06-29,53299.24,2,1,0,50211.37,13,0.193,0.06,0,0,
CUST-101820,42,Male,Germany,599,6,81,2019-09-29,105599.67,2,1,0,117750.46,16,0.1781,0.1004,1,0,
CUST-101821,42,Female,Spain,558,4,57,2021-09-29,0.0,1,1,1,170203.3,27,0.0889,0.0,1,0,
CUST-101822,71,Male,France,630,8,98,2018-04-30,0.0,2,1,1,49660.94,19,0.1759,0.0,1,0,
CUST-101823,36,Female,Germany,661,3,45,2022-09-29,73533.65,1,1,0,52905.55,8,0.3249,0.088,0,0,
CUST-101824,29,Female,Germany,511,0,11,2025-07-30,60089.58,1,1,1,50409.42,37,0.1157,0.1852,0,0,
CUST-101825,45,Female,Germany,696,6,80,2019-10-30,239749.34,1,0,1,34779.8,34,0.1434,0.0591,0,0,
CUST-101826,40,Male,France,754,8,104,2017-10-29,0.0,1,1,1,71373.0,21,0.1119,0.0,0,0,
CUST-101827,33,Male,Germany,435,5,67,2020-11-28,403763.71,2,1,1,34304.48,13,0.2595,0.1187,0,0,
CUST-101828,32,Male,France,564,0,10,2025-08-29,0.0,1,1,1,68171.16,22,0.0,0.0,0,0,
CUST-101829,54,Male,Spain,768,2,24,2024-06-29,82745.7,2,0,0,85848.49,6,0.564,-0.3304,3,0,
CUST-101830,24,Male,France,686,9,109,2017-05-30,96009.41,1,0,1,84113.05,17,0.0089,0.058,1,0,
CUST-101831,40,Male,France,567,2,34,2023-08-30,52481.15,1,0,1,54816.71,20,0.086,-0.0609,1,0,
CUST-101832,32,Male,Spain,721,6,80,2019-10-30,0.0,1,1,1,30712.98,28,0.1642,0.0,0,0,
CUST-101833,42,Female,France,593,1,17,2025-01-28,59023.95,2,0,0,140747.5,8,0.3908,-0.0282,1,0,
CUST-101834,31,Male,France,627,4,59,2021-07-30,0.0,1,1,0,27232.88,14,0.181,0.0,0,0,
CUST-101835,42,Male,France,541,1,17,2018-11-29,142627.68,1,1,1,76806.67,16,0.5764,-0.093,0,1,2020-04-29
CUST-101836,50,Female,France,652,4,56,2021-10-29,0.0,1,1,1,163005.83,29,0.275,0.0,0,0,
CUST-101837,33,Male,France,748,9,117,2016-09-28,0.0,2,0,0,75727.38,3,0.5432,0.0,2,0,
CUST-101838,34,Female,France,604,0,3,2026-03-30,0.0,1,0,1,145461.47,21,0.0298,0.0,0,0,
CUST-101839,41,Female,Spain,712,3,38,2019-03-30,124743.21,3,1,1,95303.77,26,0.1567,-0.1542,0,1,2022-05-30
CUST-101840,46,Male,Germany,645,3,46,2022-08-29,102413.05,1,1,1,33458.45,20,0.3557,-0.2097,0,0,
CUST-101841,66,Female,France,754,4,48,2017-08-29,77317.72,1,0,1,148117.57,8,0.4434,-0.2906,0,1,2021-08-29
CUST-101842,34,Female,Germany,606,1,14,2025-04-29,75537.83,2,0,0,52067.43,10,0.1347,0.013,1,0,
CUST-101843,34,Female,France,799,0,6,2025-12-29,119797.6,1,1,1,56878.03,33,0.1467,-0.2491,0,0,
CUST-101844,29,Male,Spain,715,6,75,2020-03-30,0.0,1,0,1,104876.47,23,0.2434,0.0,0,0,
CUST-101845,23,Male,France,673,4,54,2021-12-29,0.0,2,1,0,42748.92,11,0.217,0.0,0,0,
CUST-101846,50,Male,Germany,677,7,86,2019-04-30,21815.12,1,1,1,120737.51,13,0.4662,-0.0053,0,0,
CUST-101847,36,Female,France,605,3,43,2016-12-29,0.0,1,1,0,90790.36,7,0.487,0.0,1,1,2020-07-29
CUST-101848,29,Male,Germany,599,9,114,2016-12-29,163367.56,1,0,1,178865.33,14,0.2848,-0.0165,2,0,
CUST-101849,47,Male,France,675,8,102,2017-12-29,0.0,2,1,1,135327.61,32,0.1777,0.0,1,0,
CUST-101850,49,Male,Spain,535,7,92,2018-10-29,0.0,2,1,0,64324.02,14,0.1729,0.0,0,0,
CUST-101851,45,Male,France,592,4,48,2022-06-30,0.0,2,1,1,57262.71,21,0.059,0.0,0,0,
CUST-101852,34,Male,Spain,560,9,117,2016-09-28,62586.43,3,1,1,48143.87,24,0.1698,0.0039,0,0,
CUST-101853,41,Male,Germany,705,1,12,2025-06-29,22789.34,2,0,0,62746.45,8,0.3054,-0.1355,0,0,
CUST-101854,30,Female,Spain,706,2,28,2024-02-28,0.0,1,0,1,43844.03,30,0.0957,0.0,1,0,
CUST-101855,45,Male,Spain,772,0,1,2026-05-30,0.0,2,1,1,60741.55,30,0.145,0.0,0,0,
CUST-101856,33,Male,Spain,618,6,83,2019-07-30,57367.47,2,1,0,35901.12,15,0.0,-0.2211,0,0,
CUST-101857,52,Male,France,572,4,49,2022-01-28,49100.27,1,1,0,42133.13,5,0.7954,-0.3098,3,1,2026-02-28
CUST-101858,43,Female,France,509,2,31,2023-11-29,0.0,2,1,0,152755.84,6,0.201,0.0,0,0,
CUST-101859,28,Female,France,676,9,115,2016-11-28,0.0,1,1,1,34449.97,23,0.0653,0.0,0,0,
CUST-101860,50,Male,France,784,1,18,2024-09-28,0.0,1,1,0,32816.98,3,0.574,0.0,1,1,2026-03-30
CUST-101861,49,Female,Germany,643,1,21,2024-09-28,45906.09,2,1,0,48304.8,16,0.1982,-0.0584,0,0,
CUST-101862,47,Female,Spain,653,3,41,2021-04-29,54124.27,1,0,0,152574.9,3,0.6572,-0.2481,0,1,2024-09-28
CUST-101863,47,Female,Spain,649,2,32,2023-10-30,0.0,1,1,0,42908.69,4,0.6597,0.0,1,0,
CUST-101864,38,Female,Germany,674,0,7,2021-05-30,158938.24,1,1,0,60770.59,8,0.6167,-0.1833,0,1,2021-12-29
CUST-101865,40,Male,Germany,746,5,64,2021-02-28,79261.83,2,0,0,84018.32,3,0.5355,-0.5256,0,0,
CUST-101866,36,Female,Spain,834,9,113,2017-01-28,0.0,2,1,0,96125.2,8,0.1836,0.0,0,0,
CUST-101867,25,Male,Spain,698,1,23,2024-07-29,0.0,2,1,1,67760.56,22,0.2004,0.0,1,0,
CUST-101868,43,Female,France,704,6,75,2020-03-30,381806.63,2,1,1,89096.5,28,0.2679,-0.272,0,0,
CUST-101869,27,Male,Germany,627,0,3,2022-04-30,351314.43,4,0,1,122224.12,13,0.5305,-0.3931,0,1,2022-07-30
CUST-101870,29,Male,Spain,640,0,9,2022-06-30,79031.68,1,1,0,35422.47,10,0.3742,-0.0816,0,1,2023-03-30
CUST-101871,32,Male,France,638,2,25,2024-05-30,0.0,1,1,0,49451.17,9,0.2603,0.0,0,0,
CUST-101872,38,Female,France,615,6,77,2020-01-29,0.0,2,1,1,45319.89,32,0.1353,0.0,0,0,
CUST-101873,62,Female,Spain,662,4,52,2021-07-30,0.0,2,1,0,58712.19,7,0.5288,0.0,4,1,2025-11-28
CUST-101874,32,Male,Spain,710,1,12,2025-06-29,0.0,2,1,0,142395.25,9,0.2748,0.0,0,0,
CUST-101875,63,Male,Spain,656,1,18,2016-10-29,131910.28,2,1,0,122907.53,12,0.1005,-0.2981,0,1,2018-04-30
CUST-101876,48,Male,Spain,623,9,110,2017-04-29,0.0,1,1,0,68662.05,12,0.2844,0.0,0,0,
CUST-101877,41,Female,France,662,8,102,2017-12-29,149145.42,2,0,1,112032.3,29,0.0773,-0.1909,0,0,
CUST-101878,31,Male,France,558,3,36,2023-06-30,23831.48,1,1,1,230569.92,25,0.2191,-0.0613,0,0,
CUST-101879,38,Male,Germany,727,7,91,2018-11-29,64809.19,1,1,1,36266.21,27,0.1482,0.1391,1,0,
CUST-101880,39,Female,Germany,610,2,26,2024-04-29,195122.76,2,1,0,49945.07,13,0.398,0.2044,1,0,
CUST-101881,45,Female,Germany,539,6,77,2020-01-29,23856.57,2,1,0,62017.85,10,0.6014,-0.3173,0,1,2026-06-30
CUST-101882,32,Female,Germany,694,4,55,2021-11-28,92963.29,1,1,1,88545.32,17,0.2466,-0.1316,0,0,
CUST-101883,49,Female,France,699,2,31,2023-11-29,62629.66,2,1,0,95606.15,9,0.2221,0.1503,0,0,
CUST-101884,37,Female,Germany,567,4,56,2021-01-28,32686.78,2,1,1,40148.16,11,0.6418,-0.2165,1,1,2025-09-29
CUST-101885,43,Male,France,710,5,67,2020-11-28,186779.24,1,0,1,79442.84,25,0.1533,-0.1451,0,0,
CUST-101886,36,Male,France,711,1,20,2019-12-29,0.0,1,1,0,114648.57,5,0.6857,0.0,1,1,2021-08-29
CUST-101887,54,Female,France,840,7,95,2016-08-29,479021.89,1,0,0,36799.23,8,0.405,-0.033,0,1,2024-07-29
CUST-101888,30,Male,France,627,6,82,2019-08-30,0.0,1,1,0,78195.21,15,0.2684,0.0,0,0,
CUST-101889,41,Female,Spain,645,4,55,2021-11-28,207938.5,1,0,1,51368.65,29,0.1377,0.0252,0,0,
CUST-101890,28,Male,France,592,3,40,2023-02-28,0.0,1,1,1,32549.39,18,0.2183,0.0,1,0,
CUST-101891,44,Male,France,697,4,49,2021-04-29,114508.01,1,0,1,123526.83,14,0.7656,-0.492,0,1,2025-05-30
CUST-101892,29,Male,Spain,650,6,76,2020-02-28,94130.44,1,1,1,93024.79,20,0.315,0.0076,0,0,
CUST-101893,35,Female,Germany,745,0,9,2025-09-29,162699.76,1,0,0,43931.07,15,0.4198,0.1259,1,0,
CUST-101894,34,Female,France,608,2,28,2024-02-28,0.0,2,1,0,119181.6,9,0.2816,0.0,0,0,
CUST-101895,69,Male,France,695,8,107,2017-07-30,114203.79,1,1,1,231043.57,29,0.0,0.0829,0,0,
CUST-101896,32,Male,France,627,7,93,2018-09-29,50265.15,1,1,1,76316.78,30,0.1395,-0.001,0,0,
CUST-101897,49,Male,Germany,473,2,26,2021-02-28,27798.63,1,1,0,33662.06,8,0.5063,0.1226,0,1,2023-04-30
CUST-101898,23,Male,France,710,4,59,2021-07-30,0.0,2,1,0,61009.19,10,0.3956,0.0,0,0,
CUST-101899,38,Male,France,482,0,11,2025-07-30,0.0,1,0,1,24769.77,23,0.1518,0.0,1,0,
CUST-101900,54,Female,France,635,0,5,2024-08-29,184550.78,2,1,0,67398.9,6,0.8709,-0.3334,1,1,2025-01-28
CUST-101901,26,Male,Germany,636,4,51,2022-03-30,241539.15,1,1,1,58285.62,29,0.0333,-0.1003,0,0,
CUST-101902,48,Male,France,649,2,26,2024-04-29,140320.29,1,0,0,110684.06,12,0.0908,0.0104,0,0,
CUST-101903,37,Male,Spain,655,7,86,2019-04-30,84019.56,1,0,0,51823.38,13,0.251,-0.1391,0,0,
CUST-101904,24,Male,France,654,8,103,2017-11-28,0.0,2,0,0,117815.88,8,0.0367,0.0,2,0,
CUST-101905,50,Male,Germany,685,9,114,2016-12-29,90014.89,2,1,1,46360.16,30,0.2607,-0.1159,0,0,
CUST-101906,44,Female,France,640,9,117,2016-09-28,71413.05,1,0,1,67435.34,22,0.1916,0.1841,0,0,
CUST-101907,31,Female,France,850,1,14,2022-08-29,62031.0,3,1,0,33220.97,0,0.5077,-0.4917,1,1,2023-10-30
CUST-101908,45,Female,France,617,8,103,2017-11-28,0.0,1,0,1,40010.55,18,0.2946,0.0,0,0,
CUST-101909,26,Male,Spain,533,0,10,2025-08-29,89340.72,1,1,1,110795.13,25,0.1253,0.1377,0,0,
CUST-101910,33,Female,Spain,515,5,71,2020-07-29,0.0,2,1,1,129715.98,11,0.5337,0.0,0,0,
CUST-101911,38,Female,France,713,2,30,2023-12-29,0.0,1,1,0,50246.11,3,0.2453,0.0,1,0,
CUST-101912,38,Female,France,497,0,3,2026-03-30,30549.48,2,1,1,95794.08,34,0.0921,-0.0111,0,0,
CUST-101913,42,Female,Spain,534,2,29,2024-01-29,131432.05,2,1,1,110555.45,16,0.0,-0.1613,0,0,
CUST-101914,68,Male,Germany,520,0,5,2026-01-28,95130.3,1,1,1,40019.25,6,0.3701,-0.3797,1,0,
CUST-101915,29,Female,France,694,4,57,2018-03-30,110708.46,1,1,1,92288.2,13,0.4945,-0.4041,1,1,2022-12-29
CUST-101916,40,Female,France,778,5,60,2021-06-29,0.0,2,1,0,72485.19,6,0.2345,0.0,0,0,
CUST-101917,40,Female,Germany,559,1,23,2024-07-29,90889.23,2,1,0,87318.67,6,0.1923,-0.3277,0,0,
CUST-101918,52,Female,Germany,691,1,13,2021-07-30,329704.49,3,1,1,67355.19,14,0.7949,-0.3912,0,1,2022-08-29
CUST-101919,37,Female,Germany,397,6,76,2020-02-28,65891.13,2,1,1,22303.08,26,0.1405,0.0332,1,0,
CUST-101920,25,Male,Spain,579,9,110,2017-04-29,53066.76,2,1,0,78935.05,10,0.325,0.0083,0,0,
CUST-101921,39,Female,France,708,8,101,2017-09-29,50432.75,1,0,0,65720.42,8,0.2004,-0.1287,1,1,2026-02-28
CUST-101922,24,Female,France,620,3,40,2023-02-28,37595.68,2,1,0,59958.58,8,0.1306,-0.1789,0,0,
CUST-101923,50,Female,France,745,5,65,2021-01-28,142868.64,1,1,1,29182.06,25,0.101,-0.0089,0,0,
CUST-101924,38,Female,France,436,3,42,2022-12-29,0.0,1,1,1,124868.63,26,0.1221,0.0,0,0,
CUST-101925,42,Male,France,579,0,2,2026-04-30,0.0,2,0,1,73630.47,20,0.0,0.0,0,0,
CUST-101926,30,Male,France,693,3,47,2022-07-30,134888.5,1,1,1,23669.49,35,0.0649,0.0582,0,0,
CUST-101927,30,Male,France,692,9,113,2017-01-28,202140.47,1,0,1,152171.99,25,0.1249,0.0136,0,0,
CUST-101928,44,Female,Germany,700,5,65,2021-01-28,105687.78,2,0,1,91030.65,24,0.0451,-0.1566,0,0,
CUST-101929,35,Female,France,670,7,93,2018-09-29,0.0,2,1,0,119522.62,10,0.3523,0.0,0,0,
CUST-101930,32,Female,France,540,4,54,2021-12-29,0.0,1,0,1,61158.94,13,0.3961,0.0,1,0,
CUST-101931,54,Female,Germany,575,0,8,2025-10-29,144919.38,1,1,1,71480.72,16,0.2403,-0.1301,0,0,
CUST-101932,39,Female,Germany,850,8,96,2018-06-30,72885.07,2,0,1,129308.44,18,0.1704,0.1749,0,0,
CUST-101933,33,Male,Spain,529,3,39,2023-03-30,0.0,1,1,0,91470.04,9,0.1933,0.0,0,0,
CUST-101934,40,Female,Spain,514,4,48,2022-06-30,58453.96,1,1,0,66730.53,2,0.7315,-0.2599,1,0,
CUST-101935,34,Female,Germany,715,1,21,2024-09-28,114175.46,2,1,1,50692.19,15,0.5276,-0.1539,0,0,
CUST-101936,43,Female,France,548,8,106,2016-12-29,210501.52,1,1,0,17601.1,9,0.7432,-0.4845,2,1,2025-10-29
CUST-101937,29,Female,France,822,8,96,2018-06-30,129594.47,1,0,1,119030.32,21,0.0288,-0.2233,0,0,
CUST-101938,50,Female,Germany,850,1,14,2023-11-29,52903.61,1,0,0,121024.53,3,0.6365,-0.4928,1,1,2025-01-28
CUST-101939,34,Male,France,627,0,6,2019-02-28,36647.83,3,1,0,108552.4,6,0.8216,-0.308,1,1,2019-08-30
CUST-101940,28,Female,France,680,1,17,2021-02-28,0.0,2,0,0,134916.72,5,0.6251,0.0,3,1,2022-07-30
CUST-101941,28,Male,France,475,4,57,2021-09-29,0.0,2,1,1,43255.76,15,0.3332,0.0,0,0,
CUST-101942,36,Male,France,749,4,52,2022-02-28,165788.54,2,0,0,59535.49,9,0.1236,-0.0335,0,0,
CUST-101943,32,Male,France,435,5,68,2020-10-29,428287.35,1,1,0,55429.52,10,0.2587,0.1236,0,0,
CUST-101944,27,Male,France,521,1,17,2025-01-28,0.0,1,0,1,24539.83,24,0.0,0.0,0,0,
CUST-101945,27,Male,Spain,661,1,21,2024-09-28,81259.56,1,1,0,51841.25,12,0.3848,-0.0308,0,0,
CUST-101946,38,Female,Spain,703,5,68,2016-08-29,0.0,2,0,0,79065.61,9,0.5213,0.0,0,1,2022-04-30
CUST-101947,40,Male,France,508,1,22,2024-08-29,87771.74,1,1,0,128124.03,12,0.0771,0.0641,0,0,
CUST-101948,39,Male,Spain,598,7,85,2019-05-30,56977.17,2,1,0,95797.69,8,0.1839,-0.0003,0,0,
CUST-101949,54,Male,France,490,0,8,2025-10-29,125371.04,1,0,0,50946.32,6,0.2128,0.2648,0,0,
CUST-101950,42,Male,Spain,620,4,56,2021-10-29,107927.98,1,1,0,121878.1,5,0.66,-0.5288,1,1,2026-06-30
CUST-101951,33,Female,Spain,573,8,99,2018-03-30,0.0,1,1,0,85244.15,11,0.2798,0.0,0,0,
CUST-101952,84,Male,France,589,1,20,2024-10-29,0.0,1,1,0,29350.09,8,0.3766,0.0,1,0,
CUST-101953,30,Male,Spain,713,4,49,2022-05-30,0.0,1,1,1,80808.4,16,0.0,0.0,1,0,
CUST-101954,26,Female,Spain,677,8,106,2017-08-29,0.0,3,1,1,112754.17,24,0.0,0.0,0,0,
CUST-101955,45,Female,Spain,704,6,83,2019-07-30,0.0,1,0,1,98207.89,35,0.0,0.0,0,0,
CUST-101956,62,Female,Spain,638,3,44,2022-10-29,0.0,2,1,0,38385.11,5,0.157,0.0,0,0,
CUST-101957,48,Female,Germany,719,9,118,2016-08-29,46023.91,2,1,1,43640.4,33,0.3203,0.0702,0,0,
CUST-101958,35,Male,France,647,3,38,2023-04-30,0.0,1,1,1,228989.26,19,0.0916,0.0,0,0,
CUST-101959,31,Female,Spain,603,7,92,2018-10-29,103357.02,1,1,1,44604.88,27,0.0756,0.1354,0,0,
CUST-101960,44,Male,Germany,705,0,2,2026-04-30,93901.33,2,1,0,75774.07,7,0.2735,0.0294,0,0,
CUST-101961,36,Male,Germany,609,3,37,2019-05-30,54878.02,2,0,0,18334.36,4,0.7056,-0.2153,0,1,2022-06-30
CUST-101962,35,Male,France,618,4,56,2017-06-29,58985.77,2,1,1,151146.33,18,0.2963,-0.0958,0,1,2022-02-28
CUST-101963,55,Female,Germany,753,0,4,2016-10-29,104072.35,1,0,0,113528.02,2,0.4801,-0.0698,3,1,2017-02-28
CUST-101964,25,Male,France,744,4,55,2021-11-28,60082.17,1,1,0,190103.49,13,0.249,0.2105,2,0,
CUST-101965,41,Male,Germany,621,3,43,2022-11-29,41037.63,2,0,1,41186.42,30,0.0878,-0.0432,0,0,
CUST-101966,32,Male,France,734,6,81,2019-09-29,151924.63,1,1,1,143770.95,34,0.2032,0.0503,0,0,
CUST-101967,38,Female,Germany,527,6,82,2019-08-30,29599.52,1,0,1,41471.41,24,0.217,0.1084,1,0,
CUST-101968,30,Male,Spain,622,4,48,2022-06-30,38315.47,2,0,1,172408.52,23,0.094,0.0928,0,0,
CUST-101969,36,Male,France,578,7,89,2019-01-29,0.0,2,1,1,19524.74,21,0.0,0.0,1,0,
CUST-101970,73,Male,Germany,650,9,118,2016-08-29,34891.52,2,0,1,130478.74,25,0.3041,0.1038,0,0,
CUST-101971,46,Female,France,721,5,70,2018-06-30,0.0,2,1,0,75046.44,2,0.9745,0.0,1,1,2024-04-29
CUST-101972,44,Male,Spain,703,1,22,2024-08-29,0.0,2,1,1,106962.28,15,0.3315,0.0,0,0,
CUST-101973,38,Female,Germany,690,0,9,2025-09-29,40694.18,1,0,1,100250.76,33,0.2512,-0.093,0,0,
CUST-101974,37,Male,France,663,8,105,2017-09-29,37957.89,1,1,1,94569.26,25,0.0792,-0.19,0,0,
CUST-101975,39,Male,France,635,9,109,2017-05-30,0.0,1,1,1,280190.47,28,0.3441,0.0,1,0,
CUST-101976,43,Male,France,765,6,76,2020-02-28,0.0,2,1,1,202376.97,22,0.0,0.0,0,0,
CUST-101977,47,Male,France,502,7,84,2019-06-30,230122.39,2,0,1,101424.36,23,0.4285,-0.3131,0,0,
CUST-101978,64,Male,Spain,586,7,86,2018-04-30,0.0,2,0,1,82908.8,5,0.5278,0.0,1,1,2025-06-29
CUST-101979,35,Male,Germany,689,2,24,2016-09-28,310304.71,2,1,1,167366.44,11,0.595,-0.2519,1,1,2018-09-29
CUST-101980,55,Female,France,797,2,28,2022-01-28,0.0,1,1,0,174171.75,9,0.7582,0.0,1,1,2024-05-30
CUST-101981,65,Male,Spain,617,0,9,2023-06-30,942958.85,1,1,0,78926.65,4,0.5779,-0.2998,2,1,2024-03-30
CUST-101982,48,Male,France,625,1,17,2025-01-28,0.0,2,0,1,76833.16,19,0.1462,0.0,2,0,
CUST-101983,37,Male,Spain,526,8,96,2018-06-30,54533.24,2,1,1,43851.98,24,0.2942,-0.1812,0,0,
CUST-101984,48,Male,France,598,5,63,2021-03-30,131414.41,2,1,1,88342.2,25,0.0542,0.2222,0,0,
CUST-101985,26,Male,Germany,718,7,92,2018-10-29,43629.02,1,0,1,83964.98,24,0.0458,0.0489,0,0,
CUST-101986,61,Male,Spain,802,0,10,2018-12-29,0.0,1,1,1,127739.61,18,0.0559,0.0,0,1,2019-10-30
CUST-101987,49,Male,France,622,8,106,2017-08-29,62202.26,1,1,1,201364.69,37,0.0,0.2349,1,0,
CUST-101988,36,Male,Germany,573,4,51,2022-03-30,94105.54,2,0,0,146730.18,7,0.1016,0.1524,1,0,
CUST-101989,36,Female,Spain,657,4,57,2021-09-29,15633.99,1,1,0,132869.24,8,0.3153,-0.1282,0,0,
CUST-101990,27,Female,France,495,8,97,2018-05-30,43040.67,2,1,0,65664.28,11,0.6033,-0.2989,0,0,
CUST-101991,51,Female,France,769,1,20,2016-11-28,420429.51,2,0,0,59487.59,3,0.8062,-0.3714,0,1,2018-07-30
CUST-101992,36,Male,Germany,532,8,103,2017-11-28,87533.75,2,1,0,112254.91,11,0.3124,-0.1104,0,0,
CUST-101993,63,Female,France,680,1,12,2025-06-29,12949.49,1,0,1,102420.18,15,0.4781,-0.0511,0,0,
CUST-101994,26,Male,France,679,8,98,2018-04-30,0.0,1,1,1,109347.14,22,0.2579,0.0,0,0,
CUST-101995,30,Male,France,710,0,7,2025-11-28,117337.18,1,1,0,43310.08,15,0.0877,-0.2742,0,0,
CUST-101996,30,Female,Spain,675,4,54,2021-12-29,86892.06,1,1,0,43171.66,7,0.1771,0.2762,0,0,
CUST-101997,23,Male,France,650,4,48,2022-06-30,165125.23,1,1,0,55881.55,7,0.5257,-0.2473,0,0,
CUST-101998,22,Male,France,691,3,45,2022-09-29,69917.01,1,1,1,109782.32,36,0.0,0.047,0,0,
CUST-101999,45,Female,Spain,730,1,18,2018-06-30,198656.96,2,1,0,73958.24,2,0.8906,-0.6112,0,1,2019-12-29
CUST-102000,29,Female,Germany,822,4,58,2021-08-29,87184.98,2,0,0,171702.26,13,0.1585,0.1814,0,0,
CUST-102001,30,Male,Spain,544,6,80,2019-10-30,0.0,2,1,1,42186.98,25,0.1387,0.0,1,0,
CUST-102002,29,Male,France,473,3,42,2022-12-29,0.0,1,0,1,42497.93,21,0.0,0.0,0,0,
CUST-102003,34,Male,Spain,501,7,87,2019-03-30,0.0,2,1,0,65115.28,9,0.3884,0.0,0,0,
CUST-102004,58,Female,Germany,476,1,15,2024-05-30,117089.96,1,1,0,54129.28,10,0.3273,-0.2265,0,1,2025-08-29
CUST-102005,43,Male,France,535,7,88,2019-02-28,0.0,2,1,0,46693.61,6,0.0,0.0,0,0,
CUST-102006,40,Male,Spain,523,3,39,2023-03-30,0.0,2,1,0,76122.56,4,0.0711,0.0,0,0,
CUST-102007,38,Male,France,610,4,53,2021-06-29,47052.6,1,1,0,77576.68,9,0.3543,0.096,1,1,2025-11-28
CUST-102008,33,Female,France,732,3,43,2021-06-29,0.0,1,0,1,36301.09,12,0.5804,0.0,1,1,2025-01-28
CUST-102009,33,Female,France,710,8,104,2017-10-29,18571.53,1,1,1,52346.54,22,0.0,-0.0292,0,0,
CUST-102010,39,Male,Germany,590,5,66,2020-07-29,71789.88,1,1,0,107592.83,4,0.9274,-0.3915,0,1,2026-01-28
CUST-102011,56,Female,France,599,3,42,2017-11-28,59083.87,1,1,1,62412.17,5,0.4699,-0.2793,2,1,2021-05-30
CUST-102012,32,Male,France,843,9,119,2016-07-29,92913.63,1,1,0,46068.42,10,0.2014,0.0313,0,0,
CUST-102013,49,Female,France,707,1,17,2025-01-28,0.0,2,1,1,59342.72,16,0.3025,0.0,0,0,
CUST-102014,29,Male,France,667,6,82,2019-08-30,329466.87,1,0,1,36859.21,27,0.2283,-0.1871,0,0,
CUST-102015,45,Male,France,662,0,10,2025-08-29,0.0,1,1,1,192370.53,16,0.0813,0.0,0,0,
CUST-102016,55,Male,Germany,622,3,39,2022-10-29,55025.14,2,1,0,117516.03,5,0.8091,-0.5166,1,1,2026-01-28
CUST-102017,37,Female,France,842,8,98,2018-04-30,83114.69,2,1,0,278509.7,8,0.1288,0.0705,0,0,
CUST-102018,33,Female,France,632,1,18,2024-12-29,118738.58,1,1,1,76145.03,30,0.1655,0.1011,0,0,
CUST-102019,45,Female,Germany,664,1,15,2025-03-30,231610.15,2,0,1,59454.76,27,0.3208,0.018,0,0,
CUST-102020,60,Male,France,492,5,68,2017-11-28,133982.31,1,0,1,44860.34,17,0.3542,-0.0386,1,1,2023-07-30
CUST-102021,49,Male,Germany,589,4,53,2022-01-28,132104.06,2,1,0,92649.23,12,0.0432,-0.0609,0,0,
CUST-102022,63,Male,France,597,3,39,2023-03-30,0.0,2,1,1,56285.93,19,0.1227,0.0,0,0,
CUST-102023,38,Male,France,697,5,61,2021-05-30,45692.54,1,1,1,42468.35,36,0.0935,-0.0479,0,0,
CUST-102024,37,Male,France,576,9,114,2016-12-29,0.0,1,1,1,149145.8,10,0.3994,0.0,0,0,
CUST-102025,27,Female,France,655,1,12,2025-06-29,14919.41,2,1,1,73561.82,26,0.1801,-0.0756,0,0,
CUST-102026,33,Female,France,592,2,24,2024-06-29,68490.18,2,1,1,83158.41,22,0.1924,-0.0898,0,0,
CUST-102027,36,Female,Spain,544,0,9,2023-02-28,0.0,2,1,0,81272.12,7,0.6905,0.0,1,1,2023-11-29
CUST-102028,37,Male,France,540,5,64,2021-02-28,0.0,1,0,0,90355.61,7,0.3857,0.0,1,0,
CUST-102029,45,Male,Germany,633,0,3,2026-03-30,124395.07,1,1,1,27524.03,25,0.0,0.1404,1,0,
CUST-102030,33,Male,Germany,660,7,85,2019-05-30,402221.96,2,1,1,38223.09,18,0.0515,-0.02,0,0,
CUST-102031,34,Male,France,631,8,97,2018-05-30,95805.7,1,1,1,198328.78,19,0.4232,-0.4016,0,0,
CUST-102032,67,Female,Germany,570,1,22,2024-08-29,139319.83,1,1,1,70173.35,30,0.0137,-0.199,0,0,
CUST-102033,23,Female,France,637,0,2,2026-04-30,96597.28,1,1,1,90343.1,35,0.0712,-0.1966,1,0,
CUST-102034,24,Male,France,619,1,15,2025-03-30,0.0,1,1,1,111616.28,25,0.1796,0.0,0,0,
CUST-102035,30,Male,France,550,4,49,2022-05-30,0.0,1,1,1,58582.02,28,0.0505,0.0,0,0,
CUST-102036,23,Female,Spain,658,3,39,2023-03-30,36813.49,2,1,1,39985.05,26,0.2156,-0.1748,1,0,
CUST-102037,24,Male,Spain,824,8,96,2018-06-30,173471.63,1,1,1,33961.12,22,0.2779,0.201,0,0,
CUST-102038,34,Male,France,636,6,80,2016-08-29,0.0,1,0,0,41354.36,5,0.711,0.0,3,1,2023-04-30
CUST-102039,41,Female,Germany,510,9,118,2016-08-29,81715.51,2,1,0,49303.6,5,0.1498,-0.1773,0,0,
CUST-102040,34,Female,Spain,791,4,51,2022-03-30,0.0,2,1,1,47356.92,14,0.5089,0.0,1,0,
CUST-102041,42,Male,France,771,4,48,2022-06-30,0.0,2,1,1,35449.15,24,0.0163,0.0,0,0,
CUST-102042,47,Female,Spain,788,3,40,2023-02-28,0.0,2,0,1,119467.9,27,0.1312,0.0,0,0,
CUST-102043,40,Female,Germany,646,0,8,2019-04-30,72197.26,1,1,1,161928.52,6,0.7366,-0.4698,2,1,2019-12-29
CUST-102044,42,Male,Spain,575,2,35,2022-09-29,0.0,2,0,0,43059.34,4,0.5511,0.0,0,1,2025-08-29
CUST-102045,35,Male,Spain,564,7,93,2018-09-29,0.0,2,1,1,28084.06,20,0.1879,0.0,0,0,
CUST-102046,33,Female,France,760,10,120,2016-06-29,0.0,1,1,0,74394.79,8,0.1292,0.0,0,0,
CUST-102047,23,Female,France,804,2,29,2024-01-29,92793.14,2,1,1,165588.15,33,0.0479,-0.1473,0,0,
CUST-102048,47,Male,Germany,562,0,11,2025-07-30,173739.62,2,1,1,34639.45,35,0.041,-0.1289,0,0,
CUST-102049,39,Male,France,408,9,110,2017-04-29,0.0,2,1,0,35167.92,7,0.1716,0.0,0,0,
CUST-102050,41,Female,France,648,0,3,2026-03-30,0.0,2,1,0,19577.36,8,0.0994,0.0,1,0,
CUST-102051,27,Male,Spain,563,7,94,2018-08-29,65868.52,2,1,0,82990.38,7,0.2364,0.0241,0,0,
CUST-102052,30,Male,France,582,5,66,2020-12-29,0.0,1,1,1,41537.24,27,0.1976,0.0,0,0,
CUST-102053,35,Male,France,627,1,23,2024-07-29,392870.49,2,1,0,116832.57,9,0.3816,0.124,1,0,
CUST-102054,28,Male,Spain,689,6,83,2019-07-30,26150.63,1,0,1,107276.23,14,0.451,-0.1395,1,0,
CUST-102055,40,Female,France,575,8,102,2017-12-29,48889.33,2,1,0,163828.04,5,0.858,-0.255,0,0,
CUST-102056,39,Female,France,663,1,14,2025-04-29,87417.12,1,0,1,131597.48,14,0.047,-0.0612,0,0,
CUST-102057,38,Male,Spain,638,4,51,2022-03-30,0.0,1,0,0,30124.48,5,0.2956,0.0,0,0,
CUST-102058,47,Female,France,429,1,12,2025-06-29,0.0,2,1,0,61758.89,7,0.3873,0.0,0,0,
CUST-102059,40,Male,France,702,0,9,2025-09-29,0.0,1,1,1,134731.44,30,0.1523,0.0,0,0,
CUST-102060,54,Male,France,607,6,73,2020-05-30,509981.5,2,1,1,33922.14,30,0.0,0.006,0,0,
CUST-102061,40,Male,Spain,529,3,43,2022-11-29,72695.72,1,0,0,58483.18,7,0.3531,-0.1569,1,0,
CUST-102062,32,Female,France,580,8,106,2017-08-29,0.0,2,1,1,74806.77,34,0.0601,0.0,0,0,
CUST-102063,37,Female,Germany,669,3,40,2023-02-28,91759.17,2,1,1,70051.66,21,0.3704,-0.1899,1,0,
CUST-102064,22,Female,France,654,3,40,2023-02-28,12592.47,2,1,0,84716.22,19,0.2372,-0.1468,0,0,
CUST-102065,41,Male,France,712,0,6,2025-12-29,0.0,1,1,0,49545.45,16,0.3724,0.0,1,0,
CUST-102066,31,Male,Spain,692,4,51,2022-03-30,0.0,2,1,0,43017.11,10,0.2662,0.0,0,0,
CUST-102067,39,Male,Germany,538,3,47,2022-07-30,35938.99,1,0,0,92268.35,18,0.3225,-0.2292,0,0,
CUST-102068,32,Female,Spain,366,0,9,2025-09-29,0.0,2,1,0,65256.81,12,0.195,0.0,0,0,
CUST-102069,28,Male,France,662,2,32,2016-10-29,0.0,2,0,0,230278.7,2,0.5443,0.0,1,1,2019-06-30
CUST-102070,59,Female,Germany,711,8,105,2017-09-29,251316.39,1,0,0,39093.89,6,0.1344,0.1667,0,0,
CUST-102071,32,Female,Spain,631,4,55,2021-11-28,0.0,1,0,1,69731.39,36,0.2184,0.0,0,0,
CUST-102072,30,Male,France,713,1,13,2025-05-30,0.0,1,1,1,34743.9,27,0.1639,0.0,1,0,
CUST-102073,45,Male,France,554,6,72,2020-06-29,0.0,2,1,0,88060.41,10,0.347,0.0,0,0,
CUST-102074,34,Male,Spain,617,1,19,2022-10-29,26929.8,1,1,0,64229.9,6,0.4534,-0.5118,0,1,2024-05-30
CUST-102075,31,Female,France,562,1,18,2024-12-29,38468.29,1,1,1,96076.87,32,0.2832,-0.2495,0,0,
CUST-102076,46,Female,Germany,717,1,21,2024-09-28,163609.81,1,1,1,48611.84,33,0.2734,-0.2138,0,0,
CUST-102077,37,Male,Spain,563,2,27,2024-03-30,401865.91,2,1,0,26182.34,10,0.2832,-0.0282,1,0,
CUST-102078,47,Female,France,848,3,46,2022-08-29,0.0,2,1,1,145291.18,26,0.0992,0.0,1,0,
CUST-102079,55,Male,France,602,5,69,2020-09-28,52406.55,1,1,0,118086.35,15,0.0791,-0.0319,0,0,
CUST-102080,34,Male,France,727,9,113,2017-01-28,33981.06,1,1,0,120946.62,3,0.1877,-0.2014,1,0,
CUST-102081,44,Female,France,603,4,50,2022-04-30,0.0,1,1,1,117404.92,31,0.0774,0.0,1,0,
CUST-102082,55,Female,France,778,6,82,2019-08-30,0.0,2,1,0,76048.73,10,0.4942,0.0,1,0,
CUST-102083,60,Male,Germany,775,6,81,2019-09-29,408549.04,2,0,0,100784.96,5,0.4435,-0.038,0,0,
CUST-102084,32,Female,France,619,2,30,2023-12-29,56781.14,2,1,1,43731.32,16,0.2866,0.0314,0,0,
CUST-102085,49,Female,Germany,676,3,40,2023-02-28,51497.57,1,1,1,57245.43,22,0.0477,0.0154,1,0,
CUST-102086,24,Female,France,772,9,109,2017-05-30,69822.44,1,0,1,134434.2,12,0.2259,-0.0978,0,0,
CUST-102087,40,Female,France,679,9,118,2016-08-29,68443.19,1,1,0,219869.23,12,0.0,-0.1353,0,0,
CUST-102088,27,Male,France,562,5,69,2020-09-28,0.0,2,1,1,86246.76,19,0.0,0.0,0,0,
CUST-102089,34,Male,Germany,657,0,11,2025-07-30,11376.76,2,0,0,12000.0,7,0.0867,-0.0566,0,0,
CUST-102090,69,Female,France,578,2,25,2020-08-29,38711.4,1,1,0,87538.61,6,0.5993,-0.4691,2,1,2022-09-29
CUST-102091,48,Male,France,664,3,39,2023-03-30,0.0,1,0,0,157116.97,10,0.2166,0.0,0,0,
CUST-102092,27,Male,Spain,574,3,43,2022-11-29,0.0,1,1,0,60918.9,14,0.2368,0.0,1,0,
CUST-102093,29,Male,Germany,686,7,87,2019-03-30,54072.14,2,1,0,41450.05,9,0.2586,0.0064,0,0,
CUST-102094,51,Male,France,478,1,15,2024-06-29,101028.9,2,1,0,122141.75,5,0.2614,-0.0524,1,1,2025-09-29
CUST-102095,50,Male,Spain,542,1,14,2018-03-30,0.0,1,0,0,59244.74,7,0.7422,0.0,1,1,2019-05-30
CUST-102096,51,Male,France,574,8,97,2018-05-30,0.0,2,0,0,59012.17,8,0.2858,0.0,1,0,
CUST-102097,40,Male,France,635,4,59,2021-07-30,0.0,2,0,1,28739.71,21,0.0,0.0,0,0,
CUST-102098,48,Male,France,505,8,107,2017-07-30,0.0,1,1,1,29056.21,23,0.0,0.0,1,0,
CUST-102099,34,Female,France,565,7,87,2019-03-30,0.0,1,0,1,114029.3,28,0.0756,0.0,0,0,
CUST-102100,34,Female,France,725,2,24,2024-06-29,0.0,1,1,0,36475.73,13,0.2513,0.0,0,0,
CUST-102101,39,Male,Germany,736,0,8,2025-10-29,54439.79,2,1,0,190467.68,8,0.061,0.0217,0,0,
CUST-102102,31,Male,France,407,0,5,2026-01-28,45027.11,1,1,1,215607.41,26,0.3654,-0.2204,1,0,
CUST-102103,30,Male,Spain,594,0,9,2025-09-29,0.0,2,1,1,40552.88,23,0.2534,0.0,0,0,
CUST-102104,44,Female,Spain,772,5,67,2020-11-28,410024.6,2,1,1,49249.99,18,0.1933,0.0002,1,0,
CUST-102105,45,Female,Germany,687,2,29,2024-01-29,221290.87,2,1,0,106104.86,10,0.5888,-0.2229,0,0,
CUST-102106,30,Female,Germany,689,9,113,2017-01-28,216817.27,2,1,0,166758.38,7,0.2701,-0.0988,1,1,2026-06-30
CUST-102107,32,Female,Germany,704,1,12,2025-06-29,38323.55,1,0,0,79009.16,4,0.6026,-0.5179,1,0,
CUST-102108,42,Male,Spain,558,3,41,2023-01-29,76592.97,2,0,0,50325.36,9,0.2956,0.0854,0,0,
CUST-102109,41,Male,France,671,6,83,2019-07-30,69048.13,2,0,1,58212.53,24,0.1523,0.1145,2,0,
CUST-102110,40,Male,France,695,6,76,2020-02-28,0.0,1,1,1,76580.05,19,0.2548,0.0,0,0,
CUST-102111,30,Male,Germany,660,1,21,2019-08-30,45856.34,1,1,0,53567.49,2,0.5978,-0.2295,0,1,2021-05-30
CUST-102112,73,Male,Germany,612,1,18,2024-12-29,115130.19,1,0,1,140817.99,17,0.1226,-0.0331,1,0,
CUST-102113,33,Female,France,645,8,104,2017-10-29,0.0,2,1,0,49159.71,11,0.2452,0.0,2,0,
CUST-102114,42,Male,Germany,541,8,97,2018-05-30,42175.28,1,1,1,92683.63,15,0.4148,-0.3111,1,0,
CUST-102115,28,Female,France,709,6,79,2019-11-29,0.0,2,1,1,109475.85,19,0.3905,0.0,2,0,
CUST-102116,37,Male,Spain,512,5,69,2020-09-28,0.0,2,1,1,72392.18,15,0.0,0.0,0,0,
CUST-102117,30,Male,France,572,4,52,2022-02-28,0.0,1,1,0,63576.83,15,0.2618,0.0,0,0,
CUST-102118,33,Female,France,715,5,68,2020-10-29,0.0,1,1,0,71048.79,10,0.005,0.0,0,0,
CUST-102119,40,Male,France,678,0,1,2026-05-30,0.0,1,1,0,44588.62,11,0.3692,0.0,0,0,
CUST-102120,54,Male,France,604,4,59,2021-07-30,30669.34,1,1,1,110258.02,27,0.2237,-0.1686,0,0,
CUST-102121,32,Male,France,486,1,20,2024-10-29,149394.28,2,1,0,67006.04,13,0.1682,-0.0705,0,0,
CUST-102122,40,Female,France,646,6,83,2019-07-30,63922.28,1,0,1,62692.06,26,0.2135,0.048,1,0,
CUST-102123,42,Male,France,590,5,62,2021-04-29,0.0,1,0,1,39416.6,27,0.206,0.0,0,0,
CUST-102124,45,Female,France,696,2,32,2023-10-30,0.0,1,1,1,210198.94,28,0.0676,0.0,1,0,
CUST-102125,25,Female,France,600,4,48,2022-06-30,0.0,1,1,0,115368.74,9,0.1225,0.0,0,0,
CUST-102126,47,Female,France,482,8,100,2017-09-29,88112.96,2,0,0,32253.61,8,0.4635,0.0277,2,1,2026-01-28
CUST-102127,42,Male,France,517,5,60,2021-06-29,53250.63,1,0,0,98253.94,14,0.3157,-0.2264,0,0,
CUST-102128,40,Female,France,609,6,81,2019-09-29,121103.27,2,1,0,51499.18,13,0.1351,0.0367,0,0,
CUST-102129,71,Male,France,660,2,26,2024-04-29,92158.41,2,0,1,43677.61,21,0.1677,0.0819,0,0,
CUST-102130,31,Female,France,538,5,65,2021-01-28,112924.91,2,0,0,48140.49,17,0.3551,-0.1573,0,0,
CUST-102131,41,Male,France,577,3,36,2023-06-30,0.0,1,1,1,95775.61,23,0.1673,0.0,0,0,
CUST-102132,65,Male,Spain,726,7,85,2016-10-29,0.0,1,1,0,66516.71,6,0.5436,0.0,1,1,2023-11-29
CUST-102133,52,Male,Spain,757,7,88,2019-02-28,199236.48,1,1,0,70023.56,8,0.1941,-0.2264,2,0,
CUST-102134,34,Female,Spain,677,6,73,2020-05-30,55396.98,1,0,1,84151.57,27,0.2675,0.0473,1,0,
CUST-102135,40,Female,Germany,623,2,24,2016-06-29,50816.01,1,1,0,120672.14,3,0.7451,-0.1021,1,1,2018-06-30
CUST-102136,40,Male,Germany,590,9,113,2017-01-28,180094.7,2,1,1,256761.23,25,0.3066,0.0515,1,0,
CUST-102137,35,Male,France,702,9,117,2016-09-28,0.0,2,1,1,62289.63,24,0.4164,0.0,1,0,
CUST-102138,27,Female,Spain,620,1,21,2024-09-28,0.0,2,1,0,56996.53,4,1.0,0.0,1,0,
CUST-102139,34,Female,Spain,738,4,53,2019-10-30,0.0,1,1,1,76324.42,14,0.071,0.0,0,1,2024-03-30
CUST-102140,43,Female,Spain,743,1,16,2025-02-28,69294.9,1,1,0,106103.58,16,0.1367,-0.051,0,0,
CUST-102141,34,Male,Spain,689,1,21,2024-09-28,74936.43,2,0,0,131648.22,9,0.176,0.0198,0,0,
CUST-102142,37,Female,France,602,1,23,2024-07-29,32838.16,1,1,0,41646.14,13,0.1991,-0.0602,0,0,
CUST-102143,54,Female,Spain,610,2,27,2024-03-30,0.0,1,0,1,273253.89,27,0.1474,0.0,1,0,
CUST-102144,37,Male,Spain,492,8,101,2018-01-28,0.0,2,0,0,37660.34,9,0.2644,0.0,0,0,
CUST-102145,38,Male,France,645,7,93,2018-09-29,0.0,1,1,0,117545.26,10,0.4456,0.0,0,0,
CUST-102146,39,Male,Spain,642,6,73,2020-05-30,0.0,2,1,1,108844.81,34,0.0,0.0,0,0,
CUST-102147,33,Male,France,518,5,69,2020-09-28,24197.21,1,0,1,33309.15,19,0.0848,0.3118,0,0,
CUST-102148,48,Female,Spain,850,10,120,2016-06-29,225575.33,2,1,0,83499.71,14,0.0203,-0.0747,0,0,
CUST-102149,28,Male,Spain,703,0,6,2025-12-29,0.0,1,0,1,27556.83,29,0.2479,0.0,0,0,
CUST-102150,33,Male,France,569,1,21,2024-09-28,109816.04,2,0,1,45628.12,41,0.1839,0.0379,0,0,
CUST-102151,40,Male,Germany,847,6,82,2019-08-30,76359.24,1,1,1,69395.67,24,0.226,0.0855,0,0,
CUST-102152,35,Female,France,602,5,68,2020-10-29,0.0,1,1,1,77830.49,23,0.4278,0.0,0,0,
CUST-102153,58,Female,Spain,730,4,56,2021-10-29,36550.26,2,1,1,142799.75,28,0.3869,-0.1127,1,0,
CUST-102154,38,Male,Spain,658,1,15,2025-03-30,112273.14,2,1,0,49197.03,13,0.0639,-0.086,1,0,
CUST-102155,37,Female,Germany,606,3,47,2022-07-30,112843.22,1,0,1,87949.95,42,0.0147,0.0172,0,0,
CUST-102156,30,Male,Spain,618,1,12,2017-09-29,0.0,1,1,0,119804.64,3,0.4627,0.0,0,1,2018-09-29
CUST-102157,35,Female,France,788,3,40,2023-02-28,19912.28,1,1,0,69735.67,8,0.3429,0.1054,0,0,
CUST-102158,47,Female,France,734,0,8,2017-12-29,213757.39,4,1,1,71785.99,16,0.5042,-0.345,1,1,2018-08-29
CUST-102159,32,Male,France,638,9,108,2017-06-29,55596.25,2,0,1,32307.28,40,0.1427,0.0814,0,0,
CUST-102160,26,Female,France,453,5,70,2018-06-30,50104.68,1,1,1,29573.16,16,0.3916,-0.1653,0,1,2024-04-29
CUST-102161,36,Male,France,679,5,65,2021-01-28,26254.68,1,1,0,45331.16,9,0.1587,0.1883,0,0,
CUST-102162,38,Female,France,530,2,29,2024-01-29,141131.5,1,0,1,154817.72,29,0.2868,-0.1177,2,0,
CUST-102163,34,Male,France,702,9,118,2016-08-29,0.0,2,1,0,155150.23,11,0.2372,0.0,1,0,
CUST-102164,54,Female,France,581,4,54,2021-12-29,135593.68,1,0,0,143058.95,7,0.3155,0.0287,0,0,
CUST-102165,69,Male,Spain,591,1,17,2022-06-30,60942.03,1,0,0,88306.42,3,0.7386,-0.5103,1,1,2023-11-29
CUST-102166,40,Male,France,589,8,104,2017-10-29,68951.85,1,1,0,95947.87,8,0.1716,-0.157,0,0,
CUST-102167,35,Male,Spain,748,7,93,2017-06-29,50237.81,2,0,1,57436.88,15,0.4399,-0.3154,1,1,2025-03-30
CUST-102168,43,Female,France,480,6,77,2020-01-29,106229.93,2,1,1,58661.56,24,0.1039,0.0086,1,0,
CUST-102169,54,Male,France,721,4,57,2021-09-29,86892.43,2,0,1,23553.14,32,0.084,-0.0543,0,0,
CUST-102170,32,Female,Germany,683,0,11,2025-06-29,68075.23,2,0,1,80792.55,22,0.2653,0.0351,0,1,2026-05-30
CUST-102171,46,Male,France,643,2,32,2023-10-30,32590.54,2,1,1,93299.2,23,0.112,-0.0688,0,0,
CUST-102172,36,Female,France,607,8,97,2018-05-30,0.0,3,1,1,51292.52,17,0.4095,0.0,0,0,
CUST-102173,51,Male,Germany,697,1,14,2024-12-29,26805.08,1,1,1,118934.3,11,0.5933,-0.5022,0,1,2026-02-28
CUST-102174,30,Female,France,608,3,46,2022-08-29,52961.11,1,1,1,141515.66,34,0.1376,-0.0793,1,0,
CUST-102175,56,Female,France,607,4,53,2019-02-28,45317.92,2,1,1,38822.32,8,0.5962,-0.3374,0,1,2023-07-30
CUST-102176,40,Male,Germany,656,1,14,2025-04-29,72501.21,2,0,1,256511.82,26,0.0849,0.0306,1,0,
CUST-102177,43,Male,France,815,0,3,2025-08-29,0.0,1,1,1,97139.98,18,0.4187,0.0,0,1,2025-11-28
CUST-102178,29,Female,Spain,505,4,55,2021-11-28,0.0,1,1,0,168991.02,18,0.3072,0.0,1,0,
CUST-102179,29,Male,France,698,4,56,2021-10-29,54278.69,2,1,0,49313.79,7,0.3399,0.0991,1,0,
CUST-102180,41,Male,Spain,636,0,7,2025-11-28,70851.59,1,0,0,159916.47,7,0.1896,-0.1578,1,0,
CUST-102181,44,Male,Spain,629,9,109,2017-05-30,98975.1,2,0,0,103619.49,9,0.2295,0.1224,0,0,
CUST-102182,35,Female,Spain,503,0,9,2025-09-29,0.0,2,0,1,61273.61,22,0.1152,0.0,0,0,
CUST-102183,45,Female,Spain,481,0,4,2020-03-30,0.0,3,1,1,39318.4,12,0.4762,0.0,0,1,2020-07-29
CUST-102184,29,Female,France,683,3,47,2022-07-30,0.0,2,1,1,72401.52,39,0.2722,0.0,1,0,
CUST-102185,27,Female,Germany,528,9,114,2016-12-29,280891.76,1,0,1,110517.72,23,0.169,0.0594,0,0,
CUST-102186,39,Male,France,748,8,99,2018-03-30,0.0,1,0,1,75110.52,23,0.0128,0.0,0,0,
CUST-102187,29,Male,Spain,552,1,15,2025-03-30,41668.45,1,1,0,75594.5,8,0.1342,0.0333,0,0,
CUST-102188,26,Male,Germany,703,0,8,2025-10-29,65488.84,1,1,1,55066.36,35,0.2163,-0.0894,0,0,
CUST-102189,30,Male,France,595,5,71,2020-07-29,103234.28,2,1,0,34777.93,13,0.2352,-0.1118,0,0,
CUST-102190,43,Male,Spain,590,4,51,2022-03-30,62726.6,2,1,1,79380.27,21,0.0377,-0.1259,0,0,
CUST-102191,40,Female,France,562,9,112,2017-02-28,67568.38,2,0,0,43173.94,7,0.1795,-0.3519,0,0,
CUST-102192,54,Male,Germany,692,5,69,2020-09-28,147439.64,2,1,1,121480.77,26,0.0528,-0.0931,1,0,
CUST-102193,41,Male,Germany,719,6,83,2019-07-30,74956.72,2,0,0,114293.0,8,0.27,-0.0815,0,0,
CUST-102194,29,Male,France,620,8,106,2017-08-29,0.0,2,1,1,180344.77,11,0.0,0.0,1,0,
CUST-102195,44,Male,Germany,707,2,30,2023-12-29,73468.46,1,1,0,58505.82,13,0.2141,-0.1165,0,0,
CUST-102196,32,Male,Spain,651,5,70,2020-08-29,17646.4,1,1,1,70334.69,29,0.3378,-0.1705,1,0,
CUST-102197,35,Male,France,522,1,12,2018-09-29,17622.28,1,1,0,32045.49,5,0.621,-0.2301,0,1,2019-09-29
CUST-102198,32,Male,Germany,686,5,64,2021-02-28,119035.84,2,1,0,53061.0,14,0.2453,0.1186,0,0,
CUST-102199,28,Male,France,621,7,94,2018-08-29,81845.19,2,1,0,71773.22,11,0.1322,0.0352,0,0,
CUST-102200,82,Female,Germany,399,0,10,2021-11-28,98413.94,2,1,1,75162.1,17,0.0213,-0.1886,1,1,2022-09-29
CUST-102201,31,Female,France,612,0,11,2025-07-30,109709.16,1,0,1,58414.19,20,0.1858,-0.1525,0,0,
CUST-102202,25,Female,Spain,487,4,55,2020-12-29,0.0,4,1,1,51020.38,26,0.3396,0.0,0,1,2025-07-30
CUST-102203,45,Female,Spain,532,4,59,2021-07-30,0.0,2,1,1,82320.99,19,0.2043,0.0,0,0,
CUST-102204,24,Female,France,626,5,71,2020-07-29,0.0,1,1,1,61089.57,22,0.1751,0.0,0,0,
CUST-102205,36,Male,France,643,1,19,2024-11-28,0.0,2,0,0,148045.95,7,0.2676,0.0,0,0,
CUST-102206,47,Female,Germany,570,0,8,2016-09-28,106495.34,3,0,1,82723.84,6,0.5679,-0.3917,0,1,2017-05-30
CUST-102207,28,Male,Germany,701,5,64,2019-11-29,58200.63,1,1,1,53684.6,27,0.4025,-0.0525,0,1,2025-03-30
CUST-102208,38,Male,France,639,4,57,2021-09-29,0.0,2,0,1,130657.59,18,0.2437,0.0,0,0,
CUST-102209,35,Male,France,609,3,40,2023-02-28,498615.69,2,0,0,41398.7,8,0.1801,0.0364,0,0,
CUST-102210,31,Male,France,654,1,21,2024-09-28,169357.35,1,0,1,58055.62,24,0.1927,0.0677,0,0,
CUST-102211,54,Female,Spain,766,6,76,2017-01-28,0.0,1,0,0,40453.0,8,0.5776,0.0,0,1,2023-05-30
CUST-102212,35,Male,France,444,4,50,2022-04-30,0.0,1,1,1,62608.43,18,0.2384,0.0,0,0,
CUST-102213,45,Female,Spain,775,2,28,2024-02-28,144599.9,2,1,0,153224.97,2,0.3343,-0.1912,0,0,
CUST-102214,49,Female,France,591,1,19,2019-12-29,58595.77,1,0,0,79820.11,13,0.0346,-0.1157,1,1,2021-07-30
CUST-102215,36,Male,Spain,575,1,14,2025-04-29,0.0,1,1,0,27833.9,13,0.2498,0.0,0,0,
CUST-102216,29,Male,France,611,3,37,2023-05-30,290723.39,2,1,1,58312.15,17,0.0,0.1686,0,0,
CUST-102217,49,Male,France,565,0,9,2025-09-29,82556.94,1,1,0,83377.35,6,0.3453,0.233,0,0,
CUST-102218,36,Male,Spain,550,7,95,2018-07-30,0.0,1,1,1,84478.6,15,0.4847,0.0,2,0,
CUST-102219,37,Female,Spain,731,1,20,2024-10-29,71181.69,2,1,0,65414.65,13,0.1989,-0.0978,0,0,
CUST-102220,34,Female,France,665,9,108,2017-06-29,0.0,2,1,0,109915.27,12,0.2831,0.0,0,0,
CUST-102221,48,Female,France,466,5,67,2020-11-28,0.0,2,1,1,99369.44,25,0.2146,0.0,2,0,
CUST-102222,23,Male,France,715,6,73,2020-05-30,81163.21,1,1,0,66235.65,9,0.2417,0.1343,0,0,
CUST-102223,29,Female,France,701,3,41,2023-01-29,0.0,1,0,1,82039.86,25,0.2478,0.0,0,0,
CUST-102224,37,Female,France,507,9,113,2017-01-28,0.0,2,1,0,66642.51,9,0.1648,0.0,0,0,
CUST-102225,29,Male,Spain,667,5,67,2020-11-28,59653.53,2,0,1,74258.8,23,0.115,0.0552,0,0,
CUST-102226,34,Male,France,710,1,13,2025-05-30,0.0,2,1,0,79962.57,5,0.0,0.0,1,0,
CUST-102227,50,Male,Germany,496,0,11,2020-06-29,111441.05,1,0,0,125902.53,13,0.0,-0.0251,0,1,2021-05-30
CUST-102228,50,Male,France,677,3,47,2022-07-30,291480.99,2,1,1,93363.44,26,0.2712,-0.0358,0,0,
CUST-102229,35,Female,France,585,6,78,2019-12-29,0.0,2,1,1,72128.34,29,0.0,0.0,0,0,
CUST-102230,41,Female,Germany,702,0,11,2025-07-30,582105.03,2,1,1,57635.28,24,0.1304,-0.1807,0,0,
CUST-102231,40,Male,France,560,2,28,2024-02-28,543892.5,1,0,1,103688.17,19,0.1445,-0.3241,1,0,
CUST-102232,29,Female,Germany,750,5,71,2020-07-29,160905.54,1,1,1,85735.21,33,0.2653,-0.0307,1,0,
CUST-102233,21,Male,France,627,10,120,2016-06-29,0.0,1,1,0,68296.11,9,0.41,0.0,2,0,
CUST-102234,43,Male,Spain,591,7,87,2019-03-30,124510.76,2,1,0,60896.5,17,0.1022,-0.0394,0,0,
CUST-102235,30,Female,Germany,581,4,53,2022-01-28,202952.84,2,1,1,74646.46,22,0.0296,0.04,0,0,
CUST-102236,34,Female,Spain,734,1,17,2025-01-28,107671.92,1,1,0,49880.53,11,0.3067,-0.0546,0,0,
CUST-102237,25,Female,France,581,2,33,2023-09-29,66693.89,1,1,1,32572.07,19,0.0773,-0.1486,0,0,
CUST-102238,46,Male,France,752,0,5,2026-01-28,38706.8,2,1,0,171086.46,8,0.3437,-0.0028,0,0,
CUST-102239,49,Female,France,670,1,19,2024-11-28,15490.93,1,1,0,173767.12,13,0.418,-0.1921,0,0,
CUST-102240,41,Female,Germany,517,0,9,2016-10-29,69509.36,2,1,1,78224.94,6,0.4485,-0.4568,1,1,2017-07-30
CUST-102241,38,Female,France,652,2,28,2024-02-28,16941.84,1,0,1,96876.21,26,0.197,-0.1155,0,0,
CUST-102242,33,Male,France,654,8,103,2017-11-28,0.0,2,0,1,64015.87,16,0.1189,0.0,0,0,
CUST-102243,46,Male,France,514,2,29,2024-01-29,306941.16,2,1,1,96015.09,22,0.2284,0.1733,0,0,
CUST-102244,59,Female,France,651,1,23,2024-07-29,83153.46,2,1,0,77117.59,8,0.2916,-0.1236,1,0,
CUST-102245,31,Female,France,702,3,46,2022-08-29,41374.77,1,0,1,80867.09,23,0.2014,0.1582,0,0,
CUST-102246,36,Female,France,758,4,51,2022-03-30,0.0,1,1,0,42372.16,8,0.1731,0.0,0,0,
CUST-102247,29,Male,France,754,5,66,2016-12-29,0.0,1,1,0,194144.39,8,0.3207,0.0,1,1,2022-06-30
CUST-102248,38,Female,Germany,850,0,7,2025-11-28,343243.71,1,1,0,39580.35,12,0.0882,0.1195,0,0,
CUST-102249,34,Male,France,650,2,35,2023-07-30,0.0,2,0,1,115704.83,27,0.1476,0.0,2,0,
CUST-102250,36,Male,France,703,3,37,2023-05-30,21059.57,2,0,0,46949.9,14,0.1363,-0.0544,0,0,
CUST-102251,46,Male,Germany,592,3,38,2023-04-30,675562.85,1,1,1,24691.09,28,0.0,-0.1075,0,0,
CUST-102252,50,Male,Spain,831,2,27,2024-03-30,75561.83,2,1,1,122661.73,23,0.1181,0.0975,0,0,
CUST-102253,28,Female,France,564,3,38,2023-04-30,43532.96,1,1,0,80049.14,4,0.6357,-0.4892,0,0,
CUST-102254,40,Male,Germany,827,4,55,2021-11-28,88631.89,1,1,1,34538.51,38,0.0244,0.0722,0,0,
CUST-102255,55,Male,Spain,814,3,44,2020-09-28,0.0,1,0,0,105413.49,6,0.0835,0.0,0,1,2024-05-30
CUST-102256,43,Female,Germany,575,1,19,2024-11-28,128099.27,2,1,1,60079.2,20,0.4036,-0.3137,0,0,
CUST-102257,30,Female,Spain,749,7,84,2019-06-30,0.0,1,1,1,199535.99,27,0.0,0.0,0,0,
CUST-102258,49,Male,Spain,694,1,21,2016-06-29,15860.62,1,0,0,33793.36,1,0.7435,-0.3123,1,1,2018-03-30
CUST-102259,44,Male,France,610,1,13,2025-05-30,0.0,1,0,0,51802.33,6,0.7363,0.0,1,0,
CUST-102260,42,Female,France,637,1,14,2025-04-29,0.0,1,1,0,115219.13,13,0.0651,0.0,0,0,
CUST-102261,35,Male,Germany,675,9,109,2017-05-30,57237.4,1,1,0,58012.69,9,0.1585,-0.3143,0,0,
CUST-102262,42,Male,Spain,685,2,28,2019-02-28,0.0,1,1,0,46815.18,9,0.4838,0.0,1,1,2021-06-29
CUST-102263,80,Male,France,793,0,8,2025-10-29,187295.4,2,0,1,83139.01,30,0.2601,0.0928,1,0,
CUST-102264,25,Male,France,705,3,38,2023-04-30,226038.95,1,1,0,134293.83,6,0.2169,0.0757,1,0,
CUST-102265,34,Female,Germany,576,0,6,2024-09-28,38397.13,1,1,0,71302.41,6,0.6081,-0.2579,0,1,2025-03-30
CUST-102266,34,Male,France,721,8,107,2017-07-30,41712.18,2,0,1,65223.55,18,0.3116,-0.0163,0,0,
CUST-102267,22,Male,Spain,482,9,115,2016-11-28,0.0,1,0,0,48331.41,7,0.3523,0.0,0,0,
CUST-102268,66,Male,Germany,613,0,7,2025-11-28,20613.23,1,1,1,57226.2,20,0.1012,-0.0467,0,0,
CUST-102269,29,Male,Germany,622,4,54,2021-12-29,37084.09,2,0,0,39715.12,16,0.3015,-0.1146,0,0,
CUST-102270,29,Male,Spain,713,6,76,2018-03-30,111660.54,1,1,0,143636.92,4,0.8624,-0.1482,1,1,2024-07-29
CUST-102271,26,Female,Germany,820,7,94,2018-08-29,16603.36,2,1,1,108234.46,35,0.1884,0.0526,1,0,
CUST-102272,34,Male,Germany,671,2,30,2023-12-29,20935.66,2,0,1,36094.68,26,0.0711,-0.0204,0,0,
CUST-102273,42,Male,Spain,615,2,35,2023-07-30,132311.42,2,1,0,53534.68,11,0.1118,-0.0971,0,0,
CUST-102274,37,Male,Spain,583,8,104,2017-10-29,24055.34,1,0,0,110563.11,15,0.0,-0.0415,1,0,
CUST-102275,30,Female,Spain,730,2,33,2023-09-29,0.0,2,1,1,104878.17,35,0.0,0.0,0,0,
CUST-102276,42,Male,France,631,5,65,2021-01-28,38923.5,2,1,0,69360.42,6,0.3318,-0.1822,1,0,
CUST-102277,37,Female,Germany,602,1,17,2025-01-28,36976.73,2,0,1,63792.95,20,0.1109,0.032,0,0,
CUST-102278,52,Female,France,741,0,8,2025-10-29,0.0,1,0,1,73024.77,28,0.0,0.0,0,0,
CUST-102279,32,Male,Spain,762,7,85,2019-05-30,85368.47,2,0,1,57236.29,29,0.1903,-0.0734,0,0,
CUST-102280,31,Female,Germany,558,1,17,2025-01-28,73782.31,2,1,0,132219.75,13,0.2729,-0.1828,1,0,
CUST-102281,47,Male,France,506,8,103,2017-08-29,0.0,1,0,1,107593.62,21,0.6047,0.0,0,1,2026-03-30
CUST-102282,29,Female,France,641,7,89,2019-01-29,70932.22,1,0,1,85715.83,24,0.0006,0.1894,0,0,
CUST-102283,26,Female,France,541,3,37,2023-05-30,0.0,2,1,1,40146.76,21,0.2554,0.0,0,0,
CUST-102284,37,Male,Germany,527,5,60,2021-06-29,71865.43,2,1,1,52203.11,23,0.3162,-0.0406,0,0,
CUST-102285,43,Female,France,550,0,5,2026-01-28,64111.56,2,0,0,51828.78,10,0.2317,0.0535,0,0,
CUST-102286,26,Male,France,750,8,107,2017-07-30,103795.97,2,1,0,59840.66,7,0.1014,-0.0498,1,0,
CUST-102287,48,Female,Spain,712,0,2,2026-04-30,0.0,1,1,0,80636.74,13,0.1682,0.0,0,0,
CUST-102288,25,Female,Spain,850,4,50,2022-04-30,0.0,1,0,0,174124.78,7,0.392,0.0,1,0,
CUST-102289,32,Female,France,588,0,9,2025-09-29,0.0,2,1,1,80489.69,24,0.0639,0.0,0,0,
CUST-102290,37,Male,France,778,9,114,2016-12-29,20776.34,2,0,0,34254.7,9,0.359,0.0393,1,0,
CUST-102291,54,Female,Spain,697,1,21,2024-09-28,175075.15,2,1,1,106225.04,24,0.1049,-0.0324,0,0,
CUST-102292,55,Female,Germany,597,2,32,2023-10-30,12752.99,1,0,1,34800.59,19,0.0,0.0136,0,1,2026-06-30
CUST-102293,39,Male,Germany,636,3,39,2023-03-30,23778.05,2,1,1,93769.59,24,0.4084,-0.3074,0,0,
CUST-102294,33,Female,France,596,3,39,2023-03-30,45988.05,2,1,1,57426.46,27,0.1016,-0.0433,0,0,
CUST-102295,34,Female,France,675,0,1,2026-05-30,121028.84,1,1,0,100079.44,14,0.429,0.174,1,0,
CUST-102296,64,Female,France,745,5,61,2021-05-30,76297.29,2,1,1,97526.28,34,0.2065,-0.0541,0,0,
CUST-102297,51,Female,Germany,615,6,76,2017-01-28,117541.02,1,1,1,80152.21,5,0.5996,-0.2145,1,1,2023-05-30
CUST-102298,41,Male,France,731,2,29,2024-01-29,55847.55,1,1,0,41107.35,13,0.2839,-0.0378,0,0,
CUST-102299,39,Male,France,772,0,11,2025-07-30,0.0,2,1,0,51790.86,7,0.1402,0.0,0,0,
CUST-102300,38,Male,Germany,793,3,39,2023-03-30,87953.59,1,1,1,96586.71,29,0.2758,0.005,1,0,
CUST-102301,24,Male,Spain,537,5,60,2021-06-29,182863.11,2,1,1,80474.99,28,0.0342,0.0275,0,0,
CUST-102302,21,Male,Spain,645,2,35,2023-07-30,0.0,2,1,0,198444.03,14,0.3831,0.0,0,0,
CUST-102303,35,Female,France,718,1,13,2025-05-30,0.0,1,1,0,78655.49,13,0.2243,0.0,0,0,
CUST-102304,28,Male,France,546,9,117,2016-09-28,75356.16,2,1,1,111716.08,33,0.2715,-0.0694,1,0,
CUST-102305,39,Female,France,524,5,60,2021-06-29,62098.45,1,1,0,58419.5,10,0.0537,-0.1304,0,0,
CUST-102306,39,Male,France,647,7,92,2018-10-29,109993.13,1,1,0,45456.07,4,0.1604,-0.3307,2,0,
CUST-102307,26,Male,Germany,610,4,55,2019-12-29,264724.9,1,1,0,136626.57,7,0.2677,-0.0229,0,1,2024-07-29
CUST-102308,40,Female,France,633,1,14,2025-04-29,93086.9,2,1,1,48934.62,18,0.3237,-0.1089,0,0,
CUST-102309,40,Female,Germany,605,0,7,2020-01-29,54868.25,1,0,0,33085.81,3,0.7592,-0.1974,2,1,2020-08-29
CUST-102310,40,Male,Spain,850,1,15,2025-03-30,197165.52,1,1,0,34716.85,17,0.0928,0.0621,0,0,
CUST-102311,32,Female,Spain,606,9,119,2016-07-29,0.0,2,1,1,88240.42,27,0.0713,0.0,1,0,
CUST-102312,42,Male,France,706,8,97,2018-05-30,76855.3,2,1,0,49880.12,9,0.2681,-0.0098,1,0,
CUST-102313,43,Male,France,700,4,56,2021-10-29,140601.96,2,1,0,31377.79,11,0.0833,-0.0722,0,0,
CUST-102314,42,Male,France,488,5,68,2020-10-29,30202.63,1,0,1,207457.8,16,0.3441,-0.1099,0,0,
CUST-102315,35,Female,France,791,7,94,2018-08-29,28699.0,2,1,0,21663.76,10,0.1471,0.0532,1,0,
CUST-102316,56,Male,France,710,2,25,2024-05-30,39043.25,2,0,0,57459.18,7,0.1934,-0.089,0,0,
CUST-102317,53,Female,France,665,8,107,2017-07-30,69462.63,1,1,1,175711.87,23,0.3016,-0.0818,0,0,
CUST-102318,38,Male,Spain,752,4,56,2021-10-29,199919.62,1,1,0,74390.55,6,0.2856,0.0485,1,0,
CUST-102319,31,Male,France,645,6,80,2019-10-30,51112.56,1,1,1,278933.23,25,0.1655,0.18,0,0,
CUST-102320,30,Female,Spain,735,9,116,2016-10-29,57818.63,2,1,1,110750.58,34,0.1535,-0.0026,0,0,
CUST-102321,43,Male,France,470,4,59,2021-07-30,100860.07,2,1,1,37648.27,36,0.0103,0.0526,0,0,
CUST-102322,27,Male,France,728,7,90,2018-12-29,0.0,1,1,1,108766.99,34,0.1878,0.0,0,0,
CUST-102323,44,Male,France,668,4,53,2017-12-29,0.0,1,1,1,52733.53,22,0.1408,0.0,0,1,2022-05-30
CUST-102324,27,Male,France,669,6,78,2019-12-29,0.0,2,1,1,62615.65,18,0.0771,0.0,0,0,
CUST-102325,36,Male,France,569,0,11,2025-07-30,138376.17,2,1,1,41439.01,23,0.1391,-0.0094,0,0,
CUST-102326,43,Male,Spain,629,2,27,2018-10-29,186955.4,2,0,0,50259.58,0,0.3986,0.0504,1,1,2021-01-28
CUST-102327,31,Female,France,626,6,77,2020-01-29,77376.35,1,0,1,107276.2,26,0.178,0.1422,0,0,
CUST-102328,48,Male,France,541,9,114,2016-12-29,69340.51,2,1,1,43722.47,26,0.1951,-0.1682,0,0,
CUST-102329,34,Male,Germany,684,7,85,2018-06-30,74123.83,1,0,1,24838.45,32,0.017,-0.09,1,1,2025-07-30
CUST-102330,37,Female,France,801,5,71,2020-07-29,0.0,1,1,0,90217.39,11,0.1849,0.0,0,0,
CUST-102331,24,Male,Germany,514,3,40,2023-02-28,284795.08,2,1,1,62923.03,37,0.2129,0.1318,0,0,
CUST-102332,26,Female,France,697,6,79,2019-02-28,501282.12,1,0,0,119400.5,6,0.4167,-0.2246,1,1,2025-09-29
CUST-102333,24,Female,Spain,610,7,90,2018-12-29,0.0,2,1,1,47221.0,18,0.3373,0.0,0,0,
CUST-102334,45,Male,France,599,4,58,2021-08-29,0.0,1,1,0,126314.79,11,0.1857,0.0,0,0,
CUST-102335,33,Male,France,657,1,22,2024-08-29,0.0,2,1,0,106669.89,4,0.2445,0.0,0,0,
CUST-102336,49,Male,Germany,659,4,53,2018-07-30,104724.76,1,1,0,95631.65,5,0.6786,-0.6881,3,1,2022-12-29
CUST-102337,23,Male,Spain,668,6,81,2019-09-29,65692.82,1,1,0,34268.6,17,0.2198,0.1523,0,0,
CUST-102338,42,Male,France,541,2,31,2019-11-29,0.0,1,1,1,69677.56,10,0.6025,0.0,1,1,2022-06-30
CUST-102339,24,Female,Germany,755,6,79,2019-11-29,354065.02,2,1,1,118297.44,18,0.1655,-0.1684,1,0,
CUST-102340,30,Female,France,658,4,54,2021-12-29,254741.77,2,1,1,53103.87,26,0.2495,-0.1721,0,0,
CUST-102341,36,Male,France,707,0,10,2025-08-29,0.0,2,1,0,22708.69,14,0.2413,0.0,0,0,
CUST-102342,33,Female,France,767,9,115,2016-11-28,0.0,2,0,0,49615.29,5,0.5178,0.0,0,0,
CUST-102343,40,Male,Germany,466,9,109,2017-05-30,170447.08,2,0,1,42740.68,24,0.0769,-0.1805,1,0,
CUST-102344,32,Female,France,711,3,37,2023-05-30,0.0,1,1,0,51562.59,14,0.2678,0.0,0,0,
CUST-102345,35,Female,Germany,634,0,10,2025-08-29,137288.01,1,1,0,32523.83,17,0.4361,-0.0959,1,0,
CUST-102346,29,Male,France,748,9,111,2017-03-30,0.0,2,1,0,110226.44,9,0.2927,0.0,1,0,
CUST-102347,44,Male,Spain,573,2,29,2024-01-29,446727.2,2,0,0,100604.51,8,0.3251,0.2233,1,0,
CUST-102348,38,Male,Spain,740,2,24,2024-06-29,0.0,1,0,1,43693.13,30,0.1611,0.0,0,0,
CUST-102349,41,Female,France,549,3,47,2020-01-29,0.0,1,1,0,56738.15,7,0.6961,0.0,0,1,2023-12-29
CUST-102350,37,Male,France,689,8,97,2018-05-30,40790.39,3,1,1,44541.9,24,0.0315,-0.1611,2,0,
CUST-102351,46,Female,France,677,0,3,2026-03-30,61060.39,1,1,0,94078.43,5,0.3202,-0.1313,1,0,
CUST-102352,32,Male,Spain,635,5,65,2021-01-28,0.0,1,1,1,41491.44,35,0.1734,0.0,0,0,
CUST-102353,38,Male,France,551,5,63,2021-03-30,0.0,2,1,1,44966.96,37,0.2407,0.0,0,0,
CUST-102354,84,Female,Germany,615,1,20,2020-08-29,46973.72,2,0,0,76068.5,11,0.1436,0.157,0,1,2022-04-30
CUST-102355,28,Male,France,739,9,119,2016-07-29,54128.09,1,1,0,45171.43,16,0.1613,0.0038,0,0,
CUST-102356,50,Male,Spain,793,2,29,2024-01-29,0.0,2,1,0,181058.19,6,0.3434,0.0,1,0,
CUST-102357,69,Female,France,838,0,10,2022-08-29,91405.53,1,0,0,48459.14,11,0.5337,0.0491,1,1,2023-06-30
CUST-102358,43,Male,Germany,701,4,56,2021-10-29,88397.76,1,1,1,107724.73,27,0.353,0.1184,1,0,
CUST-102359,22,Female,Spain,674,0,7,2025-11-28,117949.64,2,1,1,116984.69,34,0.0832,0.0204,0,0,
CUST-102360,28,Female,France,693,4,54,2021-12-29,0.0,2,1,1,33270.46,18,0.1968,0.0,1,0,
CUST-102361,24,Male,Spain,835,2,25,2024-05-30,0.0,2,1,1,62305.62,29,0.1967,0.0,0,0,
CUST-102362,40,Male,France,700,8,102,2017-12-29,43970.18,1,1,0,44598.9,14,0.0865,-0.2097,0,0,
CUST-102363,37,Male,France,658,9,116,2016-10-29,0.0,1,0,1,118448.31,24,0.3125,0.0,0,0,
CUST-102364,57,Female,Spain,624,6,77,2019-02-28,0.0,1,1,1,69009.12,32,0.1268,0.0,1,1,2025-07-30
CUST-102365,58,Female,Germany,635,7,87,2019-03-30,42803.5,1,0,1,117491.89,29,0.0347,-0.1593,0,0,
CUST-102366,36,Female,Germany,687,5,63,2021-03-30,132635.05,1,1,0,176646.67,8,0.3569,-0.0875,1,0,
CUST-102367,37,Female,France,578,9,114,2016-12-29,285217.27,1,0,0,186062.18,11,0.1763,-0.2828,0,0,
CUST-102368,32,Male,France,590,8,101,2018-01-28,120103.56,1,1,1,39905.41,27,0.2093,0.0837,1,0,
CUST-102369,42,Male,France,644,5,71,2020-07-29,0.0,2,1,1,37636.73,19,0.3421,0.0,0,0,
CUST-102370,30,Male,Germany,607,4,50,2019-04-30,153118.43,1,1,1,37603.73,16,0.3751,-0.1864,0,1,2023-06-30
CUST-102371,36,Female,France,707,0,7,2025-11-28,0.0,1,1,0,134405.82,14,0.2306,0.0,0,0,
CUST-102372,30,Male,France,715,9,118,2016-08-29,0.0,1,1,0,108877.4,11,0.1904,0.0,0,0,
CUST-102373,39,Male,France,675,7,87,2019-03-30,0.0,2,1,1,104622.96,9,0.5094,0.0,0,0,
CUST-102374,49,Male,France,697,2,26,2024-04-29,0.0,1,1,1,97373.7,21,0.0523,0.0,1,0,
CUST-102375,27,Male,France,661,7,95,2018-07-30,0.0,1,0,0,57478.68,14,0.3131,0.0,1,0,
CUST-102376,35,Male,France,350,3,43,2022-11-29,28690.4,1,0,1,75636.14,31,0.0,-0.032,1,0,
CUST-102377,54,Male,Spain,566,1,15,2016-11-28,101134.17,1,1,0,86606.84,5,0.6763,-0.3301,0,1,2018-02-28
CUST-102378,59,Female,Germany,718,5,66,2020-03-30,71150.69,2,1,0,76607.54,9,0.7985,-0.387,2,1,2025-09-29
CUST-102379,33,Female,France,569,4,48,2022-06-30,0.0,1,1,0,50434.12,16,0.0709,0.0,0,0,
CUST-102380,30,Male,Germany,732,9,109,2017-05-30,104071.77,2,1,0,174514.62,7,0.1886,-0.0797,1,0,
CUST-102381,21,Female,Spain,738,6,76,2020-02-28,92328.3,2,1,0,37208.23,17,0.2176,-0.0239,0,0,
CUST-102382,51,Male,France,625,7,84,2019-06-30,13037.85,2,1,0,57196.46,6,0.1355,-0.0129,0,0,
CUST-102383,50,Female,France,593,1,13,2018-06-30,0.0,2,1,1,160861.87,12,0.7567,0.0,1,1,2019-07-30
CUST-102384,38,Male,France,651,5,69,2020-09-28,224168.76,1,1,0,120044.78,15,0.1449,0.0825,1,0,
CUST-102385,72,Female,France,646,0,9,2025-09-29,0.0,1,1,0,35816.31,10,0.2148,0.0,1,0,
CUST-102386,37,Male,Spain,710,3,36,2023-06-30,0.0,1,1,0,21568.99,14,0.1851,0.0,0,0,
CUST-102387,51,Male,Spain,425,0,4,2026-02-28,53775.8,1,0,1,40859.89,20,0.4473,0.137,0,0,
CUST-102388,33,Female,France,580,7,85,2019-05-30,237820.28,1,0,0,76880.29,5,0.468,0.0238,1,0,
CUST-102389,35,Female,Germany,553,8,107,2017-07-30,82098.74,1,0,1,74456.53,30,0.1788,-0.2548,0,0,
CUST-102390,40,Female,France,408,6,82,2019-08-30,85491.0,1,1,1,70692.13,30,0.0,-0.0871,0,0,
CUST-102391,30,Male,Germany,602,5,67,2020-11-28,67514.25,2,0,0,98810.58,8,0.1534,0.216,0,0,
CUST-102392,47,Male,Spain,506,8,103,2017-11-28,0.0,1,1,0,73074.54,8,0.2116,0.0,1,0,
CUST-102393,39,Female,France,613,1,13,2025-05-30,0.0,1,1,1,121656.41,13,0.5581,0.0,1,0,
CUST-102394,25,Male,France,603,4,54,2021-12-29,95191.71,2,0,1,109214.73,31,0.1505,-0.1042,0,0,
CUST-102395,52,Male,Germany,694,0,1,2026-05-30,142171.51,2,1,1,21969.52,21,0.2767,0.0847,1,0,
CUST-102396,30,Male,Spain,626,1,15,2025-03-30,0.0,1,1,0,75578.04,10,0.1782,0.0,0,0,
CUST-102397,30,Male,France,488,8,100,2018-02-28,0.0,2,0,1,63984.86,30,0.0676,0.0,0,0,
CUST-102398,35,Male,France,683,1,17,2025-01-28,0.0,1,1,0,83714.25,10,0.1437,0.0,0,0,
CUST-102399,42,Male,France,850,3,47,2022-07-30,0.0,2,1,0,63055.43,8,0.2734,0.0,0,0,
CUST-102400,41,Female,Germany,753,8,97,2018-05-30,555233.6,2,1,0,29674.65,9,0.0,-0.1083,0,0,
CUST-102401,57,Female,Germany,715,3,43,2022-11-29,154907.72,1,0,1,92630.11,27,0.1646,-0.0677,0,0,
CUST-102402,40,Female,Spain,631,1,14,2025-04-29,260023.38,2,1,0,105520.74,15,0.1391,-0.0627,0,0,
CUST-102403,26,Female,Spain,603,7,94,2018-08-29,70809.24,1,1,1,26091.88,30,0.1634,-0.152,0,0,
CUST-102404,29,Male,Spain,596,5,68,2020-10-29,0.0,1,1,0,186211.14,6,0.3116,0.0,1,0,
CUST-102405,26,Female,Spain,673,5,71,2020-07-29,194605.83,1,1,0,120707.51,12,0.3335,-0.0368,0,0,
CUST-102406,26,Female,France,541,4,52,2022-02-28,0.0,2,1,0,43918.57,13,0.2276,0.0,1,0,
CUST-102407,34,Male,Germany,671,0,7,2016-10-29,125690.08,4,0,0,39345.4,4,0.7447,-0.2378,0,1,2017-05-30
CUST-102408,51,Male,France,586,0,8,2023-05-30,0.0,1,0,0,80466.77,1,0.6705,0.0,1,1,2024-01-29
CUST-102409,38,Female,France,485,3,39,2023-03-30,0.0,2,0,0,77304.89,11,0.0806,0.0,0,0,
CUST-102410,43,Female,Spain,585,8,99,2018-03-30,112275.55,2,1,0,101247.62,7,0.1764,-0.1408,0,0,
CUST-102411,47,Female,Germany,770,4,50,2022-04-30,10929.33,1,0,1,94350.62,17,0.1467,0.0508,0,0,
CUST-102412,52,Female,Spain,663,1,12,2025-06-29,122461.8,2,0,0,99408.44,8,0.827,-0.2987,1,0,
CUST-102413,31,Female,France,350,4,50,2022-04-30,137983.28,2,1,0,39083.17,8,0.4041,0.1485,1,0,
CUST-102414,50,Female,Germany,585,5,69,2020-09-28,287870.15,2,1,0,66657.19,9,0.4266,-0.1923,1,0,
CUST-102415,47,Female,France,737,3,47,2020-08-29,20573.12,1,1,0,86965.4,19,0.0691,0.0734,0,1,2024-07-29
CUST-102416,33,Female,France,621,3,45,2022-09-29,0.0,2,1,0,63207.88,2,0.2796,0.0,0,0,
CUST-102417,30,Female,France,700,10,120,2016-06-29,96563.65,2,1,1,102767.35,22,0.0624,-0.0197,0,0,
CUST-102418,36,Male,Germany,612,0,11,2025-07-30,85000.89,1,0,1,130197.42,24,0.0037,-0.0428,0,0,
CUST-102419,57,Female,France,668,3,40,2020-02-28,89442.6,1,1,1,45639.72,6,0.7868,-0.5376,3,1,2023-06-30
CUST-102420,52,Male,Spain,653,7,92,2018-10-29,191986.14,2,0,0,70620.4,9,0.2217,-0.1334,0,0,
CUST-102421,33,Male,France,588,3,39,2023-03-30,0.0,1,0,0,53829.35,6,0.3727,0.0,1,0,
CUST-102422,50,Male,France,705,3,47,2022-07-30,0.0,2,1,1,57009.14,7,0.7355,0.0,0,0,
CUST-102423,45,Male,Spain,797,1,22,2024-08-29,230511.95,1,1,0,29166.33,7,0.2844,-0.1499,0,0,
CUST-102424,42,Male,France,687,2,33,2023-09-29,0.0,1,0,0,90369.21,8,0.6688,0.0,0,0,
CUST-102425,55,Male,Spain,660,2,24,2024-06-29,112008.87,2,1,1,348316.25,22,0.0426,0.0266,0,0,
CUST-102426,41,Male,Germany,569,4,48,2018-09-29,138822.01,1,1,1,90607.74,19,0.1556,0.1429,1,1,2022-09-29
CUST-102427,38,Female,France,740,5,62,2021-04-29,0.0,1,1,1,253568.29,21,0.1238,0.0,0,0,
CUST-102428,24,Female,Germany,601,1,21,2024-09-28,106069.01,1,0,0,146467.33,4,0.4248,-0.208,0,0,
CUST-102429,47,Female,Germany,704,2,34,2023-08-30,141044.76,2,1,0,47600.79,13,0.2291,-0.0903,0,0,
CUST-102430,30,Male,Spain,723,9,113,2017-01-28,60811.6,1,0,1,90922.45,23,0.2618,-0.0745,0,0,
CUST-102431,29,Male,Spain,745,7,93,2018-09-29,136815.34,2,0,0,110899.78,10,0.1944,-0.0655,0,0,
CUST-102432,38,Female,Germany,747,0,7,2023-12-29,37530.74,4,1,1,107757.25,25,0.2733,-0.0585,1,1,2024-07-29
CUST-102433,29,Male,Germany,743,3,45,2022-09-29,52359.89,2,1,0,48427.1,15,0.1787,-0.142,1,0,
CUST-102434,42,Female,France,529,4,57,2021-09-29,0.0,1,1,1,80848.22,22,0.0244,0.0,0,0,
CUST-102435,40,Female,Germany,568,0,6,2024-06-29,176129.68,1,1,1,180617.65,6,0.6225,-0.5124,0,1,2024-12-29
CUST-102436,39,Male,Spain,518,3,38,2023-04-30,262885.74,2,1,0,30622.76,8,0.405,-0.3879,1,0,
CUST-102437,36,Male,Germany,512,1,17,2025-01-28,540805.94,1,1,1,127154.49,35,0.1144,-0.0845,0,0,
CUST-102438,46,Male,Germany,796,6,75,2020-03-30,188346.47,2,1,0,137876.16,7,0.2186,-0.0445,0,0,
CUST-102439,42,Male,France,555,2,27,2022-08-29,107994.89,2,1,1,28054.14,26,0.4241,0.1345,0,1,2024-11-28
CUST-102440,41,Male,Spain,542,9,110,2017-04-29,56736.07,2,1,1,50969.46,27,0.1562,0.2153,0,0,
CUST-102441,31,Female,Spain,645,4,58,2021-08-29,57605.0,2,1,0,61840.02,15,0.0742,-0.0516,0,0,
CUST-102442,36,Female,France,578,3,36,2023-06-30,89875.96,2,1,0,116565.63,8,0.2679,-0.1328,0,0,
CUST-102443,30,Male,France,850,9,111,2017-03-30,0.0,1,1,0,72293.19,11,0.0065,0.0,0,0,
CUST-102444,36,Male,Germany,624,2,32,2023-10-30,177471.08,1,0,0,53178.82,4,0.686,-0.3347,0,0,
CUST-102445,31,Male,France,693,3,44,2022-10-29,43785.03,2,1,0,75208.45,23,0.0617,-0.194,0,0,
CUST-102446,36,Male,Germany,575,4,51,2020-12-29,56466.48,2,1,1,91404.35,16,0.5326,-0.2928,1,1,2025-03-30
CUST-102447,36,Female,France,490,0,3,2026-03-30,118000.58,1,1,0,65893.03,14,0.3324,-0.1102,0,0,
CUST-102448,36,Female,France,580,2,28,2024-02-28,0.0,1,0,1,176047.3,30,0.1006,0.0,0,0,
CUST-102449,47,Female,Germany,581,8,105,2017-09-29,285593.23,2,1,1,73356.58,22,0.1154,-0.2271,0,0,
CUST-102450,43,Male,Germany,580,0,4,2026-02-28,176450.16,1,1,0,108221.8,6,0.2015,-0.1594,0,0,
CUST-102451,27,Male,Germany,496,6,74,2020-04-29,104191.5,1,1,0,40245.28,15,0.292,-0.0793,1,0,
CUST-102452,35,Female,Germany,663,7,95,2018-07-30,38995.82,1,1,0,87918.74,8,0.4807,-0.1567,0,0,
CUST-102453,39,Female,Germany,618,1,22,2024-08-29,78996.41,1,0,1,54481.07,26,0.1146,0.007,1,0,
CUST-102454,31,Female,Spain,502,4,57,2019-01-29,0.0,1,1,0,54529.42,7,0.5761,0.0,1,1,2023-10-30
CUST-102455,40,Male,Germany,660,6,75,2019-04-30,53388.15,1,1,1,168085.29,16,0.451,-0.2406,1,1,2025-07-30
CUST-102456,32,Female,Germany,723,2,34,2019-02-28,23730.84,1,1,1,50124.42,26,0.1244,-0.0205,0,1,2021-12-29
CUST-102457,37,Male,Germany,765,8,97,2018-05-30,128272.53,2,1,0,54287.4,10,0.1,-0.1123,0,0,
CUST-102458,30,Male,France,418,6,77,2020-01-29,0.0,2,0,1,27818.95,38,0.0969,0.0,1,0,
CUST-102459,36,Female,France,580,1,16,2025-02-28,0.0,1,1,0,44252.01,3,0.3692,0.0,0,0,
CUST-102460,43,Male,Germany,518,0,6,2017-07-30,575512.9,1,1,1,28312.18,29,0.6351,-0.3171,0,1,2018-01-28
CUST-102461,45,Female,Spain,587,2,26,2024-04-29,0.0,1,1,0,137665.66,10,0.3142,0.0,0,0,
CUST-102462,37,Male,Germany,783,5,71,2020-07-29,268619.98,2,0,1,88152.02,32,0.1199,0.0105,1,0,
CUST-102463,65,Male,France,580,0,4,2026-02-28,151022.56,1,1,1,112163.73,16,0.5426,-0.1176,0,1,2026-06-30
CUST-102464,41,Male,Germany,604,4,56,2020-04-29,118312.12,2,1,0,92973.54,9,0.4943,-0.2491,1,1,2024-12-29
CUST-102465,46,Female,France,570,6,78,2019-12-29,0.0,2,1,1,42480.22,17,0.2764,0.0,0,0,
CUST-102466,52,Female,Germany,806,5,63,2018-05-30,223641.55,2,0,0,112840.36,8,0.2082,-0.077,0,1,2023-08-30
CUST-102467,31,Male,Spain,429,5,63,2021-03-30,51992.7,1,1,0,64757.52,13,0.0,0.226,1,0,
CUST-102468,43,Male,Germany,597,8,104,2017-10-29,56211.98,2,0,1,99068.06,16,0.5645,-0.248,0,0,
CUST-102469,39,Male,Germany,567,4,53,2022-01-28,48085.48,1,1,1,16030.67,13,0.1103,0.1279,0,0,
CUST-102470,44,Male,France,485,8,101,2018-01-28,113756.88,2,1,1,37340.28,14,0.3044,0.061,0,0,
CUST-102471,48,Female,France,756,2,28,2024-02-28,0.0,2,0,1,48858.88,17,0.1068,0.0,0,0,
CUST-102472,30,Male,Spain,477,6,82,2019-08-30,16456.53,2,1,1,85198.63,21,0.0278,-0.1149,0,0,
CUST-102473,64,Male,Germany,606,5,70,2019-06-30,60445.83,2,0,0,30277.42,17,0.1802,-0.036,0,1,2025-04-29
CUST-102474,38,Male,Germany,642,1,16,2025-02-28,186264.23,3,1,1,251456.23,14,0.6605,-0.3187,1,0,
CUST-102475,34,Female,France,578,6,73,2020-05-30,264955.52,1,1,1,144194.32,21,0.0,-0.2626,0,0,
CUST-102476,23,Female,France,484,4,49,2022-05-30,0.0,2,1,1,147310.35,11,0.2994,0.0,1,0,
CUST-102477,51,Female,France,634,3,45,2022-09-29,80850.46,1,1,0,158723.47,6,0.494,-0.3372,0,0,
CUST-102478,47,Female,France,577,4,55,2021-11-28,0.0,1,1,1,97160.36,43,0.1048,0.0,0,0,
CUST-102479,35,Female,France,728,6,74,2020-01-29,426844.25,1,1,0,38711.64,8,0.5665,-0.3712,1,1,2026-03-30
CUST-102480,25,Male,Spain,700,6,79,2019-11-29,0.0,1,1,0,92653.39,6,0.2984,0.0,0,0,
CUST-102481,38,Female,Germany,837,0,10,2025-08-29,92445.53,1,0,0,54920.72,9,0.2061,0.0278,0,0,
CUST-102482,27,Female,France,661,7,86,2019-04-30,0.0,1,1,1,63378.34,25,0.2841,0.0,1,0,
CUST-102483,50,Male,France,707,3,45,2019-01-29,0.0,1,1,0,115254.07,16,0.0707,0.0,0,1,2022-10-29
CUST-102484,35,Female,France,616,4,48,2020-10-29,165693.41,2,1,1,52819.85,12,0.8171,-0.4533,0,1,2024-10-29
CUST-102485,30,Female,Spain,814,8,104,2017-10-29,7610.28,1,0,1,51318.94,19,0.2467,0.0847,0,0,
CUST-102486,40,Female,France,651,0,9,2025-09-29,0.0,2,1,0,122146.21,18,0.2371,0.0,1,0,
CUST-102487,41,Male,Spain,640,7,84,2016-10-29,15004.69,1,1,0,45892.28,10,0.5274,-0.1146,1,1,2023-10-30
CUST-102488,43,Male,Spain,702,1,18,2024-12-29,165286.52,1,0,1,60734.75,20,0.1862,-0.1061,1,0,
CUST-102489,30,Female,France,588,8,103,2017-11-28,0.0,2,1,0,68744.71,15,0.0159,0.0,0,0,
CUST-102490,48,Male,Germany,602,0,6,2025-12-29,152483.98,2,0,0,99099.45,9,0.4354,-0.0687,0,0,
CUST-102491,35,Male,Spain,702,2,24,2021-10-29,0.0,1,0,1,107654.6,16,0.0706,0.0,0,1,2023-10-30
CUST-102492,24,Male,France,720,9,110,2017-04-29,0.0,1,1,1,49960.64,20,0.1322,0.0,0,0,
CUST-102493,36,Male,France,707,4,59,2021-07-30,0.0,2,1,0,28687.01,10,0.1212,0.0,0,0,
CUST-102494,36,Female,Spain,642,1,16,2025-02-28,140757.26,2,1,0,145534.29,6,0.3081,0.0993,0,0,
CUST-102495,36,Female,Spain,676,2,35,2017-05-30,0.0,4,0,1,20882.13,9,0.6835,0.0,1,1,2020-04-29
CUST-102496,40,Female,Germany,742,1,17,2022-03-30,44157.44,1,0,1,90028.25,19,0.6191,-0.1366,0,1,2023-08-30
CUST-102497,59,Male,Germany,545,5,64,2017-07-30,84045.08,1,1,0,70155.15,11,0.2076,-0.0529,0,1,2022-11-29
CUST-102498,37,Male,France,650,1,16,2025-02-28,0.0,1,1,1,83143.09,26,0.0397,0.0,1,0,
CUST-102499,38,Male,Spain,371,3,36,2023-06-30,0.0,2,1,0,85318.47,11,0.1572,0.0,0,0,
CUST-102500,33,Male,France,721,4,51,2022-03-30,61393.82,1,1,1,63173.39,21,0.3024,0.0295,0,0,
CUST-102501,37,Female,France,575,2,24,2024-06-29,57583.05,1,1,1,68766.62,23,0.1095,-0.2721,1,0,
CUST-102502,43,Male,Germany,577,0,3,2026-03-30,156743.06,2,0,1,86488.74,26,0.2453,0.118,0,0,
CUST-102503,43,Male,Spain,638,2,29,2020-02-28,155158.26,1,1,1,83384.97,26,0.2106,0.0063,0,1,2022-07-30
CUST-102504,54,Female,Spain,709,2,32,2021-01-28,0.0,1,1,1,15604.99,12,0.3911,0.0,1,1,2023-09-29
CUST-102505,24,Female,France,850,9,114,2016-12-29,74814.89,2,1,1,69320.89,25,0.0634,-0.0175,1,0,
CUST-102506,47,Male,France,501,6,75,2020-03-30,0.0,2,0,0,111787.72,7,0.2238,0.0,0,0,
CUST-102507,45,Female,Spain,568,5,61,2021-05-30,0.0,2,1,1,48401.23,15,0.1351,0.0,0,0,
CUST-102508,26,Male,Spain,672,7,89,2019-01-29,517278.57,1,1,0,92861.73,7,0.138,-0.065,1,0,
CUST-102509,53,Female,Germany,580,9,111,2017-03-30,40883.53,2,0,0,126242.14,8,0.7521,-0.2904,0,0,
CUST-102510,27,Female,Germany,730,0,1,2026-05-30,67344.54,2,0,1,75795.74,32,0.1226,-0.143,0,0,
CUST-102511,43,Male,France,634,8,100,2018-02-28,45993.17,2,1,0,77079.56,8,0.0659,-0.2368,1,0,
CUST-102512,24,Male,France,735,9,113,2017-01-28,92656.59,1,1,1,34141.17,22,0.2794,-0.0735,0,0,
CUST-102513,30,Male,France,626,0,1,2026-05-30,112226.4,2,1,1,68405.15,20,0.1881,0.2034,0,0,
CUST-102514,44,Female,France,702,3,37,2023-03-30,0.0,2,1,1,94670.93,5,0.6574,0.0,1,1,2026-04-30
CUST-102515,44,Male,France,558,2,35,2021-01-28,63195.46,1,0,0,56618.77,7,0.5753,-0.1216,0,1,2023-12-29
CUST-102516,36,Female,Spain,836,0,2,2026-04-30,53594.65,1,1,1,58226.88,21,0.0323,0.0875,0,0,
CUST-102517,55,Male,France,487,6,76,2020-02-28,0.0,1,1,1,95790.28,23,0.2303,0.0,0,0,
CUST-102518,43,Male,France,582,6,82,2019-08-30,0.0,2,1,0,87561.78,15,0.3503,0.0,0,0,
CUST-102519,49,Male,Germany,514,0,3,2017-04-29,147898.71,1,0,0,93041.11,6,0.6442,-0.4021,0,1,2017-07-30
CUST-102520,36,Male,France,727,8,97,2018-05-30,164766.11,1,0,1,30365.78,35,0.3555,0.065,0,0,
CUST-102521,29,Male,France,702,7,93,2018-09-29,0.0,1,0,0,90850.11,10,0.3267,0.0,0,0,
CUST-102522,29,Female,Germany,533,4,56,2021-10-29,121078.19,2,1,0,29834.36,14,0.1102,0.0913,0,0,
CUST-102523,34,Female,France,746,3,43,2022-11-29,0.0,2,1,1,62098.44,27,0.1315,0.0,0,0,
CUST-102524,30,Male,Germany,583,8,96,2018-06-30,29024.27,2,1,1,209170.03,26,0.1581,-0.0784,1,0,
CUST-102525,29,Female,Spain,687,9,116,2016-10-29,205439.98,2,1,0,98341.68,7,0.2477,0.4766,0,0,
CUST-102526,25,Male,France,710,0,4,2026-02-28,225104.05,2,1,0,86168.91,9,0.3747,-0.0525,0,0,
CUST-102527,35,Female,Spain,626,0,8,2025-10-29,0.0,2,1,1,45441.73,27,0.0,0.0,0,0,
CUST-102528,25,Male,Spain,737,2,24,2024-06-29,0.0,2,1,1,168174.58,30,0.0395,0.0,0,0,
CUST-102529,35,Female,Spain,636,6,83,2019-07-30,36271.27,1,0,1,85415.88,27,0.1108,0.0508,0,0,
CUST-102530,24,Male,Germany,683,4,56,2021-10-29,191004.4,1,1,0,20101.19,7,0.288,-0.0116,0,0,
CUST-102531,34,Male,Germany,624,2,26,2024-04-29,68722.28,2,0,1,49542.23,29,0.1399,-0.2245,0,0,
CUST-102532,43,Female,Germany,471,4,56,2021-10-29,62378.38,2,1,1,83697.09,31,0.134,-0.0224,0,0,
CUST-102533,30,Male,Germany,638,8,106,2017-08-29,68425.41,2,0,1,63602.17,17,0.2259,0.0732,0,0,
CUST-102534,40,Male,France,566,7,84,2019-06-30,62241.91,1,1,1,130608.67,31,0.1076,-0.006,0,0,
CUST-102535,39,Male,Spain,784,3,42,2022-12-29,81282.79,3,1,0,38699.37,7,0.3458,-0.0935,0,0,
CUST-102536,31,Female,Germany,519,4,56,2021-10-29,65266.47,2,1,0,79231.57,12,0.0803,0.0891,0,0,
CUST-102537,25,Male,Spain,768,0,7,2025-11-28,133914.73,1,0,1,50970.02,22,0.0078,0.1158,1,0,
CUST-102538,56,Male,France,633,0,2,2016-08-29,0.0,4,1,0,78519.15,7,0.6392,0.0,0,1,2016-10-29
CUST-102539,47,Female,France,689,7,95,2018-07-30,237550.23,2,1,1,53208.29,22,0.0,-0.1628,0,0,
CUST-102540,31,Female,Germany,518,2,31,2023-01-29,141696.67,1,0,0,74385.17,5,0.574,-0.3389,1,1,2025-08-29
CUST-102541,57,Male,Germany,620,1,16,2025-02-28,86035.62,2,1,1,165176.07,16,0.2642,-0.1834,0,0,
CUST-102542,46,Female,France,586,0,7,2025-11-28,0.0,1,0,0,30196.99,11,0.2681,0.0,0,0,
CUST-102543,44,Male,France,850,5,63,2021-03-30,208296.0,2,0,0,223407.57,12,0.3616,-0.1207,0,0,
CUST-102544,27,Female,France,584,7,93,2018-09-29,149067.67,2,1,1,487740.03,26,0.4785,-0.1294,1,0,
CUST-102545,44,Male,Germany,761,4,58,2021-08-29,142188.82,1,0,0,54614.52,8,0.2024,0.0738,1,0,
CUST-102546,50,Female,France,762,5,62,2021-04-29,0.0,1,1,1,155366.94,23,0.182,0.0,1,0,
CUST-102547,38,Female,Spain,759,4,57,2019-04-30,0.0,1,0,0,117907.84,7,0.3582,0.0,1,1,2024-01-29
CUST-102548,40,Male,France,593,3,43,2022-11-29,192112.67,1,1,0,109934.68,7,0.1271,0.0015,0,0,
CUST-102549,43,Male,France,823,1,13,2024-06-29,0.0,2,0,1,47365.37,12,0.5748,0.0,0,1,2025-07-30
CUST-102550,52,Male,France,843,7,90,2018-12-29,24525.83,2,1,0,42804.19,7,0.3012,0.1479,0,0,
CUST-102551,41,Male,Germany,685,1,17,2025-01-28,23487.5,2,1,0,55360.48,8,0.157,-0.0993,0,0,
CUST-102552,43,Male,France,605,0,5,2026-01-28,0.0,2,0,0,56971.02,9,0.246,0.0,0,0,
CUST-102553,40,Female,Germany,567,5,65,2021-01-28,94961.32,1,1,1,36610.18,30,0.0,-0.1245,0,0,
CUST-102554,58,Male,Spain,695,3,45,2018-05-30,0.0,1,1,1,46689.33,19,0.255,0.0,0,1,2022-02-28
CUST-102555,38,Female,France,656,0,5,2026-01-28,85580.32,2,0,1,125252.14,28,0.2039,0.196,0,0,
CUST-102556,43,Male,Germany,668,0,10,2025-08-29,104466.79,1,0,0,168373.07,11,0.1603,0.0384,0,0,
CUST-102557,53,Male,France,521,5,66,2020-12-29,62666.12,1,1,1,43703.29,16,0.3754,-0.045,1,0,
CUST-102558,33,Male,France,653,2,32,2023-10-30,75249.74,2,1,1,275638.36,21,0.1256,-0.0197,1,0,
CUST-102559,62,Female,France,760,1,12,2016-11-28,0.0,2,1,1,32693.72,14,0.694,0.0,1,1,2017-11-28
CUST-102560,32,Male,France,728,5,66,2020-12-29,0.0,1,1,0,37518.22,14,0.1834,0.0,0,0,
CUST-102561,30,Male,Germany,610,8,99,2018-03-30,97014.93,1,0,0,25498.0,6,0.4021,0.0801,0,0,
CUST-102562,43,Male,Germany,640,0,9,2025-09-29,15346.29,2,1,1,26654.66,27,0.2606,-0.0444,0,0,
CUST-102563,32,Female,Germany,509,1,12,2020-07-29,113041.14,2,1,0,134870.91,5,0.5336,-0.1028,0,1,2021-07-30
CUST-102564,57,Female,Germany,586,2,32,2020-11-28,262284.84,2,1,1,55261.25,21,0.0768,0.1304,1,1,2023-07-30
CUST-102565,68,Male,Germany,617,1,17,2025-01-28,174284.45,2,1,0,70157.66,9,0.2367,-0.079,0,0,
CUST-102566,30,Male,France,711,0,8,2025-10-29,75600.87,2,1,0,58930.09,11,0.3632,0.1655,1,0,
CUST-102567,29,Male,France,582,3,36,2023-06-30,0.0,2,1,1,34383.9,18,0.0424,0.0,0,0,
CUST-102568,29,Male,France,551,0,11,2025-07-30,0.0,2,1,1,26980.66,26,0.0,0.0,1,0,
CUST-102569,24,Female,Germany,723,1,20,2024-10-29,153316.19,2,1,1,20491.4,28,0.0168,0.0861,0,0,
CUST-102570,32,Male,Spain,609,0,2,2026-04-30,0.0,2,0,0,58596.8,3,0.2949,0.0,0,0,
CUST-102571,50,Female,France,569,5,62,2021-04-29,155814.06,1,1,1,85681.14,12,0.497,-0.2019,2,1,2026-06-30
CUST-102572,44,Female,Germany,728,0,3,2024-05-30,58880.19,1,1,0,39974.07,3,0.8022,-0.4657,0,1,2024-08-29
CUST-102573,35,Female,Spain,694,2,25,2024-05-30,81844.83,2,0,0,19215.32,17,0.1965,-0.0412,0,0,
CUST-102574,42,Male,Spain,630,6,83,2019-07-30,51172.97,1,1,0,110825.9,13,0.4155,0.036,0,0,
CUST-102575,25,Female,Germany,616,5,63,2021-03-30,187080.66,1,0,1,119319.74,17,0.0636,-0.1649,0,0,
CUST-102576,27,Male,Germany,686,1,21,2024-09-28,43148.49,1,1,0,30504.25,7,0.0,-0.172,0,0,
CUST-102577,38,Male,Germany,702,6,72,2020-06-29,61189.54,2,1,0,34102.2,4,0.2764,-0.032,0,0,
CUST-102578,40,Female,Spain,670,0,10,2025-08-29,126838.06,2,1,1,101173.15,16,0.0,0.1792,0,0,
CUST-102579,39,Male,France,662,2,24,2024-06-29,11640.02,2,0,0,22684.67,11,0.1798,-0.0544,0,0,
CUST-102580,32,Male,Spain,592,9,118,2016-08-29,47883.51,1,1,0,30908.81,5,0.5584,-0.1275,0,0,
CUST-102581,31,Male,France,598,6,74,2020-04-29,0.0,2,1,1,147195.06,19,0.1193,0.0,1,0,
CUST-102582,45,Male,Spain,634,1,22,2016-10-29,103325.66,1,1,0,49264.45,3,0.5357,-0.1613,1,1,2018-08-29
CUST-102583,44,Female,France,558,8,103,2017-11-28,102051.02,2,0,1,67458.44,17,0.3731,-0.0632,0,0,
CUST-102584,24,Female,France,547,2,29,2024-01-29,433011.16,1,1,1,34441.34,30,0.1625,0.0997,0,0,
CUST-102585,24,Female,France,641,2,31,2023-11-29,42054.17,1,1,0,124078.02,6,0.2924,-0.2119,0,0,
CUST-102586,66,Male,France,745,1,14,2025-04-29,26287.01,1,1,1,63006.24,23,0.0317,-0.1904,0,0,
CUST-102587,40,Male,France,451,3,38,2023-04-30,0.0,2,1,0,115250.84,8,0.334,0.0,0,0,
CUST-102588,39,Male,France,612,8,102,2017-12-29,0.0,2,0,1,49193.94,24,0.1978,0.0,0,0,
CUST-102589,30,Male,France,676,3,45,2022-09-29,97688.59,2,1,0,34969.02,11,0.306,0.091,1,0,
CUST-102590,34,Female,France,753,2,34,2020-02-28,0.0,3,1,0,61419.71,2,0.8083,0.0,1,1,2022-12-29
CUST-102591,32,Female,Spain,823,0,7,2021-06-29,143499.36,1,0,0,41129.65,2,0.6516,-0.2868,1,1,2022-01-28
CUST-102592,50,Female,Spain,625,0,3,2026-03-30,115845.48,1,0,0,49185.34,4,0.3911,-0.067,0,0,
CUST-102593,49,Female,Germany,839,1,21,2024-09-28,65191.89,1,0,0,40968.3,12,0.0,0.2043,0,0,
CUST-102594,41,Male,France,694,7,93,2018-09-29,0.0,2,1,0,32509.92,9,0.1136,0.0,0,0,
CUST-102595,39,Female,France,728,4,52,2022-02-28,59497.88,1,1,0,100218.63,14,0.3277,-0.2538,1,1,2026-06-30
CUST-102596,42,Female,Spain,548,5,67,2018-06-30,91755.02,1,0,0,84868.93,13,0.2041,0.0016,0,1,2024-01-29
CUST-102597,39,Female,France,694,6,81,2019-09-29,0.0,2,1,1,37590.14,28,0.0753,0.0,0,0,
CUST-102598,45,Male,France,736,0,1,2026-05-30,283288.02,1,1,1,174275.95,33,0.0,0.197,0,0,
CUST-102599,55,Female,Spain,584,5,68,2020-10-29,70412.83,2,0,0,43458.4,14,0.263,-0.1164,2,0,
CUST-102600,37,Male,Spain,400,3,42,2022-12-29,0.0,1,1,1,103811.18,21,0.0528,0.0,1,0,
CUST-102601,30,Female,France,664,0,8,2025-10-29,0.0,1,0,0,15443.25,18,0.0962,0.0,0,0,
CUST-102602,39,Female,Germany,629,3,44,2022-10-29,36893.25,2,0,0,55593.75,7,0.1285,-0.0577,4,0,
CUST-102603,33,Female,France,779,1,12,2025-06-29,141607.98,2,1,0,23500.04,5,0.3298,0.084,2,0,
CUST-102604,26,Male,Spain,598,0,9,2025-09-29,0.0,1,0,0,40516.51,7,0.2202,0.0,0,0,
CUST-102605,29,Male,France,582,3,40,2023-02-28,67461.53,1,0,0,81893.77,12,0.3754,0.0755,0,0,
CUST-102606,52,Female,France,538,4,59,2021-07-30,0.0,1,0,1,76841.83,33,0.0,0.0,1,0,
CUST-102607,38,Female,Germany,590,0,9,2025-09-29,250518.87,3,1,0,42858.37,12,0.1558,0.0647,0,0,
CUST-102608,34,Female,France,850,1,19,2024-11-28,44613.61,1,1,0,66948.45,4,0.7643,-0.5584,0,0,
CUST-102609,40,Male,Germany,498,4,50,2022-04-30,72954.88,2,1,1,77259.73,30,0.1251,-0.1243,0,0,
CUST-102610,33,Female,France,522,0,2,2026-04-30,16513.39,2,0,0,45997.1,6,0.3199,0.1197,0,0,
CUST-102611,53,Female,Spain,645,0,10,2025-08-29,188814.89,2,1,1,94806.27,27,0.2906,0.0857,1,0,
CUST-102612,66,Male,Spain,840,0,5,2026-01-28,0.0,1,1,0,70517.04,9,0.5073,0.0,0,0,
CUST-102613,34,Male,France,721,4,58,2021-08-29,0.0,1,1,0,48526.59,12,0.0602,0.0,0,0,
CUST-102614,36,Female,Spain,799,6,78,2019-12-29,65038.78,3,1,1,178661.06,31,0.1098,-0.1034,0,0,
CUST-102615,41,Male,France,613,2,25,2024-05-30,82421.79,1,0,0,52485.95,0,0.8342,-0.2604,0,0,
CUST-102616,28,Female,France,517,8,100,2018-02-28,106493.18,2,0,0,36238.3,12,0.1318,-0.0255,0,0,
CUST-102617,24,Female,France,607,1,13,2025-05-30,110199.43,2,1,0,112483.12,13,0.1846,-0.1331,1,0,
CUST-102618,51,Male,Spain,638,0,8,2025-03-30,0.0,1,1,1,92217.43,9,0.4408,0.0,0,1,2025-11-28
CUST-102619,34,Male,Spain,651,9,113,2017-01-28,0.0,2,0,0,21396.97,13,0.4102,0.0,1,0,
CUST-102620,33,Female,Spain,629,1,22,2024-08-29,84182.61,1,1,1,22024.97,33,0.1799,-0.1203,0,0,
CUST-102621,42,Female,Spain,707,2,24,2024-06-29,0.0,1,1,1,84981.86,28,0.307,0.0,0,0,
CUST-102622,30,Female,Spain,582,5,68,2020-10-29,0.0,1,1,0,44343.2,6,0.3899,0.0,0,0,
CUST-102623,33,Female,France,561,5,69,2020-09-28,29625.36,2,1,1,77251.66,29,0.1766,-0.2848,1,0,
CUST-102624,28,Female,Spain,534,2,32,2022-08-29,56379.43,1,1,0,52524.97,16,0.3486,-0.2169,0,1,2025-04-29
CUST-102625,25,Female,Germany,670,6,78,2019-12-29,101075.85,1,1,0,87452.62,12,0.1246,0.1467,0,0,
CUST-102626,33,Female,France,660,3,42,2022-12-29,144741.81,2,1,1,99079.92,33,0.1783,-0.0296,0,0,
CUST-102627,30,Male,Germany,755,6,79,2019-11-29,164333.48,1,1,0,23261.79,9,0.3739,0.1034,0,0,
CUST-102628,29,Male,France,799,4,55,2021-11-28,44073.54,1,1,1,37575.02,28,0.0,0.1129,0,0,
CUST-102629,38,Male,France,534,5,63,2017-02-28,19539.89,1,1,0,157271.74,6,0.8002,-0.179,0,1,2022-05-30
CUST-102630,46,Female,France,652,5,64,2021-02-28,0.0,1,1,0,83308.16,3,0.4751,0.0,0,0,
CUST-102631,46,Male,France,630,2,26,2024-04-29,236771.61,1,0,0,95875.96,6,0.1513,0.0544,2,0,
CUST-102632,46,Female,France,502,5,68,2018-06-30,0.0,1,1,1,234644.8,14,0.6306,0.0,1,1,2024-02-28
CUST-102633,31,Female,Spain,599,3,40,2023-02-28,162094.15,2,0,0,125749.93,9,0.2128,-0.1212,0,0,
CUST-102634,37,Male,Germany,800,2,30,2018-05-30,110274.87,2,0,0,69833.65,10,0.4278,-0.0964,0,1,2020-11-28
CUST-102635,33,Male,Germany,589,1,20,2018-05-30,76204.58,3,1,0,35248.32,4,0.2633,-0.0718,0,1,2020-01-29
CUST-102636,31,Female,France,573,6,76,2020-02-28,371204.94,2,0,0,139214.13,13,0.2519,-0.0907,0,0,
CUST-102637,32,Male,France,645,8,106,2017-01-28,52266.38,3,1,0,141296.35,11,0.6917,-0.1464,0,1,2025-11-28
CUST-102638,29,Female,France,738,1,21,2024-09-28,28613.62,1,1,0,77445.55,4,0.083,-0.0601,0,0,
CUST-102639,40,Male,Spain,621,4,51,2022-03-30,99084.7,1,1,0,199869.65,9,0.2526,0.1736,0,0,
CUST-102640,50,Male,France,662,1,20,2024-10-29,0.0,1,0,1,84124.65,29,0.2876,0.0,0,0,
CUST-102641,33,Female,Germany,431,5,65,2020-12-29,101388.99,1,1,1,74646.61,25,0.3745,-0.1414,2,1,2026-05-30
CUST-102642,32,Male,Spain,705,6,72,2020-06-29,69585.77,2,0,0,139353.51,13,0.3376,0.0531,0,0,
CUST-102643,24,Male,Germany,671,4,54,2021-12-29,50017.86,2,0,1,94506.53,32,0.0201,-0.1056,0,0,
CUST-102644,44,Male,Spain,735,5,65,2021-01-28,0.0,2,1,0,109536.9,13,0.3037,0.0,0,0,
CUST-102645,23,Male,France,471,7,91,2018-11-29,0.0,1,1,0,22062.67,9,0.0602,0.0,1,0,
CUST-102646,38,Female,Spain,621,2,32,2023-10-30,0.0,2,1,1,87723.3,21,0.0393,0.0,0,0,
CUST-102647,31,Male,Germany,743,9,118,2016-08-29,71810.96,2,1,0,54683.08,10,0.329,-0.0995,1,0,
CUST-102648,35,Male,Spain,597,2,24,2020-01-29,0.0,1,1,0,52746.75,4,0.7477,0.0,3,1,2022-01-28
CUST-102649,39,Male,Germany,655,3,39,2023-03-30,22982.27,2,1,0,63175.56,10,0.1251,0.0041,0,0,
CUST-102650,38,Male,Spain,611,4,58,2021-08-29,126482.01,2,1,0,49078.59,10,0.2375,0.1308,0,0,
CUST-102651,48,Male,Spain,613,1,22,2023-09-29,59721.31,1,0,0,106795.0,3,0.608,-0.5171,0,1,2025-07-30
CUST-102652,24,Female,France,762,3,39,2023-03-30,120295.94,1,0,0,36980.43,13,0.0619,0.1438,0,0,
CUST-102653,47,Male,Spain,513,6,79,2019-11-29,0.0,2,1,1,26542.76,19,0.0659,0.0,0,0,
CUST-102654,39,Female,Germany,645,4,51,2019-01-29,192111.11,2,1,0,66175.32,6,0.2362,-0.2271,0,1,2023-04-30
CUST-102655,50,Male,France,674,1,13,2025-05-30,0.0,1,1,1,149559.06,40,0.0,0.0,3,0,
CUST-102656,38,Male,Spain,740,6,82,2019-08-30,0.0,2,1,1,53735.49,25,0.0703,0.0,0,0,
CUST-102657,27,Male,France,638,5,64,2021-02-28,448677.3,1,0,0,61998.54,12,0.0641,0.0758,0,0,
CUST-102658,36,Female,Germany,743,3,45,2021-01-28,95313.01,1,1,0,61207.67,3,0.692,-0.4311,0,1,2024-10-29
CUST-102659,43,Female,France,645,3,46,2022-08-29,99372.62,1,1,1,286611.2,16,0.2806,0.0663,1,0,
CUST-102660,46,Male,France,661,7,92,2016-11-28,0.0,1,1,1,120597.57,12,0.7994,0.0,2,1,2024-07-29
CUST-102661,36,Female,Spain,658,3,36,2020-04-29,270369.42,1,1,1,51662.34,13,0.5749,-0.2418,0,1,2023-04-30
CUST-102662,35,Male,France,713,6,79,2019-11-29,33073.0,2,0,1,64114.12,20,0.2922,-0.1188,0,0,
CUST-102663,39,Female,France,702,0,7,2025-11-28,0.0,2,0,1,46605.71,31,0.0762,0.0,0,0,
CUST-102664,48,Female,France,543,0,9,2016-08-29,50317.28,4,1,1,200190.03,8,0.6276,-0.255,0,1,2017-05-30
CUST-102665,33,Male,France,671,3,39,2023-03-30,120451.57,1,1,1,30840.49,22,0.0077,0.0455,0,0,
CUST-102666,41,Male,Spain,702,5,63,2021-03-30,0.0,2,1,1,41947.37,25,0.0528,0.0,0,0,
CUST-102667,60,Male,Spain,790,4,57,2021-09-29,0.0,2,1,0,117097.29,12,0.0769,0.0,0,0,
CUST-102668,73,Female,France,553,5,66,2020-12-29,0.0,2,1,1,183264.53,18,0.0,0.0,0,0,
CUST-102669,48,Male,Germany,702,2,24,2024-06-29,174479.92,1,1,1,71206.88,32,0.0522,-0.0155,1,0,
CUST-102670,35,Female,France,617,3,45,2022-09-29,0.0,1,0,1,61769.09,22,0.0692,0.0,0,0,
CUST-102671,28,Male,Germany,668,3,38,2023-04-30,166289.55,1,0,0,73371.85,10,0.285,-0.1612,1,0,
CUST-102672,41,Female,France,547,0,8,2025-10-29,0.0,2,0,0,74968.83,11,0.2222,0.0,0,0,
CUST-102673,55,Male,France,649,0,2,2022-08-29,0.0,1,0,0,228360.68,0,0.8305,0.0,2,1,2022-10-29
CUST-102674,36,Female,France,681,5,70,2016-10-29,160594.18,1,1,1,91517.86,31,0.0,-0.0679,1,1,2022-08-29
CUST-102675,49,Male,Germany,557,3,37,2018-03-30,46035.79,2,1,0,58721.23,3,0.9499,-0.4213,2,1,2021-04-29
CUST-102676,48,Male,Germany,789,5,70,2020-08-29,196422.37,2,0,0,89590.59,14,0.0296,-0.1802,0,0,
CUST-102677,37,Male,France,502,3,38,2022-10-29,0.0,1,1,1,120480.94,24,0.1043,0.0,0,1,2025-12-29
CUST-102678,47,Female,Spain,702,3,39,2023-03-30,0.0,2,0,0,42763.35,10,0.1352,0.0,0,0,
CUST-102679,29,Male,Germany,417,2,24,2020-06-29,186407.55,1,1,0,82836.52,5,0.3522,-0.2372,1,1,2022-06-30
CUST-102680,36,Female,France,626,0,9,2025-09-29,23755.75,1,1,0,72929.81,14,0.2538,-0.1419,0,0,
CUST-102681,42,Female,Spain,696,7,85,2019-05-30,0.0,2,1,0,38230.82,12,0.2235,0.0,0,0,
CUST-102682,37,Male,Spain,718,1,17,2025-01-28,0.0,2,1,1,57010.13,12,0.1821,0.0,0,0,
CUST-102683,29,Male,France,640,7,86,2017-06-29,18446.01,1,1,0,55207.61,2,0.6716,-0.2743,3,1,2024-08-29
CUST-102684,47,Male,Germany,627,9,117,2016-09-28,39943.85,1,1,1,54751.61,30,0.0524,-0.1387,1,0,
CUST-102685,42,Male,France,704,0,2,2026-04-30,0.0,2,0,1,201503.2,24,0.0,0.0,1,0,
CUST-102686,39,Male,Germany,741,3,45,2022-09-29,86493.68,2,1,0,72769.64,6,0.0645,-0.2359,0,0,
CUST-102687,53,Female,France,782,8,106,2017-08-29,125246.06,2,1,0,87146.75,5,0.4661,-0.1885,1,0,
CUST-102688,47,Male,Germany,526,3,41,2018-03-30,58748.42,1,0,1,103311.06,23,0.5582,-0.3587,4,1,2021-08-29
CUST-102689,22,Male,France,631,1,14,2025-04-29,0.0,1,0,0,69436.22,9,0.2006,0.0,0,0,
CUST-102690,39,Female,Germany,439,2,26,2024-04-29,149801.31,1,1,1,56379.25,41,0.0,0.1266,0,0,
CUST-102691,39,Male,Spain,519,2,26,2024-04-29,76371.08,1,1,1,163413.54,22,0.3005,-0.105,1,0,
CUST-102692,34,Female,France,582,1,12,2025-06-29,73784.55,2,1,1,164093.33,22,0.0762,0.0772,0,0,
CUST-102693,24,Female,Spain,733,5,69,2020-09-28,0.0,1,1,0,118565.73,17,0.2029,0.0,0,0,
CUST-102694,31,Male,Spain,604,8,99,2018-03-30,37159.28,1,0,1,67738.77,30,0.1756,0.0685,1,0,
CUST-102695,23,Male,Spain,622,8,97,2018-05-30,0.0,2,1,1,87324.0,24,0.226,0.0,0,0,
CUST-102696,67,Female,France,679,6,78,2019-07-30,105548.94,1,0,1,46026.81,16,0.0,-0.1883,1,1,2026-01-28
CUST-102697,37,Female,Spain,586,5,63,2021-03-30,21239.9,1,0,1,76032.09,33,0.1317,0.0088,0,0,
CUST-102698,43,Female,France,459,9,113,2017-01-28,0.0,2,1,0,37685.59,14,0.3633,0.0,0,0,
CUST-102699,29,Female,France,578,9,109,2017-05-30,0.0,1,1,1,111622.03,18,0.0,0.0,0,0,
CUST-102700,24,Male,Spain,638,7,95,2018-07-30,59290.32,2,0,1,178002.11,28,0.1199,0.0042,0,0,
CUST-102701,34,Male,Germany,695,7,94,2018-08-29,129723.88,1,0,1,38713.37,17,0.1227,0.0806,1,0,
CUST-102702,33,Female,Germany,630,1,23,2021-03-30,41983.47,1,1,0,188973.65,4,0.7168,-0.4173,0,1,2023-02-28
CUST-102703,40,Female,France,693,3,42,2022-12-29,0.0,1,1,1,101615.82,29,0.159,0.0,0,0,
CUST-102704,34,Female,Spain,739,6,81,2019-09-29,0.0,2,1,1,46937.95,18,0.1585,0.0,1,0,
CUST-102705,72,Male,Germany,758,1,18,2017-09-29,187966.12,1,1,1,82870.58,19,0.582,-0.1043,0,1,2019-03-30
CUST-102706,50,Female,France,667,6,81,2018-03-30,0.0,2,1,0,167817.08,5,0.3868,0.0,0,1,2024-12-29
CUST-102707,57,Male,Spain,541,1,19,2024-11-28,0.0,2,1,0,142327.79,8,0.2272,0.0,0,0,
CUST-102708,37,Male,France,530,9,116,2016-10-29,0.0,1,1,1,139937.54,26,0.0017,0.0,0,0,
CUST-102709,40,Male,France,539,4,51,2018-01-28,22319.07,1,1,0,58670.94,7,0.5874,-0.2076,0,1,2022-04-30
CUST-102710,55,Male,Germany,547,0,10,2022-12-29,10929.21,1,1,0,42985.73,3,0.694,-0.143,2,1,2023-10-30
CUST-102711,33,Female,Spain,660,6,73,2020-05-30,32275.47,2,1,0,71921.02,13,0.1827,-0.1804,0,0,
CUST-102712,42,Male,France,831,6,82,2018-02-28,51739.51,1,0,0,76929.06,2,0.7591,-0.5011,2,1,2024-12-29
CUST-102713,34,Female,France,670,9,116,2016-10-29,102967.0,1,0,1,63972.75,22,0.0834,0.1893,0,0,
CUST-102714,43,Male,France,642,2,35,2023-07-30,170584.21,1,1,0,51463.35,6,0.6304,-0.246,0,1,2026-06-30
CUST-102715,27,Male,Spain,742,3,36,2023-06-30,0.0,1,1,1,41326.01,14,0.4031,0.0,0,0,
CUST-102716,32,Male,France,570,1,22,2020-07-29,274502.09,1,1,1,106501.03,8,0.8145,-0.2961,1,1,2022-05-30
CUST-102717,40,Male,Germany,750,8,101,2018-01-28,42382.89,1,0,0,48808.61,10,0.2724,0.0682,0,0,
CUST-102718,41,Female,Spain,743,6,75,2020-03-30,260143.13,2,1,0,112120.74,10,0.0,0.2066,1,0,
CUST-102719,46,Male,France,656,6,83,2019-07-30,44767.01,1,1,1,61065.61,23,0.0646,-0.045,0,0,
CUST-102720,28,Male,Germany,850,0,1,2026-05-30,128923.03,2,1,0,68280.22,12,0.3219,0.0795,0,0,
CUST-102721,39,Male,Germany,757,5,70,2020-08-29,104104.27,1,1,0,37652.64,13,0.0719,-0.1527,0,0,
CUST-102722,26,Male,Spain,654,6,80,2019-10-30,225524.52,1,1,0,89763.52,14,0.2118,-0.3619,0,0,
CUST-102723,35,Male,France,636,3,40,2022-07-30,285960.06,2,0,0,61841.27,14,0.3069,-0.0225,0,1,2025-11-28
CUST-102724,38,Female,France,609,5,61,2021-05-30,39001.93,2,1,1,39820.69,27,0.0907,-0.0023,0,0,
CUST-102725,36,Male,France,637,6,81,2019-09-29,13862.32,2,1,0,63477.08,15,0.3311,0.1475,0,0,
CUST-102726,59,Male,Germany,640,3,43,2022-11-29,74191.93,1,0,0,44798.99,12,0.3017,0.1206,1,0,
CUST-102727,38,Female,Spain,619,2,31,2023-11-29,0.0,2,1,1,30262.39,25,0.2501,0.0,0,0,
CUST-102728,44,Female,France,629,7,87,2019-03-30,0.0,2,1,0,109023.0,9,0.2783,0.0,1,0,
CUST-102729,40,Male,France,536,1,12,2020-07-29,0.0,4,1,0,38289.98,6,0.0309,0.0,0,1,2021-07-30
CUST-102730,37,Female,Spain,595,6,81,2019-09-29,135858.7,2,1,1,92419.23,13,0.296,-0.2037,1,0,
CUST-102731,43,Female,France,497,7,90,2018-12-29,135506.99,1,1,1,253117.17,28,0.1294,-0.1485,0,0,
CUST-102732,39,Male,France,690,2,30,2020-01-29,0.0,2,0,0,42943.02,7,0.7289,0.0,0,1,2022-07-30
CUST-102733,38,Male,Germany,658,8,102,2017-12-29,56656.26,1,1,1,93043.86,24,0.2968,-0.1202,0,0,
CUST-102734,35,Female,France,638,4,53,2022-01-28,128645.32,1,1,1,57581.1,24,0.0895,0.0006,1,0,
CUST-102735,33,Female,France,735,3,38,2023-04-30,112939.91,2,1,1,82573.86,31,0.1135,0.0344,0,0,
CUST-102736,32,Female,France,567,1,20,2024-10-29,92854.35,1,1,0,27176.35,15,0.2032,-0.1281,0,0,
CUST-102737,38,Male,France,582,3,38,2023-04-30,240909.27,1,0,1,90154.52,28,0.3346,0.0996,1,0,
CUST-102738,37,Female,Germany,508,7,84,2019-06-30,51148.46,1,1,1,76265.62,19,0.3843,0.0592,0,0,
CUST-102739,55,Male,Germany,748,1,13,2025-05-30,123315.66,1,1,1,271123.38,21,0.0994,-0.0404,0,0,
CUST-102740,27,Female,Germany,708,9,116,2016-10-29,52234.56,2,1,0,23400.91,17,0.1419,0.2729,0,0,
CUST-102741,61,Female,France,778,4,49,2022-05-30,855051.63,2,0,1,55190.51,26,0.0,0.0906,0,0,
CUST-102742,28,Male,Spain,802,7,93,2018-09-29,0.0,2,1,1,92563.62,21,0.0748,0.0,0,0,
CUST-102743,37,Male,France,609,1,20,2024-10-29,0.0,2,1,0,116852.75,14,0.266,0.0,0,0,
CUST-102744,41,Female,Spain,582,1,21,2023-07-30,72576.25,1,1,0,67262.92,6,0.6811,-0.4095,0,1,2025-04-29
CUST-102745,30,Female,France,478,8,102,2017-12-29,52581.27,2,1,0,144328.12,10,0.7161,-0.4289,0,0,
CUST-102746,28,Male,Spain,545,3,46,2022-08-29,85647.3,1,1,1,74593.71,29,0.1535,-0.0491,0,0,
CUST-102747,36,Female,France,619,4,59,2021-07-30,35397.06,2,1,1,77581.92,29,0.0023,0.0856,0,0,
CUST-102748,44,Male,France,452,5,65,2021-01-28,42329.26,2,1,1,27772.13,31,0.2861,0.017,0,0,
CUST-102749,47,Male,France,547,3,45,2019-08-30,326512.28,3,1,1,99317.2,16,0.5525,-0.4787,0,1,2023-05-30
CUST-102750,27,Male,France,642,9,111,2017-03-30,127086.28,2,1,1,165816.42,22,0.1664,-0.0574,0,0,
CUST-102751,36,Female,France,736,3,46,2016-09-28,0.0,1,1,0,41755.28,14,0.2989,0.0,0,1,2020-07-29
CUST-102752,25,Male,Germany,581,8,102,2017-12-29,60798.41,2,1,0,56475.9,8,0.1522,0.0255,0,0,
CUST-102753,30,Female,Spain,662,5,68,2020-10-29,0.0,1,0,0,33032.53,10,0.2421,0.0,0,0,
CUST-102754,51,Male,France,829,2,31,2023-11-29,98782.26,2,1,1,92957.15,23,0.1318,-0.2409,0,0,
CUST-102755,41,Female,Spain,477,3,38,2023-04-30,0.0,1,1,1,65836.56,27,0.2404,0.0,1,0,
CUST-102756,30,Female,Spain,754,2,29,2023-08-30,1121574.02,1,0,0,112471.2,6,0.2317,-0.1776,1,1,2026-01-28
CUST-102757,50,Male,Spain,687,0,9,2025-09-29,0.0,2,1,0,69009.0,11,0.1883,0.0,0,0,
CUST-102758,31,Male,Germany,772,5,62,2017-10-29,94354.17,1,0,0,68268.46,2,0.5148,-0.4294,0,1,2022-12-29
CUST-102759,37,Male,Germany,743,0,10,2017-04-29,138010.56,1,1,0,69595.6,7,0.4066,-0.0499,0,1,2018-02-28
CUST-102760,24,Male,Germany,586,7,84,2019-06-30,112986.28,1,0,1,79026.83,25,0.1845,0.0333,0,0,
CUST-102761,30,Female,Germany,650,5,66,2020-12-29,61755.46,1,1,1,72906.22,19,0.1366,0.0073,1,0,
CUST-102762,40,Female,Spain,510,2,26,2018-05-30,52647.76,1,1,0,90962.04,2,0.3881,-0.178,1,1,2020-07-29
CUST-102763,39,Male,France,600,6,79,2019-11-29,0.0,2,1,0,157900.4,7,0.2174,0.0,0,0,
CUST-102764,33,Female,France,653,0,7,2025-11-28,0.0,2,1,1,123083.29,22,0.0855,0.0,0,0,
CUST-102765,36,Male,France,679,6,76,2020-02-28,222872.17,2,1,1,189131.53,18,0.1246,0.0222,0,0,
CUST-102766,45,Male,Spain,726,2,24,2019-08-30,106633.4,1,1,0,37847.68,6,0.4365,-0.0711,1,1,2021-08-29
CUST-102767,35,Male,France,802,6,72,2020-06-29,0.0,2,1,0,47498.08,3,0.2165,0.0,0,0,
CUST-102768,41,Male,Germany,608,9,108,2017-06-29,97333.64,2,1,0,132509.32,10,0.3697,-0.2929,1,0,
CUST-102769,32,Female,Spain,760,2,26,2024-04-29,0.0,1,1,1,41279.47,30,0.0,0.0,0,0,
CUST-102770,37,Male,Spain,676,5,66,2020-12-29,0.0,1,1,0,175495.29,10,0.4253,0.0,0,0,
CUST-102771,24,Female,France,524,2,25,2024-05-30,0.0,1,0,0,54384.6,9,0.3965,0.0,2,0,
CUST-102772,33,Male,Spain,636,7,91,2018-11-29,104216.07,1,1,1,66495.05,28,0.0231,-0.0757,0,0,
CUST-102773,38,Female,Spain,661,9,111,2017-03-30,183576.99,1,0,1,58682.76,18,0.2976,0.0088,0,0,
CUST-102774,36,Male,France,570,1,14,2025-04-29,28313.89,2,1,1,72485.5,31,0.0,-0.2207,0,0,
CUST-102775,32,Male,Spain,550,2,28,2024-02-28,0.0,1,1,1,179206.88,14,0.1384,0.0,0,0,
CUST-102776,29,Male,France,547,8,99,2018-03-30,78275.95,2,1,1,148661.85,19,0.0,-0.1559,0,0,
CUST-102777,38,Male,Germany,598,2,34,2023-08-30,43915.23,1,1,1,211295.85,23,0.1174,-0.164,0,0,
CUST-102778,36,Male,Germany,567,0,7,2025-11-28,158235.94,1,1,1,252560.74,22,0.0312,0.0893,0,0,
CUST-102779,40,Male,France,768,6,82,2019-08-30,0.0,2,1,0,55958.3,11,0.2123,0.0,0,0,
CUST-102780,31,Female,France,415,5,63,2021-03-30,0.0,1,1,1,41272.95,25,0.2065,0.0,0,0,
CUST-102781,43,Male,France,661,3,36,2023-06-30,0.0,1,0,1,78794.36,25,0.0131,0.0,0,0,
CUST-102782,28,Female,France,701,2,24,2024-06-29,0.0,2,1,0,86132.87,9,0.3655,0.0,0,0,
CUST-102783,26,Female,Germany,558,6,78,2019-12-29,149620.39,2,0,1,32026.61,29,0.3602,-0.3106,0,0,
CUST-102784,51,Male,France,628,10,120,2016-06-29,0.0,2,1,1,111428.09,26,0.3447,0.0,0,0,
CUST-102785,28,Female,France,617,3,43,2022-11-29,0.0,2,1,0,40618.36,3,0.4595,0.0,1,0,
CUST-102786,38,Male,Germany,643,1,14,2020-02-28,75706.72,1,1,0,57500.3,9,0.4253,0.101,0,1,2021-04-29
CUST-102787,34,Female,Germany,714,10,120,2016-06-29,55322.46,1,0,0,108372.45,12,0.126,-0.0679,0,0,
CUST-102788,52,Female,Germany,705,10,120,2016-06-29,251563.0,1,1,1,93480.01,27,0.2565,-0.0735,0,0,
CUST-102789,43,Female,Spain,592,1,15,2025-03-30,114584.56,1,1,0,75033.19,8,0.0997,-0.0433,0,0,
CUST-102790,26,Male,France,506,5,62,2018-11-29,257554.21,1,1,1,82270.58,13,0.789,-0.5035,0,1,2024-01-29
CUST-102791,57,Female,Spain,666,2,27,2024-03-30,276715.31,1,1,0,103306.35,10,0.4132,-0.1545,0,0,
CUST-102792,48,Male,France,587,4,59,2021-07-30,0.0,2,1,1,51687.09,41,0.4245,0.0,0,0,
CUST-102793,33,Male,Germany,599,8,100,2018-02-28,55006.76,2,0,1,86239.37,41,0.0222,-0.0782,0,0,
CUST-102794,28,Male,Spain,671,6,83,2017-04-29,158191.14,1,1,0,71833.36,6,0.8155,-0.4731,0,1,2024-03-30
CUST-102795,39,Male,Spain,608,5,65,2021-01-28,46102.81,2,1,1,77699.07,21,0.1586,0.1479,1,0,
CUST-102796,39,Female,Germany,679,2,32,2023-10-30,60504.89,2,1,0,136115.29,10,0.3572,-0.1237,0,0,
CUST-102797,25,Female,Germany,850,1,15,2025-03-30,18761.14,1,1,1,84331.93,24,0.1298,-0.1832,0,0,
CUST-102798,38,Male,France,716,9,118,2016-08-29,78262.66,1,1,0,157576.57,10,0.051,-0.0795,0,0,
CUST-102799,47,Female,Germany,779,5,60,2021-03-30,287449.88,1,0,1,54844.53,32,0.014,0.0408,1,1,2026-03-30
CUST-102800,38,Female,Spain,699,1,18,2024-12-29,90484.38,1,0,1,68426.26,36,0.3553,0.0271,1,0,
CUST-102801,36,Female,Spain,657,3,45,2022-09-29,23526.93,1,1,0,31182.23,14,0.2607,-0.0857,0,0,
CUST-102802,35,Female,France,701,5,62,2021-04-29,0.0,2,0,0,42406.98,9,0.1471,0.0,0,0,
CUST-102803,30,Male,France,696,3,46,2022-08-29,0.0,2,1,1,58615.47,18,0.0,0.0,0,0,
CUST-102804,49,Male,Germany,733,4,57,2017-09-29,91554.11,2,0,0,93447.2,11,0.3394,0.0895,0,1,2022-06-30
CUST-102805,34,Female,France,656,3,42,2018-09-29,115189.3,1,1,0,54690.17,12,0.3518,0.0261,0,1,2022-03-30
CUST-102806,39,Male,France,524,6,75,2020-03-30,0.0,2,0,0,39538.4,13,0.0684,0.0,0,0,
CUST-102807,27,Female,France,509,5,61,2021-05-30,128656.92,1,0,1,87022.39,27,0.1558,0.0775,0,0,
CUST-102808,36,Female,Germany,694,8,98,2018-04-30,78779.89,1,1,0,28798.33,12,0.0978,-0.1601,0,0,
CUST-102809,42,Female,France,542,1,23,2024-07-29,87210.95,1,1,1,29384.5,18,0.5714,-0.3201,1,0,
CUST-102810,34,Male,France,716,2,24,2020-07-29,0.0,1,1,1,45879.25,7,0.7143,0.0,1,1,2022-07-30
CUST-102811,34,Female,France,779,9,114,2016-12-29,38339.1,2,1,1,89480.2,24,0.0254,-0.2199,0,0,
CUST-102812,37,Female,Spain,629,4,59,2021-07-30,0.0,1,1,1,44585.61,27,0.2296,0.0,0,0,
CUST-102813,41,Male,Germany,766,1,23,2024-03-30,304275.62,1,1,0,75947.68,10,0.2089,-0.01,1,1,2026-02-28
CUST-102814,38,Male,France,675,8,97,2018-05-30,0.0,2,1,1,108756.38,33,0.0,0.0,0,0,
CUST-102815,63,Male,France,652,4,58,2018-12-29,30569.27,1,1,1,93305.68,17,0.4107,-0.1932,0,1,2023-10-30
CUST-102816,51,Male,Germany,657,3,45,2022-09-29,101598.78,2,1,1,186299.2,17,0.5907,-0.5121,0,0,
CUST-102817,32,Female,France,570,6,82,2019-08-30,0.0,2,1,1,78784.62,19,0.1063,0.0,0,0,
CUST-102818,48,Female,Germany,558,2,34,2019-06-30,51358.18,1,1,1,157621.22,29,0.0,0.0177,0,1,2022-04-30
CUST-102819,24,Male,France,492,4,57,2021-09-29,40379.6,1,0,0,101506.04,12,0.2941,0.0124,0,0,
CUST-102820,34,Male,Spain,580,0,8,2025-10-29,118024.92,1,0,1,58031.31,27,0.1809,0.126,1,0,
CUST-102821,26,Male,France,850,7,90,2018-12-29,100705.97,2,0,0,42455.38,12,0.1309,0.0344,0,0,
CUST-102822,43,Male,Germany,507,2,34,2023-08-30,296551.74,2,0,0,78713.39,8,0.5102,-0.0219,0,0,
CUST-102823,34,Male,France,537,6,76,2020-02-28,0.0,2,0,1,35250.77,14,0.4478,0.0,1,0,
CUST-102824,28,Female,Spain,573,9,114,2016-12-29,32006.38,2,1,1,63920.41,19,0.0416,-0.0794,0,0,
CUST-102825,45,Female,Spain,577,3,44,2022-10-29,38518.02,1,1,1,66441.93,30,0.4782,0.0686,0,0,
CUST-102826,28,Female,Germany,676,4,53,2022-01-28,9438.55,2,1,1,137789.83,28,0.1958,0.0561,0,0,
CUST-102827,44,Female,France,591,3,38,2023-04-30,0.0,2,1,1,48726.49,23,0.2712,0.0,1,0,
CUST-102828,39,Male,France,631,5,71,2019-12-29,47671.74,1,0,0,91810.75,9,0.654,-0.0829,2,1,2025-11-28
CUST-102829,35,Female,Spain,568,7,87,2019-03-30,0.0,2,1,1,42190.73,27,0.1005,0.0,1,0,
CUST-102830,47,Male,Germany,604,1,17,2025-01-28,58931.45,2,1,0,115995.04,10,0.1649,-0.1545,0,0,
CUST-102831,30,Male,France,644,6,76,2020-02-28,0.0,2,1,0,165599.18,4,0.1692,0.0,0,0,
CUST-102832,25,Male,France,637,0,4,2026-02-28,0.0,2,1,1,45616.69,22,0.3584,0.0,1,0,
CUST-102833,28,Male,France,840,2,29,2024-01-29,0.0,2,1,0,77931.44,14,0.2016,0.0,0,0,
CUST-102834,63,Male,Spain,647,4,48,2022-06-30,0.0,2,1,1,299246.04,30,0.1465,0.0,0,0,
CUST-102835,30,Male,Germany,630,5,66,2020-12-29,16302.74,1,1,1,47959.84,33,0.1286,0.0516,0,0,
CUST-102836,33,Male,Germany,410,1,23,2024-07-29,215247.3,2,0,0,32361.98,15,0.187,0.0248,0,0,
CUST-102837,55,Female,Germany,673,3,47,2022-07-30,18308.75,2,0,0,81539.29,4,0.2682,0.209,0,0,
CUST-102838,33,Male,France,460,4,51,2022-03-30,0.0,2,1,0,40066.5,15,0.1933,0.0,0,0,
CUST-102839,43,Male,France,703,8,100,2018-02-28,0.0,2,1,0,88405.45,6,0.2841,0.0,0,0,
CUST-102840,57,Female,France,664,3,46,2022-08-29,0.0,1,1,1,116238.33,16,0.0601,0.0,0,0,
CUST-102841,41,Female,Spain,727,1,17,2020-06-29,0.0,1,0,1,41003.79,11,0.6617,0.0,0,1,2021-11-28
CUST-102842,36,Male,France,589,6,72,2020-06-29,120329.93,1,0,1,32056.41,26,0.0508,0.0815,0,0,
CUST-102843,46,Female,France,653,1,12,2025-06-29,61430.14,1,1,0,126547.75,11,0.2498,-0.1346,2,0,
CUST-102844,23,Male,France,715,7,90,2018-12-29,0.0,2,1,0,186844.45,6,0.1779,0.0,0,0,
CUST-102845,33,Male,France,561,4,57,2021-09-29,0.0,1,1,1,60891.39,20,0.0879,0.0,0,0,
CUST-102846,52,Male,Germany,709,2,35,2022-07-30,70446.02,1,1,0,154153.33,12,0.146,-0.0787,0,1,2025-06-29
CUST-102847,30,Male,France,704,6,82,2019-08-30,0.0,2,1,1,190187.61,15,0.3365,0.0,2,0,
CUST-102848,22,Female,France,637,6,74,2020-04-29,0.0,2,1,0,106570.65,12,0.5006,0.0,0,0,
CUST-102849,38,Male,Spain,802,7,88,2019-02-28,59897.3,1,0,1,77760.63,17,0.1711,0.0375,0,0,
CUST-102850,43,Female,France,699,0,11,2025-07-30,0.0,1,1,0,104600.14,13,0.2643,0.0,1,0,
CUST-102851,34,Female,France,489,5,60,2021-06-29,286239.74,2,1,1,116185.92,22,0.5282,-0.1079,0,0,
CUST-102852,43,Female,France,745,2,29,2024-01-29,0.0,1,1,0,20946.95,8,0.3881,0.0,1,0,
CUST-102853,39,Male,Spain,587,1,14,2025-04-29,0.0,2,1,1,67499.7,30,0.0705,0.0,0,0,
CUST-102854,80,Male,France,727,8,99,2018-03-30,92527.2,2,1,0,35050.47,12,0.1771,0.0816,0,0,
CUST-102855,46,Female,Spain,678,4,48,2022-06-30,0.0,2,1,1,43809.33,19,0.2469,0.0,1,0,
CUST-102856,39,Female,Spain,396,4,57,2018-05-30,32960.69,1,0,0,85905.0,8,0.3487,0.1267,1,1,2023-02-28
CUST-102857,24,Male,Germany,708,8,106,2017-08-29,81536.79,2,1,0,68296.37,8,0.2041,-0.0347,0,0,
CUST-102858,31,Male,France,629,2,33,2023-09-29,48257.56,1,1,1,73325.76,31,0.1799,-0.0862,0,0,
CUST-102859,29,Female,Germany,606,7,92,2018-10-29,109092.62,2,0,1,67038.05,35,0.0,-0.0618,2,0,
CUST-102860,55,Female,France,609,9,115,2016-11-28,910626.37,1,1,1,64977.8,20,0.1604,-0.0332,0,0,
CUST-102861,28,Female,France,726,8,96,2018-06-30,0.0,1,0,0,71499.89,6,0.1698,0.0,0,0,
CUST-102862,34,Female,Germany,562,9,111,2017-03-30,76937.92,2,0,1,170078.53,23,0.1103,-0.0228,0,0,
CUST-102863,40,Male,France,757,0,9,2025-09-29,521687.58,1,1,0,102815.79,11,0.2243,0.2036,1,0,
CUST-102864,32,Male,France,504,8,97,2018-05-30,103089.62,1,1,0,43022.27,6,0.4405,-0.2252,0,0,
CUST-102865,33,Female,France,678,9,115,2016-11-28,0.0,1,1,1,56469.46,39,0.1858,0.0,0,0,
CUST-102866,39,Female,France,724,2,35,2023-07-30,23485.63,2,0,1,104985.14,37,0.0078,-0.0114,0,0,
CUST-102867,30,Male,France,722,6,72,2020-06-29,209650.09,1,1,0,62101.38,10,0.3272,-0.0029,0,0,
CUST-102868,38,Female,Germany,668,3,36,2023-06-30,33997.31,1,0,0,95489.14,16,0.2405,0.0054,0,0,
CUST-102869,45,Male,Spain,630,4,55,2021-11-28,75040.3,1,0,0,71127.96,5,0.3399,-0.0242,0,0,
CUST-102870,31,Male,France,597,5,66,2020-12-29,0.0,2,0,0,80851.08,6,0.4426,0.0,0,0,
CUST-102871,28,Female,Germany,533,5,64,2021-02-28,146142.89,2,0,1,145192.91,33,0.3474,-0.1486,1,0,
CUST-102872,58,Male,France,584,2,30,2023-12-29,23613.43,1,0,0,89809.3,9,0.1957,-0.1836,2,0,
CUST-102873,59,Male,France,558,1,12,2024-09-28,37052.84,1,0,1,208765.87,23,0.2832,-0.1159,0,1,2025-09-29
CUST-102874,36,Female,France,542,6,73,2020-05-30,104823.67,2,1,1,50049.87,35,0.0133,-0.0238,1,0,
CUST-102875,38,Male,France,823,7,89,2019-01-29,0.0,1,1,0,43510.91,8,0.0,0.0,1,0,
CUST-102876,38,Male,France,485,2,24,2022-02-28,0.0,3,1,0,89621.34,3,0.8297,0.0,1,1,2024-02-28
CUST-102877,33,Female,France,758,2,25,2024-05-30,30258.63,1,1,0,63965.84,7,0.3417,0.0786,0,0,
CUST-102878,36,Male,France,531,0,10,2022-07-30,69416.46,1,1,0,77478.06,8,0.2454,-0.0881,0,1,2023-05-30
CUST-102879,24,Female,Germany,552,4,49,2018-08-29,58445.16,1,0,1,87715.39,20,0.3419,-0.0358,1,1,2022-09-29
CUST-102880,27,Male,France,550,7,87,2019-03-30,165281.82,2,0,1,35399.81,16,0.0553,0.1224,2,0,
CUST-102881,33,Male,France,543,1,17,2025-01-28,57703.33,1,1,0,21723.27,7,0.2925,-0.0677,2,0,
CUST-102882,31,Female,France,739,2,35,2020-11-28,154732.05,1,0,0,107040.58,4,0.3491,-0.1632,1,1,2023-10-30
CUST-102883,27,Male,Germany,706,4,53,2020-05-30,220050.91,1,1,0,32715.78,13,0.7041,-0.2764,0,1,2024-10-29
CUST-102884,36,Female,France,628,2,24,2024-06-29,0.0,1,1,0,54394.54,13,0.0,0.0,2,0,
CUST-102885,44,Female,Germany,850,7,95,2018-01-28,106545.03,1,0,1,65442.77,17,0.6076,-0.3377,0,1,2025-12-29
CUST-102886,30,Female,France,648,2,31,2023-08-30,0.0,1,0,0,68788.18,10,0.2245,0.0,0,1,2026-03-30
CUST-102887,23,Male,France,656,4,57,2021-09-29,36139.15,2,0,0,110706.67,8,0.1379,-0.1992,0,0,
CUST-102888,39,Male,Spain,584,6,79,2019-11-29,31306.66,1,1,1,103846.33,32,0.1546,-0.0038,0,0,
CUST-102889,34,Female,France,573,4,57,2016-10-29,95049.18,1,1,0,82090.21,2,0.5548,-0.4259,1,1,2021-07-30
CUST-102890,46,Male,France,599,0,3,2026-03-30,55400.66,3,1,0,98452.35,15,0.2354,-0.03,0,0,
CUST-102891,26,Female,France,732,0,7,2025-11-28,0.0,2,1,0,40899.13,11,0.332,0.0,0,0,
CUST-102892,28,Female,Spain,705,0,9,2016-08-29,0.0,4,0,0,47659.55,4,0.7279,0.0,0,1,2017-05-30
CUST-102893,33,Male,Germany,774,6,77,2018-01-28,58670.93,1,0,1,520633.97,35,0.3023,-0.0802,0,1,2024-06-29
CUST-102894,29,Male,Germany,581,4,55,2021-11-28,75047.79,1,0,0,78296.48,14,0.3875,-0.1641,1,0,
CUST-102895,50,Female,Spain,707,0,7,2017-08-29,15974.21,1,1,0,116820.85,5,0.4761,-0.2439,1,1,2018-03-30
CUST-102896,27,Female,France,679,8,105,2017-09-29,182714.41,2,1,0,38281.82,4,0.4413,0.025,0,0,
CUST-102897,33,Male,Spain,692,2,24,2024-06-29,0.0,2,0,1,107842.12,36,0.0838,0.0,2,0,
CUST-102898,63,Female,France,567,8,102,2017-12-29,64020.15,2,0,1,62620.3,20,0.2737,0.1211,0,0,
CUST-102899,26,Female,Germany,550,5,71,2020-07-29,313388.97,1,1,1,53730.1,22,0.2948,-0.2725,0,0,
CUST-102900,37,Male,France,702,7,84,2019-06-30,67929.18,2,1,1,189418.81,26,0.14,-0.0459,0,0,
CUST-102901,34,Male,France,734,3,37,2023-05-30,0.0,2,0,1,168074.38,36,0.079,0.0,0,0,
CUST-102902,41,Female,Spain,591,8,103,2017-11-28,18153.15,2,1,1,70898.07,14,0.0426,0.061,0,0,
CUST-102903,40,Female,France,708,5,62,2021-04-29,0.0,2,1,0,82481.46,16,0.2238,0.0,0,0,
CUST-102904,39,Female,Spain,765,1,23,2024-07-29,0.0,2,1,1,58485.21,26,0.0,0.0,0,0,
CUST-102905,47,Male,France,615,1,13,2025-05-30,176085.2,1,0,0,38453.49,16,0.0581,-0.1691,0,0,
CUST-102906,46,Female,Germany,512,7,89,2019-01-29,150311.5,2,1,1,75860.23,31,0.0,-0.3551,0,0,
CUST-102907,31,Female,Spain,524,8,103,2017-11-28,0.0,1,1,1,82552.34,28,0.2182,0.0,0,0,
CUST-102908,31,Female,France,585,4,51,2022-03-30,105510.7,2,1,1,128478.21,24,0.2971,0.067,0,0,
CUST-102909,43,Male,Spain,607,0,10,2025-08-29,64262.3,1,1,0,100065.62,13,0.1878,-0.089,0,0,
CUST-102910,38,Male,Germany,647,7,92,2018-10-29,115784.22,2,1,1,41910.52,18,0.3504,-0.2352,0,0,
CUST-102911,40,Male,Germany,648,0,9,2025-09-29,178194.11,1,1,1,23459.35,27,0.0243,-0.0373,0,0,
CUST-102912,37,Male,France,624,2,24,2017-08-29,0.0,1,0,0,60683.89,7,0.5934,0.0,1,1,2019-08-30
CUST-102913,32,Male,Germany,715,8,97,2018-05-30,203508.4,2,0,0,35681.17,13,0.2814,0.0193,1,0,
CUST-102914,43,Female,Germany,577,1,19,2023-02-28,213681.03,2,0,1,68317.19,29,0.3573,-0.056,0,1,2024-09-28
CUST-102915,30,Male,France,771,5,67,2020-11-28,34066.04,2,0,0,92581.87,11,0.244,0.0104,0,0,
CUST-102916,63,Female,France,740,3,44,2022-10-29,0.0,2,1,0,86719.9,7,0.2056,0.0,0,0,
CUST-102917,61,Male,France,733,3,39,2023-03-30,0.0,1,1,0,56646.04,7,0.4818,0.0,2,0,
CUST-102918,68,Female,Spain,587,1,16,2020-03-30,93817.77,1,1,0,90876.86,2,0.6777,-0.292,1,1,2021-07-30
CUST-102919,39,Male,France,639,8,98,2018-04-30,0.0,1,1,0,156780.27,9,0.1703,0.0,0,0,
CUST-102920,33,Female,Germany,719,3,36,2023-06-30,116060.08,1,1,1,90707.48,24,0.2971,-0.1235,0,0,
CUST-102921,54,Female,Spain,631,2,25,2019-06-30,0.0,1,1,0,89016.12,7,0.428,0.0,2,1,2021-07-30
CUST-102922,37,Female,France,583,4,50,2019-08-30,162362.27,1,1,0,54111.17,19,0.0571,-0.1064,0,1,2023-10-30
CUST-102923,46,Male,France,579,2,33,2023-09-29,0.0,3,1,1,79765.12,26,0.1612,0.0,0,0,
CUST-102924,46,Male,Germany,584,2,35,2023-07-30,63925.11,1,1,1,168827.66,23,0.023,-0.004,0,0,
CUST-102925,30,Female,France,539,2,32,2023-10-30,0.0,2,1,1,70628.99,24,0.0339,0.0,3,0,
CUST-102926,42,Male,Germany,850,4,58,2021-08-29,21168.51,2,1,1,61228.83,20,0.3156,-0.196,0,0,
CUST-102927,45,Female,Germany,463,5,65,2021-01-28,145442.93,2,1,1,142913.42,23,0.0789,-0.2577,1,0,
CUST-102928,36,Male,Germany,556,9,119,2016-07-29,45318.5,2,1,0,67087.07,5,0.4211,-0.2078,1,0,
CUST-102929,27,Male,France,707,2,28,2024-02-28,70641.94,2,0,1,101997.1,30,0.1684,-0.0545,0,0,
CUST-102930,54,Female,Germany,585,0,8,2020-09-28,85103.79,2,0,1,82726.62,8,0.691,-0.3905,2,1,2021-05-30
CUST-102931,63,Female,Germany,616,1,13,2019-09-29,56455.03,1,1,1,98077.34,12,0.4575,-0.2583,1,1,2020-10-29
CUST-102932,38,Female,France,688,3,46,2020-12-29,101532.43,1,1,1,116920.82,15,0.4936,0.0731,2,1,2024-10-29
CUST-102933,34,Male,Germany,749,5,63,2021-03-30,12394.96,2,1,0,148917.9,8,0.3048,-0.0888,0,0,
CUST-102934,26,Female,Spain,624,5,67,2020-11-28,89576.94,1,1,1,132373.23,20,0.077,-0.3539,0,0,
CUST-102935,38,Female,Germany,739,0,5,2026-01-28,149108.37,2,1,0,164772.23,7,0.1183,-0.0736,0,0,
CUST-102936,33,Male,France,487,6,73,2020-05-30,0.0,1,1,0,64430.8,13,0.2769,0.0,0,0,
CUST-102937,26,Male,France,592,7,86,2019-04-30,49889.2,2,1,1,38126.75,22,0.1246,-0.2334,0,0,
CUST-102938,47,Male,France,698,5,66,2020-12-29,269281.19,1,1,1,67844.58,23,0.182,-0.0385,0,0,
CUST-102939,43,Female,France,839,1,14,2025-04-29,0.0,1,0,0,359824.94,13,0.2075,0.0,1,0,
CUST-102940,32,Male,France,557,3,36,2023-06-30,0.0,2,1,1,70302.69,24,0.0957,0.0,0,0,
CUST-102941,59,Female,Spain,540,6,82,2018-05-30,162170.84,1,1,1,26565.37,13,0.5809,-0.2897,1,1,2025-03-30
CUST-102942,36,Male,France,683,3,36,2023-06-30,34980.2,1,0,0,320590.19,11,0.3593,-0.1351,2,0,
CUST-102943,38,Female,Spain,655,3,46,2022-08-29,37594.48,2,1,0,82846.76,14,0.1441,-0.0535,0,0,
CUST-102944,35,Female,France,581,9,108,2017-06-29,40516.24,1,1,1,46977.19,24,0.3638,-0.1568,2,0,
CUST-102945,49,Male,France,533,1,15,2025-03-30,0.0,1,1,1,39154.55,24,0.1221,0.0,0,0,
CUST-102946,42,Male,France,601,2,30,2023-12-29,0.0,2,0,0,80734.91,8,0.2468,0.0,0,0,
CUST-102947,24,Male,France,700,8,104,2017-10-29,0.0,1,0,1,113037.73,21,0.0652,0.0,1,0,
CUST-102948,37,Male,Spain,618,2,29,2024-01-29,0.0,1,1,0,108504.23,15,0.1698,0.0,0,0,
CUST-102949,46,Male,Spain,762,2,27,2024-03-30,0.0,2,0,1,122747.36,27,0.0043,0.0,0,0,
CUST-102950,26,Female,Spain,637,1,14,2025-04-29,20734.02,1,1,0,32907.29,10,0.2819,0.0429,0,0,
CUST-102951,45,Male,France,708,5,64,2017-05-30,0.0,1,1,0,39153.7,6,0.641,0.0,3,1,2022-09-29
CUST-102952,43,Male,Spain,677,7,94,2018-08-29,0.0,2,1,0,74332.03,15,0.2619,0.0,0,0,
CUST-102953,29,Male,France,611,0,9,2018-12-29,51710.24,3,0,0,139492.8,9,0.063,-0.0298,0,1,2019-09-29
CUST-102954,35,Male,Spain,730,5,71,2020-07-29,77019.76,1,1,1,58928.91,25,0.0,0.1009,0,0,
CUST-102955,27,Female,Germany,533,5,71,2017-11-28,162092.14,1,1,1,21212.56,6,0.4625,-0.2653,1,1,2023-10-30
CUST-102956,32,Male,France,597,1,16,2025-02-28,0.0,3,1,0,119243.83,14,0.0863,0.0,0,0,
CUST-102957,35,Male,France,610,1,15,2025-03-30,59587.27,2,1,1,16265.56,13,0.1923,-0.0289,0,0,
CUST-102958,44,Male,France,687,6,77,2020-01-29,0.0,2,1,1,56710.93,31,0.1139,0.0,2,0,
CUST-102959,46,Female,France,711,3,46,2022-08-29,293644.23,1,0,0,114966.34,14,0.4364,-0.0365,1,0,
CUST-102960,39,Female,Spain,572,4,59,2021-07-30,291279.45,2,1,1,112977.86,24,0.0755,-0.0158,0,0,
CUST-102961,34,Male,Spain,558,5,70,2020-08-29,0.0,2,1,1,29981.76,16,0.0,0.0,0,0,
CUST-102962,45,Female,Spain,658,4,57,2021-09-29,302684.63,1,1,1,122581.17,24,0.1282,0.0536,2,0,
CUST-102963,38,Female,France,502,2,25,2024-05-30,21756.75,2,1,1,158850.29,24,0.2745,-0.0587,0,0,
CUST-102964,40,Female,Germany,747,4,49,2022-05-30,99065.05,1,1,0,107238.95,9,0.6924,-0.3694,0,0,
CUST-102965,47,Male,France,629,4,51,2016-07-29,10195.88,1,0,0,65385.07,7,0.2707,-0.1712,0,1,2020-10-29
CUST-102966,44,Female,Germany,538,9,113,2017-01-28,282585.33,2,1,1,96638.66,17,0.0,-0.215,0,0,
CUST-102967,40,Female,France,536,0,4,2026-02-28,126049.55,1,1,1,49841.7,14,0.0418,-0.3617,0,0,
CUST-102968,42,Male,France,680,1,13,2025-05-30,0.0,2,1,0,135102.31,14,0.0,0.0,0,0,
CUST-102969,32,Male,Germany,677,3,36,2023-06-30,53601.26,2,0,1,172372.16,20,0.091,0.2179,1,0,
CUST-102970,31,Male,France,576,2,26,2024-04-29,29203.99,2,0,1,59127.29,29,0.0553,-0.0153,0,0,
CUST-102971,63,Male,France,639,0,7,2025-11-28,0.0,1,0,1,114819.36,30,0.0765,0.0,1,0,
CUST-102972,30,Male,Germany,542,0,5,2026-01-28,76972.43,2,1,0,130826.13,4,0.1165,-0.0515,1,0,
CUST-102973,47,Female,France,625,1,18,2024-12-29,0.0,2,1,0,65856.74,10,0.2331,0.0,0,0,
CUST-102974,34,Female,Spain,792,9,114,2016-12-29,166083.26,1,1,0,21188.68,11,0.1995,0.0344,0,0,
CUST-102975,44,Male,Germany,850,4,53,2022-01-28,68601.07,2,1,1,81027.08,33,0.1862,-0.0744,1,0,
CUST-102976,24,Male,Spain,630,2,30,2023-12-29,0.0,1,1,1,13546.11,20,0.1022,0.0,1,0,
CUST-102977,27,Female,Germany,691,0,1,2026-05-30,72679.0,2,0,1,181515.22,24,0.1869,-0.1847,0,0,
CUST-102978,48,Male,Germany,688,0,7,2025-11-28,89922.72,2,0,1,104026.49,27,0.0,0.0935,0,0,
CUST-102979,25,Male,Germany,485,5,70,2020-08-29,58319.18,2,1,0,64798.92,22,0.2585,0.1334,0,0,
CUST-102980,32,Female,Spain,540,2,27,2017-05-30,143548.7,1,1,0,125809.39,7,0.5435,-0.4076,0,1,2019-08-30
CUST-102981,54,Male,Germany,428,2,26,2022-08-29,21835.15,2,1,1,38944.52,15,0.0476,-0.0282,0,1,2024-10-29
CUST-102982,46,Male,France,693,9,116,2016-10-29,0.0,1,1,1,139583.4,22,0.0,0.0,0,0,
CUST-102983,34,Female,France,837,2,25,2024-05-30,61269.76,2,1,0,84196.44,5,0.0,0.0667,0,0,
CUST-102984,30,Female,Germany,752,7,93,2018-09-29,53007.88,2,1,1,85032.17,21,0.2946,-0.1562,0,0,
CUST-102985,57,Male,France,654,3,47,2022-07-30,0.0,2,1,1,58768.64,35,0.0615,0.0,0,0,
CUST-102986,31,Female,France,641,6,77,2020-01-29,237088.08,2,1,1,62529.25,21,0.1635,0.0797,0,0,
CUST-102987,40,Female,France,616,7,84,2019-06-30,0.0,2,1,0,100026.27,5,0.2275,0.0,0,0,
CUST-102988,53,Male,Germany,752,2,32,2023-10-30,163394.39,2,0,0,44363.69,15,0.1375,0.1736,1,0,
CUST-102989,42,Female,France,671,2,35,2023-07-30,133114.87,2,1,0,36670.93,10,0.0323,-0.1408,0,0,
CUST-102990,53,Male,Germany,656,2,34,2023-08-30,293893.77,1,0,0,131437.15,10,0.244,-0.0777,0,0,
CUST-102991,33,Male,Spain,544,2,34,2023-08-30,52598.98,2,1,1,96937.96,25,0.0878,0.1247,0,0,
CUST-102992,29,Male,Spain,708,4,48,2022-06-30,139105.45,2,1,1,42660.01,26,0.1765,0.0409,0,0,
CUST-102993,44,Male,France,636,2,30,2023-12-29,0.0,2,1,1,76624.42,30,0.1072,0.0,0,0,
CUST-102994,51,Male,Germany,688,3,40,2020-10-29,36130.36,1,0,1,74048.46,12,0.6025,-0.2459,0,1,2024-02-28
CUST-102995,42,Female,Germany,746,6,78,2019-12-29,33137.38,1,1,0,48568.86,5,0.6078,-0.3394,1,0,
CUST-102996,30,Male,France,493,4,56,2021-10-29,0.0,1,1,1,81320.58,26,0.2974,0.0,0,0,
CUST-102997,72,Female,Germany,622,2,26,2022-08-29,204302.14,2,1,0,70940.26,24,0.3182,0.05,0,1,2024-10-29
CUST-102998,27,Male,France,608,8,100,2018-02-28,55063.57,1,0,1,118426.88,36,0.1573,0.0567,0,0,
CUST-102999,39,Female,Spain,599,7,90,2018-12-29,0.0,2,1,1,90736.55,14,0.2769,0.0,1,0,
CUST-103000,53,Male,France,543,4,59,2021-07-30,0.0,1,1,1,53606.02,33,0.1198,0.0,0,0,
CUST-103001,38,Male,Spain,580,9,112,2017-02-28,0.0,2,0,1,52824.43,21,0.1431,0.0,0,0,
CUST-103002,44,Female,Germany,545,5,65,2019-06-30,59555.84,1,1,1,91570.99,9,0.7885,-0.6212,1,1,2024-11-28
CUST-103003,25,Female,France,729,3,44,2022-10-29,217094.6,2,0,0,26813.83,8,0.2342,-0.1433,0,0,
CUST-103004,44,Male,Germany,686,3,42,2022-12-29,108430.51,2,1,0,38758.36,16,0.154,0.128,0,0,
CUST-103005,29,Male,France,680,5,61,2021-05-30,55631.1,2,0,0,65075.23,8,0.3834,0.2518,2,0,
CUST-103006,39,Female,Spain,465,3,45,2022-09-29,64849.71,1,1,1,66970.47,26,0.25,-0.1277,0,0,
CUST-103007,27,Female,Germany,837,5,71,2020-07-29,114781.36,2,1,0,124133.07,7,0.3041,-0.1372,0,0,
CUST-103008,45,Male,France,611,8,98,2018-04-30,0.0,2,1,0,33076.25,12,0.3267,0.0,0,0,
CUST-103009,42,Female,France,817,1,12,2025-06-29,0.0,1,1,0,56332.08,16,0.1803,0.0,1,0,
CUST-103010,39,Male,Spain,722,5,62,2020-07-29,236925.19,1,0,0,71710.38,12,0.5975,0.0214,0,1,2025-09-29
CUST-103011,48,Male,France,628,3,45,2022-09-29,34877.9,2,1,0,60293.69,5,0.6058,-0.316,1,0,
CUST-103012,43,Female,Spain,846,1,23,2021-09-29,68953.98,2,1,0,47756.27,8,0.3601,-0.1765,1,1,2023-08-30
CUST-103013,27,Female,Spain,704,2,27,2024-03-30,121097.07,2,1,1,50754.34,20,0.1482,0.0695,0,0,
CUST-103014,48,Male,Germany,628,0,9,2025-09-29,249159.58,2,0,0,82735.39,8,0.4513,-0.3412,2,0,
CUST-103015,44,Male,France,612,4,48,2022-06-30,10911.67,1,1,0,61986.57,8,0.1531,-0.1388,0,0,
CUST-103016,30,Male,Germany,749,9,111,2017-03-30,52772.5,1,1,1,58501.31,25,0.2603,0.0126,0,0,
CUST-103017,37,Female,Spain,598,5,65,2021-01-28,11458.91,2,0,1,37662.65,22,0.2597,-0.0575,0,0,
CUST-103018,33,Male,France,614,5,70,2020-08-29,161230.59,1,1,0,253289.12,5,0.4857,0.0248,0,0,
CUST-103019,65,Male,France,593,7,90,2018-12-29,88056.48,2,1,1,78023.73,30,0.0,-0.1629,0,0,
CUST-103020,28,Male,France,577,5,71,2020-07-29,0.0,2,1,0,171404.74,11,0.2574,0.0,0,0,
CUST-103021,33,Female,France,583,7,87,2019-03-30,0.0,1,1,1,61696.74,37,0.0457,0.0,0,0,
CUST-103022,37,Male,Germany,820,3,45,2022-09-29,73257.94,1,1,1,76990.89,25,0.0157,0.2174,0,0,
CUST-103023,38,Female,France,747,5,64,2021-02-28,117114.54,1,0,0,95230.21,7,0.304,-0.0785,0,0,
CUST-103024,34,Male,Germany,673,7,87,2019-03-30,93808.61,1,0,1,67357.18,23,0.229,-0.2552,0,0,
CUST-103025,38,Male,France,597,2,31,2023-11-29,57714.06,1,1,0,76958.84,8,0.2351,0.1951,0,0,
CUST-103026,42,Male,France,597,4,52,2022-02-28,0.0,1,1,0,82022.8,10,0.241,0.0,0,0,
CUST-103027,31,Male,France,615,2,33,2023-09-29,213420.21,1,1,0,63935.57,7,0.212,0.214,0,0,
CUST-103028,34,Male,Spain,822,2,30,2023-12-29,0.0,1,1,1,68149.28,29,0.0739,0.0,0,0,
CUST-103029,60,Male,Germany,678,1,16,2022-07-30,265827.62,2,1,0,127180.45,6,0.6173,-0.4512,1,1,2023-11-29
CUST-103030,21,Male,France,722,6,77,2020-01-29,286112.87,2,1,1,42234.59,30,0.0,-0.0407,0,0,
CUST-103031,48,Male,Spain,669,6,80,2019-10-30,0.0,1,1,0,187963.58,5,0.3577,0.0,0,0,
CUST-103032,48,Male,France,565,5,65,2020-04-29,88965.85,2,1,0,99314.73,1,0.596,-0.4577,1,1,2025-09-29
CUST-103033,27,Male,France,660,5,67,2020-11-28,118405.86,2,1,1,61510.12,24,0.189,-0.0109,0,0,
CUST-103034,64,Male,France,547,1,19,2024-11-28,0.0,2,1,0,118842.13,6,0.0,0.0,2,0,
CUST-103035,36,Male,Spain,765,2,28,2023-02-28,0.0,3,1,0,114638.54,3,0.5829,0.0,2,1,2025-06-29
CUST-103036,50,Female,Germany,578,5,67,2020-11-28,78875.22,2,1,1,86551.5,25,0.2299,-0.0094,1,0,
CUST-103037,39,Female,Germany,595,8,106,2017-08-29,48349.76,2,1,1,68247.84,21,0.0884,0.0841,0,0,
CUST-103038,25,Female,France,728,9,110,2017-04-29,106631.19,2,1,1,29565.3,30,0.0528,0.095,1,0,
CUST-103039,34,Male,France,583,0,1,2026-05-30,41139.76,2,0,0,49407.39,11,0.2056,0.0438,0,0,
CUST-103040,49,Female,Germany,629,4,49,2022-05-30,25241.46,1,0,1,75414.28,35,0.0104,0.0403,0,1,2026-06-30
CUST-103041,49,Female,France,397,9,116,2016-10-29,12933.13,2,0,1,94881.08,19,0.1236,-0.2109,0,0,
CUST-103042,39,Male,Spain,619,5,64,2021-02-28,22051.95,1,1,0,75597.26,6,0.4638,0.0687,0,0,
CUST-103043,28,Male,Spain,707,5,67,2020-11-28,0.0,2,0,0,91337.36,8,0.2594,0.0,0,0,
CUST-103044,50,Female,France,590,1,23,2024-07-29,0.0,2,1,0,63533.18,10,0.1928,0.0,0,0,
CUST-103045,31,Female,Germany,704,2,33,2023-09-29,113099.55,2,1,1,103508.21,28,0.3148,-0.0427,0,0,
CUST-103046,39,Female,Spain,648,7,87,2019-03-30,53677.29,1,1,1,239583.22,31,0.0,0.0785,0,0,
CUST-103047,43,Female,France,754,2,33,2023-09-29,141177.81,2,0,0,79779.42,15,0.3661,0.0875,0,0,
CUST-103048,44,Female,Germany,579,2,25,2024-05-30,111823.89,2,0,0,67961.83,9,0.3363,-0.2717,0,0,
CUST-103049,43,Female,Spain,627,1,12,2025-06-29,42242.34,1,1,1,72562.22,21,0.0978,-0.032,0,0,
CUST-103050,30,Male,France,509,6,75,2020-03-30,40216.54,2,1,1,113932.05,26,0.0128,0.0767,1,0,
CUST-103051,33,Male,Spain,641,5,71,2020-07-29,231722.48,1,1,1,71348.87,32,0.0,0.1018,3,0,
CUST-103052,30,Female,France,610,8,103,2017-11-28,57048.44,2,0,0,112943.13,4,0.219,0.084,0,0,
CUST-103053,45,Male,Germany,742,6,74,2020-04-29,348652.05,1,0,1,120834.09,24,0.1262,-0.2225,0,0,
CUST-103054,44,Male,Spain,590,4,56,2021-10-29,0.0,2,1,1,194883.88,29,0.1142,0.0,0,0,
CUST-103055,31,Male,Germany,609,3,44,2022-10-29,70583.57,2,1,0,94019.77,8,0.3941,0.0404,1,0,
CUST-103056,47,Male,France,585,2,35,2023-07-30,0.0,2,0,1,77439.73,27,0.5813,0.0,0,0,
CUST-103057,47,Male,Germany,653,4,51,2022-03-30,17535.16,1,1,0,88564.13,12,0.2928,-0.0764,0,0,
CUST-103058,52,Female,France,841,8,103,2017-11-28,0.0,2,1,1,73053.09,17,0.0808,0.0,0,0,
CUST-103059,43,Male,France,350,1,14,2025-04-29,0.0,1,0,1,81001.19,21,0.2429,0.0,0,0,
CUST-103060,44,Female,France,645,1,20,2024-10-29,51373.22,2,1,1,155971.11,29,0.3172,-0.1781,0,0,
CUST-103061,34,Male,Germany,763,3,41,2023-01-29,136713.84,1,0,1,56542.79,21,0.1031,0.0882,0,0,
CUST-103062,36,Female,France,601,3,40,2023-02-28,0.0,2,0,1,35641.56,21,0.0,0.0,1,0,
CUST-103063,51,Female,France,701,1,13,2022-02-28,0.0,2,1,1,78837.94,29,0.0545,0.0,0,1,2023-03-30
CUST-103064,32,Female,Spain,763,0,6,2025-12-29,0.0,2,1,1,81321.92,19,0.3603,0.0,0,0,
CUST-103065,30,Male,France,623,8,97,2018-05-30,0.0,1,1,1,126238.57,24,0.1507,0.0,0,0,
CUST-103066,44,Male,France,587,4,53,2022-01-28,89110.62,1,1,0,67277.61,14,0.2707,0.2045,0,0,
CUST-103067,24,Female,France,740,1,15,2025-03-30,37329.54,1,0,0,57071.92,11,0.0,-0.1231,0,0,
CUST-103068,32,Female,France,698,0,9,2025-09-29,0.0,2,1,1,52193.45,24,0.3088,0.0,2,0,
CUST-103069,53,Male,Germany,644,5,64,2019-01-29,116284.24,2,0,0,51766.11,4,0.5046,-0.3225,2,1,2024-05-30
CUST-103070,56,Female,France,709,3,42,2022-12-29,34368.07,2,1,1,46058.1,31,0.0736,-0.0826,0,0,
CUST-103071,49,Female,France,742,7,90,2018-12-29,0.0,2,1,1,37711.37,28,0.0,0.0,0,0,
CUST-103072,38,Male,Spain,645,6,77,2020-01-29,47722.75,1,1,0,21863.57,10,0.127,-0.1519,0,0,
CUST-103073,30,Female,Spain,679,1,23,2024-07-29,35705.26,2,1,1,114403.63,19,0.0,0.021,0,0,
CUST-103074,27,Male,Germany,700,6,80,2019-10-30,43174.32,1,1,1,81098.03,33,0.5842,-0.2013,0,0,
CUST-103075,35,Male,Spain,606,8,96,2018-06-30,24270.61,1,0,1,230862.14,25,0.2549,-0.1686,1,0,
CUST-103076,27,Female,Spain,764,8,107,2017-07-30,93769.17,1,1,0,32299.7,12,0.0,-0.2173,1,0,
CUST-103077,59,Male,France,551,3,44,2016-08-29,0.0,1,1,0,212799.53,13,0.3628,0.0,1,1,2020-04-29
CUST-103078,63,Female,Germany,637,0,9,2017-08-29,45834.4,2,1,1,66614.42,11,0.5782,-0.3297,1,1,2018-05-30
CUST-103079,34,Female,Germany,724,3,39,2019-01-29,44621.35,1,0,1,30232.24,18,0.4742,-0.2726,0,1,2022-04-30
CUST-103080,35,Female,France,549,7,94,2018-08-29,25294.8,1,1,1,23963.92,23,0.3751,0.1371,0,0,
CUST-103081,47,Male,France,734,1,13,2025-05-30,0.0,2,1,1,53914.15,27,0.0099,0.0,0,0,
CUST-103082,26,Male,France,668,3,42,2022-12-29,0.0,2,1,1,118913.44,22,0.257,0.0,0,0,
CUST-103083,35,Male,Germany,777,6,75,2020-03-30,47560.54,1,1,0,83732.29,18,0.3869,-0.0214,0,0,
CUST-103084,38,Female,Spain,709,0,4,2026-02-28,101202.28,1,1,1,59012.51,24,0.3096,-0.2146,0,0,
CUST-103085,27,Male,Spain,634,6,81,2019-09-29,132709.45,2,1,1,134734.1,26,0.0,-0.0826,0,0,
CUST-103086,30,Female,France,672,4,52,2022-02-28,31990.42,2,1,0,77121.47,16,0.2852,0.037,0,0,
CUST-103087,32,Male,France,676,2,34,2023-08-30,0.0,1,0,1,30274.43,29,0.1371,0.0,0,0,
CUST-103088,50,Male,France,844,4,52,2022-02-28,0.0,2,1,0,146662.26,17,0.2933,0.0,0,0,
CUST-103089,56,Female,Germany,658,0,5,2026-01-28,62461.3,1,0,1,40691.44,16,0.1143,0.3406,1,0,
CUST-103090,42,Female,Spain,637,0,11,2025-07-30,0.0,1,1,0,40151.03,10,0.205,0.0,0,0,
CUST-103091,37,Male,Spain,631,1,21,2024-09-28,36606.04,2,1,0,63946.25,9,0.298,0.0398,0,0,
CUST-103092,53,Female,Spain,668,0,2,2026-04-30,396789.47,2,1,0,86675.18,6,0.2834,-0.1844,1,0,
CUST-103093,48,Male,Spain,541,7,84,2019-06-30,119569.52,2,1,1,50590.33,28,0.0,0.1053,1,0,
CUST-103094,69,Female,Spain,613,2,32,2021-10-29,53838.91,1,1,1,27361.78,28,0.0141,0.0318,0,1,2024-06-29
CUST-103095,25,Male,France,553,1,12,2025-06-29,58291.01,3,1,1,51625.44,25,0.0,-0.1697,0,0,
CUST-103096,38,Male,France,565,6,79,2017-05-30,256663.16,1,1,0,124261.34,7,0.3042,0.0316,0,1,2023-12-29
CUST-103097,33,Male,France,727,7,95,2018-07-30,117904.07,2,0,0,71909.49,3,0.1466,0.0291,0,0,
CUST-103098,26,Male,France,653,5,66,2020-12-29,0.0,2,1,1,133189.99,24,0.3221,0.0,0,0,
CUST-103099,38,Female,France,579,1,16,2025-02-28,0.0,2,1,1,95822.78,26,0.0,0.0,0,0,
CUST-103100,67,Male,France,636,3,38,2023-04-30,0.0,1,1,1,53226.32,21,0.1269,0.0,2,0,
CUST-103101,29,Male,Spain,626,9,112,2017-02-28,135051.94,1,1,1,48515.41,22,0.0,0.1067,0,0,
CUST-103102,79,Male,France,655,3,41,2022-11-29,125192.8,1,1,0,80005.86,9,0.5098,-0.3641,1,1,2026-04-30
CUST-103103,48,Male,Spain,505,2,26,2024-04-29,37209.39,1,1,1,80236.38,21,0.1429,-0.1405,0,0,
CUST-103104,54,Female,Spain,545,1,23,2016-10-29,0.0,1,0,0,76742.96,4,0.6399,0.0,0,1,2018-09-29
CUST-103105,53,Male,Germany,512,0,3,2026-03-30,132100.4,1,1,1,80616.91,19,0.1683,-0.1172,0,0,
CUST-103106,43,Female,Germany,564,10,120,2016-06-29,264840.61,2,0,0,66748.46,1,0.8113,-0.23,0,0,
CUST-103107,34,Female,France,581,9,108,2017-06-29,0.0,2,0,0,67462.16,9,0.2699,0.0,1,0,
CUST-103108,27,Male,Germany,551,9,116,2016-10-29,355106.93,1,1,0,45973.27,5,0.5429,-0.0142,0,0,
CUST-103109,29,Female,France,723,8,107,2017-07-30,126778.62,2,1,0,40228.08,7,0.3625,-0.1959,1,0,
CUST-103110,44,Male,Spain,827,5,61,2016-12-29,53272.95,1,1,0,108500.4,11,0.3259,-0.1115,0,1,2022-01-28
CUST-103111,34,Male,France,729,2,28,2016-12-29,0.0,2,1,0,41745.99,1,1.0,0.0,0,1,2019-04-30
CUST-103112,30,Male,France,596,6,75,2020-03-30,0.0,2,1,1,25655.31,13,0.3664,0.0,0,0,
CUST-103113,41,Male,Germany,670,2,30,2023-12-29,38041.19,2,0,1,59488.67,27,0.0,0.0203,1,0,
CUST-103114,42,Male,Germany,644,2,26,2022-09-29,282923.29,1,1,0,83773.28,5,0.6851,-0.2327,0,1,2024-11-28
CUST-103115,47,Male,France,592,4,57,2021-09-29,0.0,1,0,0,65620.52,4,0.1385,0.0,0,0,
CUST-103116,31,Female,Germany,777,2,25,2024-05-30,23084.2,1,1,0,37308.18,9,0.3298,-0.1421,0,0,
CUST-103117,37,Male,France,843,3,37,2023-05-30,43353.48,3,1,0,132083.54,12,0.3813,0.176,1,0,
CUST-103118,31,Female,Germany,509,9,109,2017-05-30,87950.38,1,1,1,81796.83,29,0.0489,-0.2174,0,0,
CUST-103119,28,Male,France,788,5,70,2020-08-29,0.0,2,1,0,136028.5,12,0.2989,0.0,0,0,
CUST-103120,51,Female,France,593,1,16,2021-02-28,0.0,1,1,0,70240.92,12,0.2162,0.0,0,1,2022-06-30
CUST-103121,50,Male,France,625,0,10,2025-08-29,65047.82,1,1,1,94315.47,26,0.0,0.1224,0,0,
CUST-103122,26,Male,France,677,7,86,2019-04-30,0.0,1,1,1,38512.83,25,0.0,0.0,0,0,
CUST-103123,39,Male,France,799,8,102,2017-12-29,0.0,1,1,0,13303.57,11,0.2144,0.0,0,0,
CUST-103124,53,Female,France,677,4,54,2021-12-29,0.0,1,1,0,73401.52,10,0.1463,0.0,0,0,
CUST-103125,47,Female,France,690,4,55,2021-11-28,0.0,1,1,1,34503.68,26,0.1703,0.0,0,0,
CUST-103126,30,Male,France,732,0,5,2026-01-28,0.0,1,0,0,116076.91,9,0.1765,0.0,0,0,
CUST-103127,55,Female,Germany,747,2,29,2024-01-29,72980.21,1,1,1,119823.04,24,0.2569,0.0528,0,0,
CUST-103128,53,Female,France,699,7,89,2019-01-29,0.0,2,1,1,85440.64,13,0.057,0.0,0,0,
CUST-103129,41,Female,Germany,748,4,51,2022-03-30,63143.45,1,1,1,45365.43,34,0.2103,-0.0359,0,0,
CUST-103130,35,Male,Spain,593,7,90,2018-12-29,82897.26,1,1,1,71600.5,26,0.0527,-0.1152,0,0,
CUST-103131,30,Female,France,483,4,48,2022-06-30,146870.01,1,0,1,97626.44,12,0.2714,0.1551,0,0,
CUST-103132,38,Female,Spain,825,8,104,2017-10-29,0.0,2,1,0,90002.02,14,0.1323,0.0,0,0,
CUST-103133,58,Male,France,550,5,63,2021-03-30,0.0,1,1,1,43483.77,22,0.3813,0.0,0,0,
CUST-103134,30,Male,France,599,8,107,2017-07-30,0.0,2,1,0,25493.14,11,0.1968,0.0,0,0,
CUST-103135,59,Male,Germany,618,4,55,2018-10-29,225993.77,1,0,1,88595.35,6,0.3151,-0.175,0,1,2023-05-30
CUST-103136,46,Female,Spain,602,1,22,2024-08-29,119171.54,1,1,0,71228.57,8,0.1132,-0.1425,0,0,
CUST-103137,38,Male,Spain,580,9,108,2017-06-29,0.0,1,1,0,98613.43,7,0.2422,0.0,0,0,
CUST-103138,53,Male,France,695,7,87,2017-03-30,189843.15,1,1,0,71218.27,9,0.1336,0.0751,0,1,2024-06-29
CUST-103139,38,Male,Spain,696,0,6,2022-03-30,0.0,1,1,0,65928.07,12,0.3681,0.0,0,1,2022-09-29
CUST-103140,36,Female,France,710,0,9,2017-05-30,0.0,1,1,1,65258.17,24,0.0893,0.0,0,1,2018-02-28
CUST-103141,50,Female,France,703,1,20,2016-09-28,0.0,4,1,1,60492.44,14,0.7042,0.0,2,1,2018-05-30
CUST-103142,21,Male,France,610,6,73,2020-05-30,0.0,2,1,0,269538.28,8,0.2978,0.0,0,0,
CUST-103143,38,Male,Spain,610,5,60,2017-01-28,0.0,2,1,0,63300.36,6,0.2713,0.0,0,1,2022-01-28
CUST-103144,38,Female,France,757,0,7,2025-11-28,85919.91,2,1,0,60200.11,9,0.383,-0.1741,1,0,
CUST-103145,33,Male,Spain,600,0,7,2025-11-28,0.0,1,1,1,107212.07,37,0.1329,0.0,0,0,
CUST-103146,36,Male,Germany,598,9,116,2016-10-29,37399.21,2,1,1,92231.89,32,0.0892,0.0579,0,0,
CUST-103147,62,Female,Germany,739,4,49,2016-10-29,100915.46,1,1,1,75526.19,15,0.5579,-0.3543,2,1,2020-11-28
CUST-103148,23,Male,Germany,648,7,86,2019-04-30,58608.74,2,0,1,44912.2,21,0.3817,0.0374,0,0,
CUST-103149,30,Male,Spain,602,3,39,2023-03-30,0.0,2,1,0,35003.85,11,0.1559,0.0,0,0,
CUST-103150,31,Male,France,602,1,15,2025-03-30,77674.7,2,1,0,69860.21,11,0.331,0.0409,0,0,
CUST-103151,37,Female,France,758,5,71,2020-07-29,89792.56,1,1,0,64723.29,11,0.103,-0.0166,2,0,
CUST-103152,35,Female,Germany,706,3,39,2018-08-29,163131.79,1,1,0,54659.87,4,0.6025,-0.1016,2,1,2021-11-28
CUST-103153,40,Male,France,673,5,68,2018-02-28,84325.23,3,1,0,111668.73,14,0.3303,-0.0727,0,1,2023-10-30
CUST-103154,24,Female,France,538,5,62,2021-04-29,0.0,1,1,0,119711.12,12,0.2835,0.0,1,0,
CUST-103155,40,Female,France,673,5,64,2017-11-28,0.0,1,1,1,135666.49,15,0.211,0.0,2,1,2023-03-30
CUST-103156,62,Female,France,630,0,6,2017-07-30,0.0,1,1,0,40960.42,3,0.4973,0.0,2,1,2018-01-28
CUST-103157,38,Male,France,562,7,86,2019-04-30,24986.07,2,1,1,127463.47,30,0.1996,0.005,0,0,
CUST-103158,36,Male,France,592,1,19,2024-11-28,0.0,1,1,1,25397.27,25,0.161,0.0,1,0,
CUST-103159,37,Female,Spain,717,8,98,2018-04-30,66108.36,2,1,1,69839.51,24,0.0556,-0.1556,0,0,
CUST-103160,34,Male,France,769,5,62,2021-04-29,69439.39,2,1,0,115727.94,14,0.4261,-0.0683,1,0,
CUST-103161,46,Male,Spain,548,4,57,2021-09-29,43163.5,2,1,1,40879.29,31,0.0808,-0.1939,0,0,
CUST-103162,42,Male,Spain,561,7,91,2017-08-29,178697.25,1,1,0,34484.63,3,0.599,-0.2448,0,1,2025-03-30
CUST-103163,41,Female,France,717,6,83,2019-07-30,0.0,1,1,1,69912.11,25,0.117,0.0,0,0,
CUST-103164,53,Male,Germany,611,6,77,2020-01-29,27704.2,2,0,1,178597.29,16,0.3499,-0.1059,0,0,
CUST-103165,47,Male,Germany,703,1,20,2022-11-29,111484.16,1,1,0,183759.3,14,0.5033,0.0188,0,1,2024-07-29
CUST-103166,23,Female,Germany,609,4,48,2022-06-30,44081.12,1,1,1,137353.06,12,0.305,-0.0874,0,0,
CUST-103167,34,Male,France,705,7,93,2018-09-29,38484.29,2,1,0,41594.27,11,0.1991,-0.15,0,0,
CUST-103168,28,Male,France,518,1,21,2023-11-29,0.0,2,0,0,72163.29,9,0.1855,0.0,0,1,2025-08-29
CUST-103169,31,Male,France,703,4,50,2022-04-30,0.0,2,1,1,246547.48,21,0.4586,0.0,1,0,
CUST-103170,33,Male,Germany,448,3,36,2019-02-28,14445.14,2,1,1,118321.05,12,0.5203,-0.0522,1,1,2022-02-28
CUST-103171,31,Female,Spain,739,3,43,2022-08-29,21910.07,1,1,0,30744.97,7,0.6052,-0.3591,0,1,2026-03-30
CUST-103172,47,Male,Germany,647,4,48,2022-06-30,39203.95,2,1,1,112131.29,18,0.2001,-0.0044,0,0,
CUST-103173,45,Female,Germany,692,3,38,2023-04-30,306338.47,2,1,1,48073.78,21,0.0429,0.0484,0,0,
CUST-103174,34,Male,Spain,673,6,80,2019-10-30,33019.27,1,1,0,61490.22,15,0.156,-0.0087,0,0,
CUST-103175,44,Male,Germany,486,6,76,2019-01-29,183891.66,1,0,0,108610.79,11,0.7666,-0.4165,0,1,2025-05-30
CUST-103176,43,Male,France,781,4,49,2022-05-30,160131.98,1,1,1,59020.24,28,0.118,-0.0968,0,0,
CUST-103177,39,Male,Spain,682,0,4,2020-03-30,195762.3,2,1,1,54157.56,16,0.6958,-0.11,2,1,2020-07-29
CUST-103178,37,Male,France,723,4,58,2021-08-29,38514.59,1,1,0,130440.46,8,0.048,0.1316,0,0,
CUST-103179,25,Male,France,573,6,78,2019-12-29,86012.73,1,0,0,109080.07,2,0.0059,0.0446,0,0,
CUST-103180,49,Female,Germany,673,1,13,2025-05-30,139999.25,1,0,0,86588.41,11,0.2742,-0.2969,0,0,
CUST-103181,38,Male,Spain,524,2,26,2024-04-29,0.0,2,1,0,229679.05,8,0.0651,0.0,0,0,
CUST-103182,40,Female,France,664,8,105,2017-09-29,774661.47,1,1,1,81090.42,20,0.3217,-0.0701,0,0,
CUST-103183,40,Male,France,560,8,106,2017-08-29,370024.58,2,1,0,86116.98,8,0.0,-0.0223,0,0,
CUST-103184,33,Male,France,850,7,93,2018-09-29,0.0,2,1,1,60689.16,8,0.4563,0.0,1,0,
CUST-103185,33,Female,France,708,0,3,2026-03-30,0.0,2,1,1,42373.3,19,0.4637,0.0,0,0,
CUST-103186,36,Male,France,778,1,21,2016-09-28,0.0,1,0,0,33063.14,7,0.5037,0.0,1,1,2018-06-30
CUST-103187,47,Male,Germany,626,1,19,2024-11-28,196766.72,1,0,1,115879.32,26,0.2611,-0.1412,0,0,
CUST-103188,37,Male,Spain,688,5,66,2020-12-29,0.0,1,1,1,56448.55,24,0.1407,0.0,0,0,
CUST-103189,25,Male,France,737,1,21,2024-09-28,44176.5,1,1,1,299023.24,30,0.3041,0.0995,1,0,
CUST-103190,42,Female,France,547,2,33,2019-01-29,0.0,1,1,1,44338.74,15,0.503,0.0,1,1,2021-10-29
CUST-103191,33,Male,France,585,1,23,2024-07-29,0.0,1,1,1,47556.12,37,0.1112,0.0,0,0,
CUST-103192,31,Female,France,743,0,5,2025-05-30,195341.58,1,1,1,86620.12,12,0.5048,-0.5178,0,1,2025-10-29
CUST-103193,46,Male,Germany,629,1,12,2025-06-29,90602.16,2,1,1,41023.21,26,0.0695,0.0211,1,0,
CUST-103194,46,Male,Germany,578,2,28,2022-12-29,59271.86,1,1,0,31725.32,3,0.7796,-0.4364,0,1,2025-04-29
CUST-103195,39,Male,Germany,589,1,23,2024-07-29,60087.86,2,0,1,104771.48,20,0.1962,-0.1316,0,0,
CUST-103196,35,Male,France,533,2,24,2024-06-29,0.0,1,0,1,21649.28,21,0.3062,0.0,1,0,
CUST-103197,34,Female,Germany,462,1,14,2025-04-29,130259.8,1,1,0,80541.41,12,0.441,0.0579,0,0,
CUST-103198,28,Female,France,487,2,29,2024-01-29,0.0,2,1,0,81481.17,2,0.1767,0.0,0,0,
CUST-103199,23,Male,France,654,8,97,2018-05-30,0.0,2,0,0,120409.56,10,0.1,0.0,1,0,
CUST-103200,34,Male,Spain,714,1,21,2024-09-28,0.0,1,0,1,93992.41,37,0.2023,0.0,0,0,
CUST-103201,34,Female,Spain,850,7,86,2019-04-30,78397.44,2,0,0,334194.61,17,0.0,0.0666,0,0,
CUST-103202,57,Male,Spain,646,3,47,2022-07-30,16279.32,2,1,1,58659.81,27,0.3164,0.2477,0,0,
CUST-103203,30,Male,Spain,527,0,10,2025-08-29,0.0,1,1,1,34749.28,31,0.2712,0.0,0,0,
CUST-103204,53,Male,Germany,647,2,35,2023-07-30,108095.56,2,1,0,328111.37,8,0.5318,-0.202,2,0,
CUST-103205,33,Male,Spain,717,7,88,2019-02-28,0.0,1,1,1,76250.73,18,0.3523,0.0,0,0,
CUST-103206,39,Male,France,749,4,59,2021-07-30,210262.04,1,0,0,44569.9,9,0.0,-0.1377,0,0,
CUST-103207,41,Male,France,740,8,98,2018-04-30,0.0,1,1,1,30195.81,23,0.1398,0.0,2,0,
CUST-103208,43,Female,France,705,2,33,2017-08-29,51687.8,1,0,0,60618.25,2,0.8642,-0.4661,1,1,2020-05-30
CUST-103209,32,Male,France,659,5,69,2020-09-28,0.0,2,1,1,46915.4,24,0.1653,0.0,0,0,
CUST-103210,35,Female,France,721,1,16,2025-02-28,43519.18,1,0,0,47146.27,12,0.3642,-0.0792,0,0,
CUST-103211,38,Female,France,536,3,41,2023-01-29,44676.38,1,1,0,23017.77,9,0.4005,0.0186,0,0,
CUST-103212,32,Male,Germany,457,2,28,2024-02-28,100644.18,1,1,1,58779.67,31,0.2815,0.0588,0,0,
CUST-103213,52,Male,Spain,850,3,43,2022-11-29,107295.99,2,0,1,91204.88,12,0.5894,-0.2134,0,0,
CUST-103214,71,Male,Germany,645,5,69,2019-07-30,133682.28,2,0,0,41457.1,10,0.256,-0.0445,0,1,2025-04-29
CUST-103215,41,Female,France,701,2,25,2024-05-30,94390.57,2,1,0,56697.49,13,0.2245,-0.0233,0,0,
CUST-103216,41,Male,Germany,381,0,1,2024-10-29,38722.2,3,0,0,55153.55,4,0.9058,-0.414,0,1,2024-11-28
CUST-103217,50,Female,France,798,0,3,2016-07-29,0.0,3,0,0,75696.34,11,0.3061,0.0,0,1,2016-10-29
CUST-103218,47,Female,France,761,3,39,2023-03-30,0.0,1,1,1,180850.1,23,0.0994,0.0,0,0,
CUST-103219,38,Female,France,500,0,7,2025-11-28,237618.39,1,1,0,80850.05,15,0.2979,0.0878,0,0,
CUST-103220,60,Male,France,620,3,38,2023-04-30,149648.31,2,1,1,38109.75,20,0.1823,-0.0329,0,0,
CUST-103221,32,Female,France,676,2,33,2023-09-29,98710.06,1,1,0,67256.88,6,0.2664,-0.1467,0,0,
CUST-103222,46,Female,Spain,529,3,46,2016-09-28,144996.72,1,1,1,87650.54,9,0.6163,-0.4872,2,1,2020-07-29
CUST-103223,35,Female,Spain,697,6,76,2020-02-28,242521.55,2,1,0,36732.37,8,0.1766,-0.1674,0,0,
CUST-103224,42,Male,Germany,750,0,4,2022-08-29,30736.05,1,0,0,43509.65,6,0.6367,-0.3693,1,1,2022-12-29
CUST-103225,34,Female,France,681,8,100,2016-12-29,88861.6,1,0,0,43084.67,6,0.5629,-0.3521,0,1,2025-04-29
CUST-103226,60,Male,Spain,500,7,92,2017-02-28,23601.71,2,0,1,64943.99,9,0.6042,-0.2218,1,1,2024-10-29
CUST-103227,51,Female,Germany,550,1,17,2025-01-28,87670.52,2,0,0,58553.87,8,0.8049,-0.1913,0,0,
CUST-103228,42,Female,France,638,2,33,2023-09-29,0.0,2,1,1,28504.28,18,0.1426,0.0,0,0,
CUST-103229,47,Male,Germany,626,5,66,2020-12-29,256148.12,2,1,1,52294.61,25,0.1407,-0.0644,0,0,
CUST-103230,30,Female,France,628,1,17,2025-01-28,0.0,1,0,0,70605.36,13,0.2695,0.0,0,0,
CUST-103231,27,Male,France,625,5,64,2021-02-28,448055.82,2,1,1,129888.13,32,0.2402,0.0175,2,0,
CUST-103232,32,Female,France,477,5,71,2020-07-29,0.0,1,1,0,34733.61,10,0.2005,0.0,0,0,
CUST-103233,59,Female,Germany,727,0,5,2018-11-29,107161.18,3,1,0,43422.47,7,0.5169,-0.3569,1,1,2019-04-30
CUST-103234,34,Female,France,710,6,75,2018-05-30,84152.36,1,1,0,38521.49,5,0.5201,-0.3194,1,1,2024-08-29
CUST-103235,48,Female,France,700,5,61,2021-05-30,252163.54,1,1,1,29214.39,15,0.6865,-0.5035,0,0,
CUST-103236,36,Male,France,691,6,73,2020-05-30,0.0,2,1,1,16789.87,38,0.0,0.0,0,0,
CUST-103237,36,Male,Spain,623,0,10,2025-08-29,40952.37,2,1,1,91868.81,25,0.0876,0.0192,0,0,
CUST-103238,34,Female,France,592,3,36,2023-06-30,0.0,1,1,0,76764.34,10,0.2459,0.0,0,0,
CUST-103239,34,Male,France,552,9,114,2016-12-29,0.0,1,1,0,90226.77,10,0.2259,0.0,0,0,
CUST-103240,47,Male,France,798,1,20,2018-03-30,0.0,1,1,1,83141.27,9,0.4475,0.0,0,1,2019-11-29
CUST-103241,34,Male,Spain,648,9,111,2017-03-30,0.0,2,0,1,56352.47,25,0.0,0.0,0,0,
CUST-103242,34,Male,Germany,491,8,102,2017-12-29,302036.86,2,1,0,50416.49,7,0.2876,-0.3455,1,0,
CUST-103243,38,Female,Spain,647,9,113,2017-01-28,99194.7,1,1,1,128669.02,23,0.1846,-0.028,0,0,
CUST-103244,35,Male,France,450,4,57,2021-09-29,26908.42,2,0,1,102263.77,34,0.2515,0.0041,1,0,
CUST-103245,31,Male,France,674,4,53,2022-01-28,0.0,1,0,1,66946.18,27,0.0,0.0,0,0,
CUST-103246,46,Female,Germany,664,9,111,2017-03-30,142970.04,2,1,0,41456.55,13,0.1134,0.0863,0,0,
CUST-103247,40,Female,France,598,4,56,2021-10-29,0.0,2,0,1,75623.91,27,0.0023,0.0,0,0,
CUST-103248,33,Male,Spain,560,2,34,2017-03-30,526783.3,2,1,0,79933.99,2,0.5909,-0.1778,2,1,2020-01-29
CUST-103249,31,Female,Spain,704,1,17,2021-02-28,94069.18,1,0,0,50909.98,6,0.7164,-0.32,1,1,2022-07-30
CUST-103250,51,Male,France,642,6,78,2019-12-29,405862.45,2,0,1,82007.05,21,0.0562,-0.0693,0,0,
CUST-103251,28,Female,Spain,464,7,90,2018-12-29,0.0,2,1,0,98794.62,7,0.0272,0.0,0,0,
CUST-103252,23,Male,Germany,766,2,30,2023-12-29,50580.72,2,1,1,91354.49,32,0.2918,-0.0238,0,0,
CUST-103253,44,Male,France,560,2,26,2017-06-29,0.0,3,1,0,121648.5,3,0.7475,0.0,1,1,2019-08-30
CUST-103254,25,Male,France,523,7,94,2018-08-29,0.0,2,1,0,114988.66,10,0.092,0.0,1,0,
CUST-103255,39,Female,France,780,0,1,2025-02-28,241760.39,4,1,0,127017.27,2,0.6266,-0.387,0,1,2025-03-30
CUST-103256,39,Male,Spain,752,8,106,2017-08-29,80363.98,2,1,1,53550.51,29,0.2652,-0.0726,1,0,
CUST-103257,27,Male,France,610,0,9,2025-09-29,43445.0,2,1,0,110571.03,11,0.0427,-0.0095,0,0,
CUST-103258,28,Female,France,530,3,39,2023-03-30,153326.21,1,0,1,93774.47,20,0.3469,-0.0558,0,0,
CUST-103259,39,Male,Germany,563,3,36,2023-06-30,83674.82,1,0,0,112478.35,10,0.1736,-0.063,0,0,
CUST-103260,28,Female,France,608,1,17,2025-01-28,155552.98,1,1,0,76881.3,10,0.0319,-0.0354,0,0,
CUST-103261,54,Male,France,767,2,32,2023-10-30,0.0,2,0,0,94000.15,12,0.1307,0.0,0,0,
CUST-103262,33,Male,Germany,774,4,54,2021-12-29,86037.74,1,1,1,41078.52,26,0.1868,-0.0195,1,0,
CUST-103263,57,Male,France,666,5,65,2017-12-29,0.0,1,0,1,93152.86,15,0.5953,0.0,1,1,2023-05-30
CUST-103264,53,Male,France,712,5,69,2020-09-28,0.0,1,1,0,140550.18,6,0.2473,0.0,1,0,
CUST-103265,37,Male,France,630,5,60,2021-06-29,0.0,2,0,1,178434.12,35,0.1746,0.0,0,0,
CUST-103266,40,Male,France,566,4,59,2021-07-30,0.0,2,1,1,67249.78,21,0.0462,0.0,0,0,
CUST-103267,50,Female,France,506,3,38,2023-04-30,0.0,1,0,1,192317.65,36,0.2318,0.0,0,0,
CUST-103268,29,Male,Spain,681,10,120,2016-06-29,0.0,1,1,0,65786.92,13,0.2216,0.0,0,0,
CUST-103269,34,Male,Spain,736,0,6,2024-08-29,126834.23,3,1,0,105523.41,8,0.6418,-0.137,2,1,2025-02-28
CUST-103270,57,Female,France,601,8,98,2018-04-30,0.0,1,0,1,74541.28,25,0.1158,0.0,0,0,
CUST-103271,48,Male,Spain,764,2,27,2024-03-30,87020.65,2,1,0,144753.49,11,0.2593,-0.3771,0,0,
CUST-103272,35,Female,Germany,613,8,100,2016-09-28,64991.72,2,0,0,80546.56,4,0.6182,-0.0789,1,1,2025-01-28
CUST-103273,40,Female,Germany,658,1,22,2018-04-30,60514.63,2,0,0,51755.73,5,0.3874,-0.1053,2,1,2020-02-28
CUST-103274,32,Male,Germany,629,1,22,2024-08-29,318132.34,1,1,0,127528.43,16,0.2115,-0.0497,1,0,
CUST-103275,35,Female,Germany,769,5,69,2020-09-28,207012.06,2,1,0,54821.35,7,0.5129,-0.0143,0,0,
CUST-103276,44,Female,Spain,697,0,10,2024-01-29,0.0,3,1,0,85544.87,5,0.4463,0.0,0,1,2024-11-28
CUST-103277,35,Male,France,644,5,70,2020-08-29,0.0,1,0,1,28383.43,16,0.0,0.0,0,0,
CUST-103278,46,Female,Germany,657,0,3,2026-03-30,82462.35,2,1,1,113490.59,20,0.1471,-0.0475,0,0,
CUST-103279,28,Male,France,536,4,49,2022-05-30,0.0,2,1,0,25653.83,7,0.1611,0.0,0,0,
CUST-103280,43,Female,France,436,6,73,2018-10-29,36068.56,1,1,1,54690.55,5,0.9007,-0.3731,0,1,2024-11-28
CUST-103281,30,Male,Germany,599,3,37,2023-05-30,52230.16,1,1,0,33970.8,14,0.2375,-0.0556,0,0,
CUST-103282,36,Male,France,631,7,85,2019-05-30,0.0,1,1,1,38887.18,23,0.1226,0.0,0,0,
CUST-103283,32,Female,France,701,0,10,2025-08-29,18731.84,1,1,1,70609.46,35,0.0149,-0.0013,0,0,
CUST-103284,44,Male,France,634,3,46,2022-08-29,0.0,1,1,1,49766.03,18,0.2768,0.0,0,0,
CUST-103285,28,Female,France,605,3,41,2023-01-29,109689.96,1,0,1,108028.51,22,0.0,0.1928,0,0,
CUST-103286,46,Female,Germany,367,4,51,2022-03-30,48958.61,2,1,0,62878.58,11,0.3975,-0.0489,0,0,
CUST-103287,38,Female,Germany,701,0,7,2025-11-28,106739.91,2,1,0,78966.35,7,0.0787,-0.0007,0,0,
CUST-103288,36,Female,France,670,4,49,2022-05-30,0.0,2,1,1,45943.52,13,0.4491,0.0,1,0,
CUST-103289,32,Female,France,728,7,92,2018-10-29,0.0,2,1,0,108646.55,16,0.294,0.0,0,0,
CUST-103290,34,Female,France,653,1,17,2025-01-28,0.0,2,0,0,79605.26,9,0.2292,0.0,0,0,
CUST-103291,53,Female,France,760,2,32,2022-01-28,26828.58,1,1,0,96165.11,2,0.2645,-0.0933,0,1,2024-09-28
CUST-103292,32,Male,Germany,597,4,56,2021-10-29,69178.57,1,1,1,109368.7,23,0.1076,0.0045,0,0,
CUST-103293,53,Female,Germany,646,3,44,2022-10-29,68381.76,2,1,0,115832.78,8,0.2502,-0.1088,0,0,
CUST-103294,58,Male,France,673,1,19,2018-05-30,0.0,3,0,1,90480.98,19,0.1011,0.0,0,1,2019-12-29
CUST-103295,35,Male,France,713,1,16,2024-04-29,0.0,1,1,0,79231.36,9,0.1643,0.0,0,1,2025-08-29
CUST-103296,27,Male,Spain,690,4,52,2022-02-28,0.0,2,0,0,132171.13,5,0.3333,0.0,0,0,
CUST-103297,49,Male,Spain,696,1,16,2016-08-29,0.0,4,1,0,78754.6,11,0.3328,0.0,0,1,2017-12-29
CUST-103298,48,Male,France,676,2,35,2023-07-30,0.0,2,1,0,57355.73,8,0.098,0.0,0,0,
CUST-103299,53,Male,France,632,4,51,2022-03-30,76460.9,2,1,1,119220.68,20,0.0834,-0.1225,0,0,
CUST-103300,37,Female,France,737,5,66,2020-12-29,89899.07,2,0,1,128001.67,21,0.2013,-0.0504,0,0,
CUST-103301,41,Female,Spain,489,6,82,2019-08-30,0.0,2,1,0,69996.3,8,0.2457,0.0,0,0,
CUST-103302,34,Female,France,590,2,30,2023-12-29,0.0,1,0,1,101263.01,31,0.1288,0.0,0,0,
CUST-103303,33,Female,France,803,1,21,2023-04-30,50026.39,3,0,0,92500.75,5,0.2159,-0.0836,1,1,2025-01-28
CUST-103304,40,Female,Spain,585,1,19,2024-11-28,133885.18,2,0,1,75645.58,22,0.0,-0.1073,1,0,
CUST-103305,50,Female,Germany,642,0,4,2020-12-29,180497.24,1,1,0,32088.48,1,0.7822,-0.2564,0,1,2021-04-29
CUST-103306,47,Male,France,783,5,65,2021-01-28,91022.07,3,1,1,39282.13,32,0.1157,0.1887,0,0,
CUST-103307,38,Female,France,638,4,50,2022-04-30,0.0,1,1,1,58753.28,28,0.0104,0.0,0,0,
CUST-103308,51,Male,France,570,6,75,2020-03-30,315782.13,2,1,1,73653.9,26,0.148,0.0365,0,0,
CUST-103309,28,Male,Germany,765,4,59,2021-07-30,121919.75,2,1,1,37695.3,17,0.0144,-0.1469,1,0,
CUST-103310,73,Male,France,622,0,11,2025-07-30,46909.04,1,1,0,22767.46,9,0.0989,-0.0772,0,0,
CUST-103311,29,Female,Spain,629,5,68,2020-10-29,35173.56,2,1,1,68053.84,32,0.0778,0.189,0,0,
CUST-103312,37,Female,Spain,460,3,46,2022-08-29,118557.52,1,0,0,72342.15,10,0.3169,-0.1216,0,0,
CUST-103313,40,Male,Germany,638,8,101,2018-01-28,67141.5,2,1,1,115865.77,28,0.0,-0.0064,0,0,
CUST-103314,41,Female,Germany,716,7,91,2018-11-29,36251.31,2,1,0,208463.56,8,0.1659,-0.0236,0,0,
CUST-103315,50,Male,France,609,0,9,2025-09-29,0.0,2,0,0,34111.84,15,0.157,0.0,0,0,
CUST-103316,31,Male,France,527,4,49,2018-04-30,0.0,3,0,0,86883.61,16,0.4056,0.0,0,1,2022-05-30
CUST-103317,41,Male,Germany,604,4,50,2022-04-30,93635.73,1,0,1,266363.71,21,0.0664,0.2861,0,0,
CUST-103318,45,Male,France,591,3,36,2023-06-30,0.0,2,0,1,34881.98,24,0.0,0.0,0,0,
CUST-103319,52,Female,France,626,0,8,2025-10-29,44353.84,2,0,1,42077.36,26,0.0,-0.0692,0,0,
CUST-103320,35,Male,France,600,7,84,2019-06-30,0.0,1,0,0,122874.96,6,0.3517,0.0,0,0,
CUST-103321,39,Male,France,810,4,57,2021-09-29,47557.8,1,0,0,79882.14,11,0.2702,0.0358,0,0,
CUST-103322,38,Male,France,679,8,99,2018-03-30,84928.58,2,1,1,83781.71,28,0.122,-0.108,0,0,
CUST-103323,45,Female,Germany,483,3,43,2020-08-29,25084.35,1,1,1,101269.67,5,0.7809,-0.4443,2,1,2024-03-30
CUST-103324,45,Female,Spain,657,5,69,2020-09-28,0.0,1,1,0,108159.02,8,0.1215,0.0,0,0,
CUST-103325,35,Female,Germany,646,8,106,2017-08-29,203964.32,2,0,0,90886.17,15,0.3625,-0.2711,0,0,
CUST-103326,38,Female,Spain,765,7,91,2018-11-29,0.0,1,1,1,97199.67,26,0.0,0.0,0,0,
CUST-103327,38,Female,France,635,2,31,2023-11-29,0.0,1,0,0,37250.27,6,0.3584,0.0,0,0,
CUST-103328,30,Male,Spain,632,1,17,2025-01-28,0.0,1,1,0,123570.96,18,0.422,0.0,1,0,
CUST-103329,42,Male,Germany,829,4,57,2021-09-29,177942.99,1,1,1,170173.69,17,0.3186,-0.0412,0,0,
CUST-103330,42,Male,France,547,7,89,2019-01-29,0.0,2,1,1,132525.58,23,0.2173,0.0,1,0,
CUST-103331,30,Male,Spain,727,1,21,2024-09-28,0.0,1,0,1,94748.71,16,0.1641,0.0,0,0,
CUST-103332,43,Male,France,656,2,34,2018-12-29,134817.06,3,0,1,203278.51,8,0.6754,-0.3528,0,1,2021-10-29
CUST-103333,77,Male,France,602,1,12,2023-06-30,117362.86,1,0,0,79789.1,1,0.6576,-0.398,1,1,2024-06-29
CUST-103334,32,Male,France,588,6,77,2020-01-29,0.0,1,1,1,124314.99,28,0.3861,0.0,0,0,
CUST-103335,30,Male,France,780,4,52,2022-02-28,0.0,2,1,1,182715.5,26,0.165,0.0,0,0,
CUST-103336,45,Male,France,695,2,28,2023-02-28,0.0,1,0,1,58943.18,23,0.3656,0.0,2,1,2025-06-29
CUST-103337,35,Male,Germany,708,3,39,2022-04-30,49828.17,2,1,0,148050.65,8,0.5832,-0.1089,0,1,2025-07-30
CUST-103338,50,Female,Spain,735,5,66,2020-12-29,0.0,1,1,0,38637.42,20,0.0425,0.0,0,0,
CUST-103339,37,Female,France,683,0,8,2025-10-29,0.0,2,0,0,44762.8,11,0.3229,0.0,1,0,
CUST-103340,33,Male,Germany,548,1,23,2024-07-29,60298.22,1,1,1,41922.64,22,0.0,0.2486,0,0,
CUST-103341,37,Male,France,499,0,5,2022-08-29,0.0,1,1,0,22077.11,3,0.5883,0.0,0,1,2023-01-29
CUST-103342,45,Male,Spain,798,5,65,2021-01-28,0.0,2,1,1,48550.77,25,0.1214,0.0,0,0,
CUST-103343,44,Male,France,670,5,64,2021-02-28,161789.42,1,1,0,75318.67,12,0.2347,-0.1322,0,0,
CUST-103344,28,Male,France,658,8,100,2018-02-28,134340.09,2,0,0,60847.68,23,0.3055,0.0179,0,0,
CUST-103345,45,Male,Germany,823,7,86,2019-04-30,57364.93,2,0,1,35696.93,25,0.2088,-0.0286,0,0,
CUST-103346,39,Female,Germany,548,5,71,2020-07-29,282468.28,2,1,1,18550.64,34,0.1127,0.0904,0,0,
CUST-103347,39,Female,Spain,408,0,8,2025-10-29,0.0,1,1,0,47651.69,8,0.1891,0.0,0,0,
CUST-103348,42,Female,Germany,476,2,33,2023-09-29,108678.72,2,1,1,45140.36,18,0.2703,0.0197,1,0,
CUST-103349,30,Female,Spain,599,0,3,2026-03-30,53900.14,1,1,1,204125.88,19,0.0,-0.0553,0,0,
CUST-103350,27,Female,France,661,4,52,2022-02-28,0.0,1,0,1,71245.35,22,0.4832,0.0,1,0,
CUST-103351,28,Female,France,784,8,103,2017-11-28,0.0,1,1,0,188885.41,11,0.2831,0.0,0,0,
CUST-103352,49,Female,France,731,5,67,2020-11-28,0.0,1,1,0,48535.17,10,0.4057,0.0,0,0,
CUST-103353,49,Female,France,404,3,45,2022-09-29,0.0,1,1,1,128397.61,23,0.0406,0.0,0,0,
CUST-103354,23,Female,France,850,6,73,2020-05-30,200102.48,2,1,0,82346.54,17,0.1612,0.1331,0,0,
CUST-103355,38,Female,France,611,2,28,2024-02-28,61670.38,2,1,1,46105.34,19,0.0,0.0655,0,0,
CUST-103356,34,Female,France,768,5,67,2020-11-28,0.0,1,1,1,82929.01,18,0.1797,0.0,0,0,
CUST-103357,30,Male,Germany,702,8,97,2018-05-30,85863.38,1,0,1,64283.36,22,0.0,0.0575,2,0,
CUST-103358,52,Male,France,651,8,101,2018-01-28,279588.74,2,0,1,60881.15,36,0.1908,-0.0467,0,0,
CUST-103359,55,Male,Germany,627,0,5,2026-01-28,65470.33,2,1,1,28883.04,21,0.0,0.0178,1,0,
CUST-103360,40,Male,Germany,543,0,2,2025-10-29,147856.49,1,1,0,212755.26,7,0.6743,-0.4936,0,1,2025-12-29
CUST-103361,33,Male,France,526,7,89,2019-01-29,0.0,2,1,1,97058.8,19,0.1168,0.0,0,0,
CUST-103362,34,Male,France,634,6,73,2020-05-30,302785.22,2,1,0,39028.32,9,0.2491,-0.0313,1,0,
CUST-103363,29,Male,Germany,517,7,91,2018-08-29,51694.95,1,1,0,89236.61,11,0.3412,0.0147,0,1,2026-03-30
CUST-103364,34,Female,Germany,808,4,56,2021-10-29,38199.29,2,0,1,59466.27,15,0.0,0.0771,1,0,
CUST-103365,31,Male,France,659,2,34,2023-08-30,0.0,2,0,1,155603.27,31,0.1785,0.0,0,0,
CUST-103366,54,Male,France,850,1,19,2024-11-28,0.0,2,1,0,61337.58,18,0.2183,0.0,1,0,
CUST-103367,26,Male,Germany,608,4,49,2018-05-30,106347.5,1,1,0,70206.04,13,0.3155,0.0348,0,1,2022-06-30
CUST-103368,47,Male,Germany,593,0,6,2025-11-28,73901.06,1,1,0,51044.98,10,0.2086,-0.0148,0,1,2026-05-30
CUST-103369,31,Female,France,707,4,57,2021-09-29,0.0,2,1,1,93829.02,18,0.0,0.0,0,0,
CUST-103370,45,Female,France,625,5,63,2018-01-28,296665.8,1,1,0,71352.51,3,0.127,0.0221,0,1,2023-04-30
CUST-103371,37,Male,Spain,743,3,47,2022-07-30,47253.97,1,1,1,143167.01,22,0.0594,0.0884,0,0,
CUST-103372,47,Male,France,788,9,112,2017-02-28,73241.29,1,1,1,85300.91,24,0.3695,0.0851,0,0,
CUST-103373,28,Male,Spain,756,5,61,2021-05-30,22710.42,2,1,0,276110.02,7,0.1222,-0.0333,0,0,
CUST-103374,33,Female,France,781,5,70,2020-08-29,0.0,1,0,1,66664.92,37,0.0976,0.0,0,0,
CUST-103375,35,Female,Germany,728,2,34,2020-09-28,52792.77,1,0,0,46558.03,17,0.3523,0.1095,0,1,2023-07-30
CUST-103376,39,Female,France,597,10,120,2016-06-29,0.0,2,1,1,48323.65,22,0.0,0.0,0,0,
CUST-103377,38,Male,France,759,2,25,2023-04-30,77734.72,1,0,0,48448.46,14,0.3031,-0.1317,0,1,2025-05-30
CUST-103378,29,Female,Spain,717,2,31,2023-11-29,0.0,1,1,1,46033.37,24,0.1571,0.0,1,0,
CUST-103379,28,Female,France,591,3,41,2023-01-29,0.0,2,0,0,166092.98,11,0.2876,0.0,2,0,
CUST-103380,35,Female,Spain,603,0,9,2025-09-29,0.0,2,1,0,62541.44,17,0.1349,0.0,1,0,
CUST-103381,37,Male,France,641,0,8,2025-10-29,80026.75,1,1,0,85073.73,9,0.1428,0.0083,0,0,
CUST-103382,35,Male,Spain,757,8,101,2018-01-28,0.0,1,1,1,35741.53,27,0.1984,0.0,0,0,
CUST-103383,26,Male,Spain,661,1,17,2025-01-28,47454.55,2,1,1,72197.66,24,0.2481,0.0507,0,0,
CUST-103384,38,Male,Germany,649,2,33,2023-09-29,139911.1,2,1,1,19915.45,27,0.1418,0.0524,0,0,
CUST-103385,43,Female,France,635,9,109,2017-05-30,0.0,2,0,0,87773.54,16,0.4091,0.0,0,0,
CUST-103386,40,Male,Germany,616,5,67,2020-11-28,84242.36,1,1,0,53942.48,8,0.0091,-0.1474,1,0,
CUST-103387,36,Male,Germany,538,5,60,2021-06-29,84497.29,2,0,1,174364.5,25,0.2272,-0.0451,0,0,
CUST-103388,39,Female,Spain,726,2,35,2023-03-30,98351.65,1,0,0,113905.26,6,0.7615,-0.3019,2,1,2026-02-28
CUST-103389,31,Male,France,552,0,6,2024-05-30,143986.04,3,1,0,112518.53,14,0.1958,0.042,0,1,2024-11-28
CUST-103390,52,Female,France,656,3,41,2023-01-29,82158.1,1,0,1,44666.2,15,0.1229,-0.0743,0,0,
CUST-103391,33,Female,France,611,4,52,2022-02-28,0.0,1,1,0,88246.0,14,0.4243,0.0,0,0,
CUST-103392,43,Female,Germany,724,6,83,2017-06-29,47782.2,2,1,1,212298.73,19,0.6184,-0.3486,1,1,2024-05-30
CUST-103393,57,Female,Spain,617,4,48,2022-06-30,52572.35,2,1,1,47605.64,35,0.079,-0.1578,0,0,
CUST-103394,36,Male,France,553,5,60,2021-06-29,32821.54,2,1,0,45568.82,9,0.2787,-0.1354,0,0,
CUST-103395,48,Male,Germany,745,7,92,2018-10-29,31608.04,1,1,1,74475.64,34,0.2465,0.183,0,0,
CUST-103396,33,Female,Spain,571,0,7,2025-11-28,108844.55,2,1,0,82952.23,13,0.2725,-0.0141,0,0,
CUST-103397,48,Male,France,665,2,35,2022-01-28,0.0,2,0,0,104899.78,7,0.4737,0.0,1,1,2024-12-29
CUST-103398,54,Male,France,772,6,75,2020-03-30,0.0,2,0,0,97473.75,11,0.1695,0.0,0,0,
CUST-103399,31,Female,Germany,580,0,6,2025-12-29,334717.49,2,1,1,82238.4,30,0.0,0.0664,0,0,
CUST-103400,46,Male,Germany,640,9,117,2016-09-28,152955.49,1,1,1,49066.83,19,0.0718,-0.1097,0,0,
CUST-103401,57,Male,France,609,3,36,2023-06-30,0.0,2,0,1,216309.69,38,0.0437,0.0,0,0,
CUST-103402,41,Male,Spain,663,2,29,2024-01-29,25439.45,1,1,1,166911.85,31,0.0,-0.0089,0,0,
CUST-103403,51,Male,Germany,643,9,109,2017-05-30,131638.42,1,0,1,94264.29,16,0.1458,-0.0356,0,0,
CUST-103404,54,Female,Spain,738,4,59,2019-07-30,80612.28,1,1,0,145178.49,7,0.2981,0.0473,0,1,2024-06-29
CUST-103405,48,Male,Spain,590,4,57,2021-09-29,0.0,1,1,1,71508.14,35,0.0787,0.0,0,0,
CUST-103406,32,Male,Spain,772,4,52,2022-02-28,30550.52,1,1,0,37604.67,11,0.1571,0.2288,1,0,
CUST-103407,42,Male,Germany,804,1,23,2024-07-29,167162.83,1,1,0,120280.75,12,0.4093,-0.1033,0,0,
CUST-103408,44,Female,France,675,2,34,2023-08-30,52196.06,2,0,0,36663.14,7,0.1285,-0.0178,0,0,
CUST-103409,25,Male,Germany,574,2,25,2024-05-30,37307.43,1,1,1,229873.26,16,0.0123,-0.0331,0,0,
CUST-103410,37,Male,France,646,9,111,2017-03-30,0.0,2,0,1,39664.24,33,0.2375,0.0,1,0,
CUST-103411,39,Female,Germany,638,1,17,2021-01-28,88568.24,1,1,0,160570.07,11,0.522,-0.3147,0,1,2022-06-30
CUST-103412,43,Male,France,820,0,5,2026-01-28,76351.84,1,0,0,207483.38,16,0.2058,-0.0964,0,0,
CUST-103413,30,Female,Germany,640,2,35,2023-07-30,54386.0,1,0,0,35210.27,9,0.3376,0.136,0,0,
CUST-103414,36,Male,France,783,9,113,2017-01-28,0.0,2,1,1,33377.02,32,0.1374,0.0,0,0,
CUST-103415,40,Male,France,661,1,13,2025-05-30,0.0,2,0,0,98268.03,11,0.3886,0.0,0,0,
CUST-103416,34,Male,France,654,0,11,2025-07-30,0.0,2,0,0,173876.76,10,0.2261,0.0,0,0,
CUST-103417,25,Female,Germany,616,1,15,2025-03-30,74270.66,2,0,1,109900.09,17,0.1729,0.0914,0,0,
CUST-103418,52,Male,Spain,625,7,85,2019-05-30,68015.76,2,1,1,47326.24,20,0.2547,-0.0948,2,0,
CUST-103419,64,Male,France,735,3,38,2021-04-29,35367.88,1,0,0,175063.02,2,0.6567,-0.4217,1,1,2024-06-29
CUST-103420,41,Male,Spain,580,0,1,2026-05-30,84353.46,2,1,1,256764.04,24,0.3303,-0.1154,0,0,
CUST-103421,42,Male,Spain,742,2,27,2024-03-30,0.0,2,1,0,44418.05,16,0.2211,0.0,0,0,
CUST-103422,37,Female,France,788,8,106,2017-08-29,0.0,2,0,0,92525.73,9,0.2159,0.0,0,0,
CUST-103423,28,Female,Germany,593,5,69,2020-09-28,198550.98,2,1,1,106030.97,14,0.201,-0.0676,1,0,
CUST-103424,26,Male,France,766,7,89,2019-01-29,64284.02,2,0,0,64342.36,17,0.419,0.0339,1,0,
CUST-103425,22,Male,France,751,1,21,2024-09-28,0.0,1,1,0,45821.01,7,0.1428,0.0,0,0,
CUST-103426,51,Male,Germany,733,0,6,2025-12-29,150887.77,2,1,0,41805.61,8,0.3313,0.0275,0,0,
CUST-103427,62,Female,France,589,5,66,2018-10-29,53355.04,1,1,0,28242.24,2,0.8074,-0.6812,0,1,2024-04-29
CUST-103428,42,Male,Spain,639,7,85,2019-05-30,0.0,1,1,1,120682.79,38,0.0736,0.0,0,0,
CUST-103429,34,Male,Spain,638,1,17,2025-01-28,108661.51,2,1,0,56575.39,9,0.1083,-0.1126,0,0,
CUST-103430,36,Female,Spain,850,6,83,2019-07-30,0.0,1,1,1,187043.15,24,0.1671,0.0,0,0,
CUST-103431,44,Female,Germany,649,5,68,2020-10-29,82938.96,2,1,1,101163.4,24,0.0935,-0.0684,1,0,
CUST-103432,50,Male,Germany,632,4,49,2021-10-29,93099.6,1,1,0,71575.46,3,0.9452,-0.375,1,1,2025-11-28
CUST-103433,38,Male,Spain,540,5,63,2021-03-30,0.0,2,1,0,166529.57,10,0.3085,0.0,2,0,
CUST-103434,35,Female,France,557,9,109,2017-05-30,0.0,1,1,1,71832.14,26,0.207,0.0,0,0,
CUST-103435,30,Female,France,584,2,33,2016-12-29,336011.51,1,1,1,54882.53,20,0.1986,0.0631,2,1,2019-09-29
CUST-103436,33,Male,Germany,685,6,74,2017-04-29,111173.44,1,1,1,111952.97,28,0.0549,-0.0568,1,1,2023-06-30
CUST-103437,43,Male,France,513,0,2,2026-04-30,0.0,2,1,0,55028.46,9,0.2149,0.0,0,0,
CUST-103438,41,Male,France,586,4,59,2021-07-30,0.0,1,1,1,81580.01,29,0.1276,0.0,2,0,
CUST-103439,40,Male,France,471,1,15,2025-03-30,41067.73,1,1,1,90341.15,22,0.1359,-0.1094,0,0,
CUST-103440,30,Male,Germany,785,0,1,2026-05-30,425817.34,1,1,0,76423.08,5,0.1866,0.022,1,0,
CUST-103441,36,Female,France,660,9,115,2016-11-28,0.0,1,1,1,91085.75,36,0.167,0.0,0,0,
CUST-103442,47,Male,France,680,0,7,2019-04-30,0.0,2,1,0,91154.11,6,0.6865,0.0,1,1,2019-11-29
CUST-103443,56,Male,France,545,2,26,2019-05-30,203983.95,2,0,0,81463.93,3,0.9321,-0.503,1,1,2021-07-30
CUST-103444,46,Female,France,761,6,72,2020-06-29,0.0,1,1,0,55013.47,3,0.2467,0.0,0,0,
CUST-103445,50,Male,Spain,794,3,39,2023-03-30,47697.64,1,1,1,41562.28,16,0.2356,0.0026,0,0,
CUST-103446,25,Male,France,656,5,65,2021-01-28,0.0,2,0,0,48839.74,8,0.0958,0.0,0,0,
CUST-103447,53,Female,Germany,604,1,16,2025-02-28,220815.93,2,0,1,50560.73,24,0.0,-0.1857,0,0,
CUST-103448,42,Male,Spain,703,4,57,2021-09-29,39497.4,1,1,0,105226.42,11,0.3132,-0.1273,0,0,
CUST-103449,40,Female,France,721,1,15,2025-03-30,0.0,2,1,1,189101.34,21,0.1827,0.0,0,0,
CUST-103450,41,Male,Spain,734,4,50,2022-04-30,135182.75,1,0,1,72942.51,24,0.1863,-0.0272,1,0,
CUST-103451,59,Male,Germany,714,1,13,2025-03-30,134289.54,1,1,0,143970.22,1,0.682,-0.3428,1,1,2026-04-30
CUST-103452,34,Female,Germany,743,4,52,2022-02-28,54334.14,2,1,0,49707.32,11,0.0852,-0.1631,0,0,
CUST-103453,41,Male,France,584,6,82,2019-08-30,106857.88,2,1,0,67520.02,12,0.1227,-0.0188,1,0,
CUST-103454,37,Male,France,738,0,11,2025-07-30,35336.33,2,1,1,66575.41,31,0.0727,-0.0062,0,0,
CUST-103455,30,Male,Spain,606,4,56,2021-10-29,0.0,2,0,0,101263.46,13,0.3291,0.0,1,0,
CUST-103456,27,Female,Spain,409,1,12,2025-06-29,0.0,2,1,1,52063.75,27,0.0878,0.0,0,0,
CUST-103457,30,Male,Spain,606,0,10,2021-01-28,22899.4,3,0,0,109902.7,9,0.163,0.0756,0,1,2021-11-28
CUST-103458,32,Female,Spain,597,0,10,2025-08-29,0.0,2,1,0,88573.01,6,0.2782,0.0,0,0,
CUST-103459,37,Female,France,673,8,102,2017-12-29,0.0,2,1,0,79943.37,9,0.3109,0.0,0,0,
CUST-103460,50,Male,Spain,730,2,29,2024-01-29,141683.75,2,0,1,53369.55,27,0.3409,-0.0639,0,0,
CUST-103461,30,Male,France,669,3,40,2023-02-28,37618.07,1,1,0,29285.88,14,0.087,-0.1702,0,0,
CUST-103462,32,Male,Spain,843,0,7,2025-11-28,0.0,1,0,1,56973.46,31,0.3027,0.0,0,0,
CUST-103463,59,Female,France,600,2,25,2024-05-30,89500.98,2,1,0,110104.5,14,0.2038,-0.0221,0,0,
CUST-103464,34,Male,France,459,9,116,2016-06-29,198262.12,1,1,1,27575.0,20,0.1935,0.0761,0,1,2026-02-28
CUST-103465,33,Female,Spain,677,3,41,2023-01-29,28669.41,2,1,0,30601.79,16,0.2334,0.156,1,0,
CUST-103466,33,Male,Spain,598,7,87,2019-03-30,0.0,1,1,1,62023.06,13,0.4419,0.0,1,0,
CUST-103467,39,Male,Germany,546,9,111,2017-03-30,98471.11,1,0,1,45668.38,30,0.0976,-0.071,0,0,
CUST-103468,37,Female,France,621,5,61,2021-05-30,101155.44,1,1,0,424440.46,6,0.2136,-0.0782,0,0,
CUST-103469,32,Male,France,575,0,6,2025-12-29,0.0,1,1,1,82707.19,19,0.2033,0.0,0,0,
CUST-103470,34,Male,Spain,584,3,37,2023-05-30,107082.67,1,0,0,58013.91,10,0.2568,0.0548,0,0,
CUST-103471,47,Female,France,796,1,15,2020-04-29,0.0,1,1,0,135270.72,0,0.8112,0.0,1,1,2021-07-30
CUST-103472,40,Female,France,662,8,107,2017-07-30,0.0,2,1,0,69799.06,5,0.2249,0.0,0,0,
CUST-103473,54,Male,Germany,625,4,58,2021-08-29,51988.46,1,1,1,68990.21,29,0.182,0.1251,0,0,
CUST-103474,35,Male,France,803,3,38,2023-04-30,0.0,1,1,1,197305.38,18,0.2949,0.0,0,0,
CUST-103475,47,Male,Germany,622,2,24,2019-03-30,92069.03,1,1,1,22999.54,30,0.2573,0.112,1,1,2021-03-30
CUST-103476,48,Female,France,532,5,60,2016-08-29,0.0,1,1,0,42514.15,3,0.4933,0.0,1,1,2021-08-29
CUST-103477,32,Male,Spain,523,7,90,2018-12-29,30536.05,2,0,1,96802.36,13,0.255,-0.329,0,0,
CUST-103478,42,Female,Spain,642,5,71,2020-07-29,0.0,2,1,1,42736.83,25,0.1621,0.0,0,0,
CUST-103479,38,Female,Spain,492,7,90,2018-12-29,0.0,1,1,1,42446.84,16,0.27,0.0,0,0,
CUST-103480,25,Female,Germany,537,3,37,2023-05-30,66568.29,1,1,0,113837.21,7,0.1131,-0.0022,0,0,
CUST-103481,27,Male,France,613,8,104,2017-10-29,111522.8,1,1,0,49817.81,8,0.245,-0.2341,0,0,
CUST-103482,39,Male,Germany,759,0,11,2025-07-30,38945.27,2,1,0,88508.33,13,0.1027,-0.0905,0,0,
CUST-103483,26,Male,Spain,774,8,96,2018-05-30,319023.63,1,0,0,62861.36,9,0.2791,-0.076,1,1,2026-05-30
CUST-103484,25,Male,Germany,713,7,85,2019-05-30,171200.37,2,0,1,87601.08,20,0.0439,-0.0325,0,0,
CUST-103485,38,Male,Germany,650,0,2,2026-04-30,56190.69,1,1,1,68473.67,18,0.288,-0.1507,0,0,
CUST-103486,23,Female,Germany,595,1,17,2025-01-28,299852.59,2,1,0,114489.1,17,0.2757,-0.0109,0,0,
CUST-103487,29,Male,Germany,687,9,112,2017-02-28,149886.35,1,1,1,121917.48,16,0.0435,-0.2338,0,0,
CUST-103488,38,Male,Germany,821,0,9,2022-12-29,168409.44,1,1,1,49190.7,6,0.9038,-0.4256,4,1,2023-09-29
CUST-103489,36,Male,France,664,3,40,2023-02-28,178606.62,1,1,0,29716.24,11,0.1339,0.0083,0,0,
CUST-103490,36,Female,France,606,9,119,2016-07-29,65323.06,2,0,1,66908.96,23,0.0,-0.067,0,0,
CUST-103491,44,Male,Germany,635,6,82,2019-08-30,372456.57,2,1,0,52357.07,14,0.4794,-0.1462,0,0,
CUST-103492,49,Female,France,624,0,7,2025-11-28,357876.39,2,1,0,48693.02,15,0.2246,-0.1027,0,0,
CUST-103493,51,Female,Spain,703,1,14,2025-04-29,0.0,1,0,1,27781.94,29,0.0,0.0,0,0,
CUST-103494,61,Male,Germany,577,1,17,2025-01-28,13849.23,2,1,1,57572.69,20,0.441,-0.1901,2,0,
CUST-103495,23,Female,France,689,4,48,2022-06-30,0.0,1,0,1,73700.49,21,0.2099,0.0,0,0,
CUST-103496,31,Male,Spain,705,4,52,2022-02-28,0.0,2,0,1,52026.73,27,0.1595,0.0,0,0,
CUST-103497,29,Male,Germany,683,0,11,2019-08-30,68380.66,2,1,0,70076.43,2,0.7676,-0.3384,0,1,2020-07-29
CUST-103498,61,Male,Spain,546,0,9,2025-09-29,0.0,1,1,0,102997.97,10,0.5369,0.0,0,0,
CUST-103499,38,Male,France,636,7,95,2018-07-30,86024.65,2,1,1,157085.02,34,0.0,0.276,0,0,
CUST-103500,37,Female,Spain,599,6,76,2020-02-28,258706.75,2,1,1,167560.61,36,0.0842,-0.0167,0,0,
CUST-103501,34,Female,France,643,7,91,2018-11-29,0.0,2,0,1,50385.06,12,0.2279,0.0,0,0,
CUST-103502,33,Male,Germany,586,8,102,2017-12-29,116545.89,1,0,1,47682.8,22,0.0,-0.0934,1,0,
CUST-103503,33,Female,France,769,7,87,2019-03-30,125669.5,2,0,1,33664.65,17,0.1769,0.1758,0,0,
CUST-103504,34,Male,Germany,668,4,57,2021-09-29,90341.19,1,0,1,112781.29,12,0.2877,-0.3491,1,0,
CUST-103505,33,Male,Germany,495,6,73,2017-08-29,440659.04,1,1,0,79656.66,9,0.3338,-0.0873,0,1,2023-09-29
CUST-103506,56,Female,Germany,522,1,19,2020-10-29,119601.7,2,1,1,157185.54,7,0.6879,-0.4736,0,1,2022-05-30
CUST-103507,68,Male,France,766,9,110,2017-04-29,0.0,1,1,1,79539.9,35,0.0,0.0,1,0,
CUST-103508,67,Female,Spain,633,5,63,2021-03-30,192511.33,1,1,1,52997.9,6,0.5154,-0.2516,2,0,
CUST-103509,25,Male,Germany,613,6,79,2019-11-29,141908.11,2,1,1,70098.8,33,0.1851,0.0596,0,0,
CUST-103510,32,Female,France,758,4,48,2022-06-30,0.0,1,1,1,63902.88,31,0.1865,0.0,0,0,
CUST-103511,23,Male,Spain,635,2,25,2024-05-30,0.0,2,1,0,48475.63,12,0.1259,0.0,1,0,
CUST-103512,24,Male,Germany,535,9,112,2017-02-28,22246.05,2,1,0,75460.82,18,0.3691,-0.0811,0,0,
CUST-103513,68,Female,Spain,542,3,41,2017-08-29,0.0,1,1,1,44506.51,20,0.2271,0.0,1,1,2021-01-28
CUST-103514,41,Male,Spain,710,0,9,2025-09-29,29665.81,2,1,1,154643.17,35,0.2532,0.085,0,0,
CUST-103515,47,Male,Spain,845,3,46,2018-08-29,0.0,3,1,0,27934.45,6,0.5457,0.0,1,1,2022-06-30
CUST-103516,36,Female,Spain,731,8,98,2018-04-30,63835.91,1,1,1,139524.88,39,0.2534,0.1057,0,0,
CUST-103517,37,Male,Germany,613,0,10,2016-08-29,149546.79,1,1,1,54612.08,12,0.5436,-0.123,1,1,2017-06-29
CUST-103518,52,Male,France,628,7,92,2018-10-29,16523.17,1,0,1,14571.04,22,0.2371,-0.1746,0,0,
CUST-103519,38,Male,Germany,655,5,70,2020-08-29,181415.86,2,1,0,26764.82,12,0.328,0.1007,0,0,
CUST-103520,39,Female,Spain,456,4,58,2021-08-29,172905.47,1,1,1,69438.76,18,0.193,-0.023,1,0,
CUST-103521,45,Female,Germany,652,1,16,2023-04-30,38977.48,1,1,0,57088.03,5,0.525,-0.2799,0,1,2024-08-29
CUST-103522,44,Female,Spain,706,8,96,2018-05-30,0.0,2,0,0,90109.05,3,0.6932,0.0,0,1,2026-05-30
CUST-103523,38,Male,France,820,8,107,2017-07-30,258618.71,2,1,1,56987.3,29,0.2234,0.2196,0,0,
CUST-103524,33,Male,France,755,0,4,2026-02-28,110520.66,2,1,0,98931.83,13,0.1852,-0.002,1,0,
CUST-103525,33,Male,Germany,835,5,66,2020-12-29,175052.6,1,0,0,72418.77,9,0.1415,-0.0795,0,0,
CUST-103526,51,Male,France,811,3,38,2023-04-30,0.0,2,1,1,103004.14,26,0.1289,0.0,1,0,
CUST-103527,39,Female,France,784,2,29,2018-01-28,77659.52,2,0,0,115971.2,7,0.6579,-0.4756,2,1,2020-06-29
CUST-103528,31,Male,France,653,9,111,2017-03-30,0.0,2,1,0,95165.59,18,0.1332,0.0,0,0,
CUST-103529,48,Female,Spain,683,4,48,2022-06-30,0.0,2,0,1,61125.1,18,0.3111,0.0,0,0,
CUST-103530,38,Female,France,490,2,27,2018-03-30,52762.79,1,1,0,157411.56,4,0.7805,-0.4581,3,1,2020-06-29
CUST-103531,25,Female,France,663,4,49,2022-05-30,87982.97,1,1,0,69378.49,17,0.2792,0.0653,0,0,
CUST-103532,31,Male,France,704,9,115,2016-11-28,48022.1,1,0,1,48272.78,27,0.0,-0.0143,0,0,
CUST-103533,38,Male,France,623,6,79,2019-11-29,0.0,1,1,1,56973.29,16,0.0712,0.0,0,0,
CUST-103534,26,Female,France,502,6,82,2019-08-30,0.0,1,1,1,89022.23,27,0.0,0.0,0,0,
CUST-103535,41,Female,Germany,802,4,53,2022-01-28,88534.78,1,1,1,124593.05,18,0.0101,0.076,0,0,
CUST-103536,43,Male,Spain,689,1,16,2025-02-28,0.0,1,1,1,103875.03,25,0.0896,0.0,0,0,
CUST-103537,50,Female,France,815,2,33,2023-09-29,81025.2,2,1,1,104047.09,13,0.2807,-0.2425,2,0,
CUST-103538,40,Female,Germany,721,7,87,2016-10-29,133149.16,2,0,0,58765.75,3,0.9162,-0.3575,0,1,2024-01-29
CUST-103539,32,Male,France,781,1,13,2025-05-30,42882.34,2,1,1,130865.27,31,0.2292,-0.2548,0,0,
CUST-103540,25,Female,France,762,4,57,2021-09-29,0.0,1,0,0,72264.56,14,0.3496,0.0,0,0,
CUST-103541,25,Male,Spain,585,1,17,2025-01-28,155794.62,1,1,0,53380.5,9,0.1981,-0.3081,0,0,
CUST-103542,36,Female,Germany,601,3,37,2016-06-29,151659.9,1,0,0,25178.25,2,0.7502,-0.1864,1,1,2019-07-30
CUST-103543,36,Male,Spain,609,7,85,2019-05-30,43329.61,2,1,0,100443.85,16,0.4928,-0.1026,0,0,
CUST-103544,26,Male,France,557,6,77,2020-01-29,31547.79,2,1,1,52169.42,22,0.2563,-0.0698,1,0,
CUST-103545,41,Male,France,819,2,26,2024-04-29,0.0,1,1,1,39600.94,22,0.0123,0.0,1,0,
CUST-103546,33,Female,France,654,7,95,2018-07-30,122391.01,1,0,0,35611.69,8,0.4285,-0.0064,0,0,
CUST-103547,29,Female,France,694,4,52,2021-02-28,18448.09,1,1,0,117789.43,7,0.4949,-0.162,0,1,2025-06-29
CUST-103548,28,Male,Spain,522,2,31,2023-11-29,0.0,1,1,0,79094.4,18,0.0383,0.0,0,0,
CUST-103549,57,Male,France,729,3,43,2022-11-29,114513.41,1,1,1,95460.86,31,0.24,-0.3106,0,0,
CUST-103550,24,Male,Spain,611,3,45,2022-09-29,17622.1,2,1,1,63866.31,28,0.042,-0.215,0,0,
CUST-103551,62,Male,Spain,771,2,25,2024-05-30,0.0,1,0,1,73581.35,27,0.0,0.0,0,0,
CUST-103552,30,Female,Germany,584,0,1,2026-05-30,24547.4,2,1,0,70311.45,7,0.2782,-0.323,1,0,
CUST-103553,64,Male,France,778,0,10,2024-03-30,39168.6,1,1,0,37992.02,10,0.1596,-0.2658,0,1,2025-01-28
CUST-103554,25,Female,Germany,740,7,94,2018-08-29,129004.0,1,0,1,112725.45,21,0.2035,-0.2094,0,0,
CUST-103555,42,Female,France,605,2,25,2024-05-30,32493.03,2,1,0,44898.77,6,0.2286,-0.07,0,0,
CUST-103556,53,Male,Spain,786,3,45,2022-09-29,41557.82,1,1,1,53445.17,18,0.1078,0.0211,1,0,
CUST-103557,53,Male,France,760,1,22,2024-08-29,175851.37,2,1,0,88218.37,18,0.4162,-0.0644,0,0,
CUST-103558,42,Female,Spain,697,0,8,2025-10-29,81319.45,1,0,1,127237.67,39,0.1917,0.0193,0,0,
CUST-103559,40,Female,Germany,555,0,3,2026-01-28,61851.13,1,0,1,51213.2,8,0.9487,-0.5053,1,1,2026-04-30
CUST-103560,26,Female,Germany,727,0,9,2025-09-29,77458.82,2,1,1,109450.72,36,0.0,-0.0702,0,0,
CUST-103561,48,Male,Germany,656,1,16,2024-03-30,346407.48,1,0,0,86258.9,3,0.5777,-0.1496,0,1,2025-07-30
CUST-103562,51,Male,Germany,655,1,21,2023-05-30,174310.12,1,0,1,63753.59,42,0.1764,0.0242,0,1,2025-02-28
CUST-103563,38,Female,Spain,657,0,10,2016-12-29,29327.2,1,0,0,68719.03,2,0.5838,-0.294,0,1,2017-10-29
CUST-103564,39,Male,France,647,9,118,2016-08-29,294918.75,1,0,1,68316.35,27,0.0464,0.0662,0,0,
CUST-103565,80,Female,Spain,567,5,68,2020-10-29,63112.59,1,1,1,81635.46,20,0.032,-0.1297,0,0,
CUST-103566,27,Female,Spain,505,0,2,2026-04-30,82729.64,2,1,1,135639.15,21,0.1776,-0.1007,0,0,
CUST-103567,42,Male,Spain,485,10,120,2016-06-29,40725.32,1,1,1,84538.47,31,0.0,0.0116,1,0,
CUST-103568,48,Male,France,679,3,40,2021-10-29,61044.8,2,1,0,61978.05,4,0.6519,-0.1977,0,1,2025-02-28
CUST-103569,25,Male,Spain,417,2,32,2023-10-30,0.0,2,1,1,56179.54,37,0.021,0.0,0,0,
CUST-103570,25,Female,France,720,7,90,2018-12-29,93718.38,2,1,1,77821.05,33,0.2968,-0.0436,1,0,
CUST-103571,31,Male,Spain,699,1,22,2024-08-29,0.0,2,1,0,55454.21,4,0.1632,0.0,0,0,
CUST-103572,32,Male,France,621,3,38,2023-04-30,35613.9,2,1,0,27077.06,4,0.519,-0.1927,0,0,
CUST-103573,30,Female,France,749,5,65,2021-01-28,0.0,1,1,1,135234.45,22,0.0,0.0,0,0,
CUST-103574,32,Female,France,625,0,6,2022-06-30,16550.29,1,1,0,67136.47,9,0.4796,0.0121,0,1,2022-12-29
CUST-103575,32,Male,France,690,5,67,2020-11-28,0.0,2,1,1,65224.89,25,0.0,0.0,0,0,
CUST-103576,38,Female,France,462,3,41,2023-01-29,202623.56,1,1,1,151250.18,26,0.1872,0.1355,0,0,
CUST-103577,30,Male,Spain,435,2,34,2023-08-30,294608.71,1,0,0,54303.31,13,0.2912,-0.249,0,0,
CUST-103578,35,Female,France,627,0,6,2025-12-29,0.0,2,1,0,91012.03,9,0.0697,0.0,0,0,
CUST-103579,37,Female,Germany,691,1,22,2024-08-29,64989.9,1,0,0,71824.5,5,0.3591,-0.2107,0,0,
CUST-103580,34,Male,France,741,0,6,2025-12-29,68701.96,1,0,0,87025.2,4,0.0732,-0.1159,0,0,
CUST-103581,42,Male,Spain,633,0,3,2026-03-30,0.0,1,1,0,51842.67,13,0.3466,0.0,1,0,
CUST-103582,56,Male,Spain,674,1,18,2018-08-29,0.0,1,1,1,118357.83,9,0.6257,0.0,1,1,2020-02-28
CUST-103583,27,Female,France,725,4,59,2021-07-30,0.0,1,1,1,191229.42,22,0.2272,0.0,0,0,
CUST-103584,29,Female,Germany,638,1,21,2018-04-30,171408.09,3,1,0,43002.83,11,0.1678,0.0351,1,1,2020-01-29
CUST-103585,46,Male,Spain,706,0,6,2025-12-29,0.0,1,1,0,109323.78,9,0.1374,0.0,0,0,
CUST-103586,40,Female,Spain,542,3,36,2023-06-30,67927.83,2,1,1,76936.92,21,0.181,-0.0344,0,0,
CUST-103587,47,Male,France,491,3,46,2016-12-29,69939.28,1,1,0,88150.95,9,0.6521,-0.1799,1,1,2020-10-29
CUST-103588,45,Female,France,599,9,117,2016-07-29,56848.57,1,1,1,92927.04,16,0.2985,-0.0581,1,1,2026-04-30
CUST-103589,32,Female,Spain,724,8,100,2018-02-28,0.0,1,1,0,36143.12,11,0.1454,0.0,0,0,
CUST-103590,57,Male,France,582,0,10,2025-08-29,159132.54,1,0,1,46600.16,24,0.2172,0.1093,2,0,
CUST-103591,57,Male,Spain,712,0,7,2025-11-28,0.0,2,1,0,62970.35,15,0.0614,0.0,0,0,
CUST-103592,29,Female,France,551,6,80,2019-10-30,88849.11,1,1,0,141095.73,4,0.1898,0.0588,1,0,
CUST-103593,54,Female,Spain,594,2,34,2023-08-30,0.0,1,1,0,60923.5,13,0.434,0.0,0,0,
CUST-103594,56,Male,France,673,3,40,2023-02-28,0.0,2,1,0,93144.67,7,0.2002,0.0,1,0,
CUST-103595,63,Female,France,586,4,51,2020-10-29,95839.92,1,1,1,74249.93,24,0.1904,-0.0201,1,1,2025-01-28
CUST-103596,45,Male,Spain,602,4,56,2021-10-29,77701.06,1,1,1,74739.56,20,0.2504,-0.1171,0,0,
CUST-103597,34,Male,Spain,400,1,18,2024-12-29,149952.52,1,1,0,78280.07,11,0.0507,-0.1041,0,0,
CUST-103598,31,Female,Spain,731,3,45,2022-09-29,0.0,1,0,0,46003.64,12,0.1142,0.0,0,0,
CUST-103599,34,Male,Spain,639,5,64,2021-02-28,152702.94,1,1,0,66149.79,8,0.4587,-0.0684,3,0,
CUST-103600,27,Female,France,559,0,5,2026-01-28,78775.66,1,1,1,57486.5,35,0.1069,-0.1085,0,0,
CUST-103601,42,Female,France,826,2,29,2024-01-29,66885.39,1,1,1,69772.98,25,0.1296,0.139,0,0,
CUST-103602,36,Male,France,574,3,36,2017-11-28,0.0,1,0,0,49574.67,16,0.1245,0.0,1,1,2020-11-28
CUST-103603,26,Male,Germany,601,3,39,2023-03-30,103962.47,1,1,1,195510.41,30,0.0558,-0.0247,0,0,
CUST-103604,31,Male,France,558,8,96,2018-06-30,0.0,2,0,1,28163.77,30,0.1078,0.0,0,0,
CUST-103605,53,Male,Spain,756,4,52,2022-02-28,0.0,1,1,0,28665.47,12,0.2371,0.0,0,0,
CUST-103606,42,Female,France,788,0,8,2025-10-29,0.0,1,0,0,91058.57,10,0.4286,0.0,1,0,
CUST-103607,31,Male,France,778,8,103,2017-11-28,0.0,2,0,1,113272.68,21,0.1419,0.0,0,0,
CUST-103608,62,Female,France,777,6,82,2019-08-30,138774.14,2,1,0,174222.32,10,0.1757,-0.1987,0,0,
CUST-103609,41,Male,France,593,7,94,2018-08-29,29352.78,1,1,0,62350.14,8,0.0,0.1056,1,0,
CUST-103610,28,Male,France,811,3,42,2022-12-29,0.0,2,0,1,72165.61,17,0.3582,0.0,1,0,
CUST-103611,34,Female,Germany,631,0,7,2023-01-29,53487.77,3,1,1,94853.62,13,0.6895,-0.4397,1,1,2023-08-30
CUST-103612,26,Male,France,502,1,23,2024-07-29,33291.02,2,1,1,155577.61,24,0.1681,-0.0075,0,0,
CUST-103613,57,Female,Germany,609,3,38,2023-04-30,97783.24,2,1,0,35020.02,8,0.1732,0.125,0,0,
CUST-103614,48,Female,Spain,681,2,29,2024-01-29,0.0,2,0,1,80081.41,30,0.1119,0.0,0,0,
CUST-103615,31,Female,Germany,588,4,52,2019-01-29,139463.32,2,0,0,102391.26,7,0.6378,-0.1845,4,1,2023-05-30
CUST-103616,24,Male,Germany,664,1,12,2025-06-29,94356.39,1,1,1,59921.56,19,0.0057,-0.0491,0,0,
CUST-103617,47,Male,France,702,4,56,2021-10-29,0.0,2,1,1,91387.18,17,0.1347,0.0,0,0,
CUST-103618,40,Female,France,689,1,18,2024-12-29,0.0,1,1,0,51412.23,15,0.4168,0.0,0,0,
CUST-103619,54,Male,France,713,9,108,2017-06-29,0.0,1,1,1,140924.93,28,0.1871,0.0,0,0,
CUST-103620,23,Female,Spain,633,4,57,2021-09-29,31817.2,1,1,1,27294.39,21,0.1909,0.0484,0,0,
CUST-103621,46,Female,Germany,580,0,5,2024-02-28,141362.08,2,1,0,62403.12,5,0.4812,-0.3141,1,1,2024-07-29
CUST-103622,37,Female,France,509,8,99,2018-03-30,0.0,1,1,1,98435.85,12,0.2594,0.0,1,0,
CUST-103623,72,Female,France,642,6,78,2019-12-29,61750.53,2,1,1,61444.22,38,0.0,0.0415,1,0,
CUST-103624,28,Female,Spain,598,5,66,2020-12-29,73657.78,2,1,0,115185.21,16,0.3301,0.1338,0,0,
CUST-103625,49,Male,Germany,639,8,97,2017-10-29,327021.88,1,1,0,74823.55,5,0.3308,-0.2908,1,1,2025-11-28
CUST-103626,46,Female,Germany,451,0,9,2020-12-29,122296.4,1,0,1,84974.22,11,0.3663,-0.3585,1,1,2021-09-29
CUST-103627,26,Female,Spain,504,7,88,2019-02-28,32863.7,1,1,1,98239.55,27,0.2109,-0.0115,0,0,
CUST-103628,35,Male,Germany,699,8,98,2018-04-30,97500.08,2,1,1,69953.6,16,0.0,0.0507,0,0,
CUST-103629,44,Female,Germany,493,5,66,2019-06-30,25946.07,1,1,1,28970.25,12,0.7231,-0.3905,1,1,2024-12-29
CUST-103630,31,Male,France,632,8,104,2017-10-29,133108.58,2,1,1,188761.09,31,0.0,0.0717,0,0,
CUST-103631,31,Male,France,570,1,20,2024-10-29,0.0,2,1,0,152727.57,9,0.236,0.0,0,0,
CUST-103632,51,Female,Spain,564,6,76,2020-02-28,60756.98,1,1,0,107202.89,13,0.2741,0.0892,0,0,
CUST-103633,66,Female,Germany,658,2,35,2023-07-30,42107.54,2,1,1,58982.41,21,0.2935,-0.1913,1,0,
CUST-103634,49,Male,France,653,0,4,2021-10-29,67732.2,1,1,0,92069.79,6,0.8872,-0.5361,1,1,2022-02-28
CUST-103635,27,Female,Germany,702,4,55,2021-11-28,106508.62,1,1,1,27856.74,34,0.3985,-0.2005,0,0,
CUST-103636,21,Male,France,544,2,28,2024-02-28,0.0,3,0,1,30481.22,25,0.0,0.0,0,0,
CUST-103637,28,Male,Spain,565,6,79,2019-11-29,48283.25,1,1,1,271006.19,26,0.142,0.0974,0,0,
CUST-103638,46,Male,France,758,1,16,2025-02-28,0.0,1,1,1,36409.79,32,0.1516,0.0,0,0,
CUST-103639,47,Female,Spain,628,9,108,2017-06-29,0.0,1,0,1,60935.22,17,0.121,0.0,0,0,
CUST-103640,34,Male,Germany,685,6,76,2020-02-28,72628.78,2,0,0,77947.78,14,0.0063,0.1271,0,0,
CUST-103641,28,Male,France,602,9,111,2017-03-30,0.0,2,1,1,87039.82,27,0.3117,0.0,1,0,
CUST-103642,35,Female,France,694,8,105,2017-09-29,0.0,1,1,0,71969.05,5,0.169,0.0,0,0,
CUST-103643,25,Male,Spain,411,0,3,2026-03-30,79506.66,1,1,1,58759.91,20,0.1195,-0.3266,0,0,
CUST-103644,20,Male,France,761,8,106,2017-08-29,157052.37,2,1,0,68086.31,11,0.0565,-0.103,0,0,
CUST-103645,41,Male,France,606,0,1,2026-05-30,83128.12,1,1,0,134532.35,8,0.1474,-0.1937,0,0,
CUST-103646,40,Female,Spain,530,4,51,2022-03-30,69126.65,1,1,0,102288.52,13,0.1845,0.1698,0,0,
CUST-103647,28,Female,France,548,5,71,2016-12-29,28069.01,3,1,0,104771.45,12,0.2242,-0.0009,1,1,2022-11-29
CUST-103648,50,Female,France,625,1,20,2024-10-29,60153.43,2,0,0,24788.35,12,0.2844,0.0415,1,0,
CUST-103649,38,Male,France,639,5,68,2020-10-29,0.0,1,1,0,96156.92,10,0.1104,0.0,2,0,
CUST-103650,30,Male,Spain,664,9,109,2017-05-30,0.0,1,1,0,77210.22,13,0.1104,0.0,0,0,
CUST-103651,42,Female,France,536,2,31,2023-11-29,0.0,1,1,0,50762.62,7,0.3367,0.0,0,0,
CUST-103652,71,Male,France,734,5,70,2020-08-29,566156.09,2,1,1,198239.38,38,0.0,0.1416,0,0,
CUST-103653,25,Male,France,600,0,3,2026-03-30,65953.16,1,1,0,32103.57,14,0.3377,0.1676,0,0,
CUST-103654,73,Male,France,595,3,45,2022-09-29,0.0,2,1,0,70657.29,10,0.1407,0.0,0,0,
CUST-103655,38,Male,France,628,3,44,2022-10-29,171364.49,1,1,0,137935.39,11,0.1798,0.0612,0,0,
CUST-103656,44,Male,France,714,0,7,2025-03-30,0.0,1,1,0,78446.3,10,0.1547,0.0,0,1,2025-10-29
CUST-103657,46,Female,France,647,4,48,2022-06-30,88490.22,2,0,1,24474.77,19,0.1298,0.1856,0,0,
CUST-103658,31,Male,France,598,6,75,2020-03-30,0.0,2,1,1,159044.56,26,0.1582,0.0,0,0,
CUST-103659,34,Female,Spain,619,5,65,2021-01-28,44643.9,2,1,1,28232.43,18,0.0063,0.1098,1,0,
CUST-103660,56,Male,France,767,2,32,2023-10-30,0.0,1,0,0,37278.5,15,0.3151,0.0,0,0,
CUST-103661,59,Female,France,751,0,11,2024-11-28,0.0,1,1,1,122532.53,9,0.7089,0.0,0,1,2025-10-29
CUST-103662,36,Female,Spain,685,6,81,2019-09-29,0.0,1,1,0,42378.14,10,0.3731,0.0,0,0,
CUST-103663,67,Female,Spain,664,0,3,2026-03-30,0.0,1,1,0,62544.28,15,0.2414,0.0,1,0,
CUST-103664,37,Male,Germany,850,7,91,2018-11-29,236384.2,1,1,0,42125.1,11,0.4173,-0.1114,1,0,
CUST-103665,48,Female,France,694,2,35,2023-07-30,0.0,2,1,1,74904.99,20,0.0486,0.0,0,0,
CUST-103666,31,Male,France,667,2,29,2024-01-29,35118.9,2,1,0,139069.92,10,0.051,0.0753,0,0,
CUST-103667,47,Female,France,631,1,22,2024-08-29,0.0,2,1,0,30221.2,12,0.325,0.0,0,0,
CUST-103668,35,Female,France,684,3,39,2023-03-30,76329.51,2,0,0,82295.22,14,0.1679,0.0656,0,0,
CUST-103669,79,Female,France,358,5,65,2021-01-28,0.0,2,1,0,27933.4,8,0.2305,0.0,1,0,
CUST-103670,42,Female,Germany,749,4,57,2021-09-29,341956.34,1,1,1,228510.63,12,0.1047,0.2236,0,0,
CUST-103671,64,Female,France,528,9,115,2016-11-28,75411.0,2,0,1,43368.32,21,0.1932,-0.079,1,0,
CUST-103672,40,Female,Germany,581,3,43,2021-01-28,18730.91,1,0,0,98089.41,13,0.5344,-0.2426,0,1,2024-08-29
CUST-103673,38,Male,France,516,4,52,2022-02-28,47312.24,1,1,0,84584.05,17,0.0965,-0.0251,1,0,
CUST-103674,40,Male,France,579,5,66,2019-04-30,0.0,1,1,0,77559.15,8,0.6161,0.0,1,1,2024-10-29
CUST-103675,70,Female,Spain,617,7,84,2019-06-30,42567.56,1,1,1,56544.78,36,0.191,-0.002,0,0,
CUST-103676,33,Female,Spain,735,0,9,2025-09-29,0.0,2,1,0,33905.64,7,0.1834,0.0,1,0,
CUST-103677,78,Male,France,774,6,77,2020-01-29,48890.86,1,1,1,161929.58,31,0.2064,-0.0482,0,0,
CUST-103678,50,Male,Germany,836,7,90,2018-12-29,36095.16,2,0,1,42853.34,17,0.1109,0.0436,0,0,
CUST-103679,68,Male,France,660,6,77,2020-01-29,0.0,2,1,1,67469.65,23,0.1765,0.0,0,0,
CUST-103680,28,Male,France,629,9,111,2017-03-30,75027.58,2,1,0,59504.92,7,0.1235,0.1507,0,0,
CUST-103681,48,Male,Germany,725,1,13,2025-05-30,105173.91,1,1,0,123635.28,8,0.1064,-0.0105,1,0,
CUST-103682,57,Male,France,568,6,78,2019-12-29,0.0,2,1,1,251526.39,35,0.0871,0.0,2,0,
CUST-103683,57,Male,France,557,6,77,2020-01-29,0.0,1,1,1,49490.94,23,0.1875,0.0,0,0,
CUST-103684,48,Female,France,615,0,9,2023-05-30,0.0,1,1,0,77731.64,11,0.1154,0.0,1,1,2024-02-28
CUST-103685,34,Male,France,647,0,3,2026-03-30,164075.74,1,1,0,130064.8,7,0.1082,0.0031,0,0,
CUST-103686,34,Male,France,452,7,88,2019-02-28,0.0,1,0,1,149723.72,24,0.0,0.0,1,0,
CUST-103687,33,Male,France,752,4,57,2021-09-29,246388.35,1,1,1,66111.56,28,0.1101,-0.0233,0,0,
CUST-103688,42,Male,Spain,673,3,39,2023-03-30,0.0,1,1,1,67504.3,20,0.2308,0.0,1,0,
CUST-103689,40,Male,Germany,727,3,37,2023-05-30,48597.75,1,1,0,145843.48,9,0.1201,-0.174,0,0,
CUST-103690,35,Male,France,499,0,10,2025-08-29,62176.32,2,1,1,26088.3,35,0.1598,0.0989,1,0,
CUST-103691,36,Male,France,586,2,28,2024-02-28,0.0,2,1,1,118870.97,36,0.0458,0.0,0,0,
CUST-103692,38,Female,Germany,581,2,29,2024-01-29,107074.56,2,1,1,46391.51,23,0.0293,-0.2277,0,0,
CUST-103693,23,Male,France,631,8,106,2017-04-29,95965.92,1,1,1,78147.14,17,0.6386,-0.3193,2,1,2026-02-28
CUST-103694,35,Male,Germany,647,7,89,2019-01-29,311803.83,2,1,0,74516.35,17,0.177,0.079,0,0,
CUST-103695,33,Male,Spain,733,2,27,2024-03-30,17176.13,2,1,1,51560.07,35,0.0865,0.1271,1,0,
CUST-103696,28,Male,France,659,3,45,2022-09-29,141599.24,1,1,0,85422.44,10,0.2487,-0.0389,0,0,
CUST-103697,28,Male,France,579,5,65,2021-01-28,0.0,1,1,1,59131.84,27,0.0122,0.0,0,0,
CUST-103698,35,Male,France,850,9,114,2016-12-29,0.0,1,0,0,125608.34,13,0.2826,0.0,0,0,
CUST-103699,42,Male,France,625,7,94,2017-05-30,289037.43,1,0,1,47232.18,29,0.2669,0.0622,0,1,2025-03-30
CUST-103700,43,Male,France,563,6,81,2018-05-30,0.0,2,1,0,40496.68,3,0.6993,0.0,1,1,2025-02-28
CUST-103701,45,Female,Spain,469,1,23,2018-06-30,122405.7,1,1,0,76527.89,14,0.3443,0.0332,0,1,2020-05-30
CUST-103702,43,Male,France,659,1,21,2024-09-28,0.0,1,0,1,69178.4,40,0.0962,0.0,0,0,
CUST-103703,34,Male,Germany,716,3,40,2023-02-28,53266.69,2,1,0,165290.54,8,0.2743,0.0752,0,0,
CUST-103704,28,Male,Germany,541,8,99,2018-03-30,48532.13,2,1,1,70988.51,25,0.2011,-0.0826,1,0,
CUST-103705,30,Male,France,710,3,45,2022-09-29,84670.31,2,1,1,71947.42,27,0.2493,-0.3162,0,0,
CUST-103706,37,Female,France,658,9,117,2016-09-28,10337.65,1,1,1,37028.42,22,0.0575,0.1221,0,0,
CUST-103707,40,Male,France,480,4,51,2022-03-30,0.0,2,1,1,80038.51,23,0.223,0.0,0,0,
CUST-103708,49,Male,Germany,710,8,98,2018-04-30,342907.8,1,0,0,38417.16,6,0.201,-0.0474,2,0,
CUST-103709,57,Female,France,625,0,1,2026-05-30,71045.35,2,1,1,64935.34,25,0.1263,-0.0099,0,0,
CUST-103710,34,Male,Germany,542,7,90,2018-12-29,277081.58,2,1,1,43480.63,23,0.0736,-0.1444,0,0,
CUST-103711,40,Male,Spain,742,7,85,2019-05-30,0.0,2,0,0,95511.44,13,0.2584,0.0,1,0,
CUST-103712,45,Female,Spain,740,1,22,2024-08-29,55636.67,1,1,0,67814.71,13,0.0932,-0.0452,0,0,
CUST-103713,38,Female,Spain,540,9,119,2016-07-29,102822.16,2,0,0,135539.47,11,0.3393,0.0233,0,0,
CUST-103714,30,Male,Spain,678,1,17,2025-01-28,0.0,1,0,0,41451.46,10,0.0572,0.0,0,0,
CUST-103715,31,Female,Spain,670,6,80,2019-10-30,44443.03,2,1,1,73510.71,16,0.219,-0.0869,0,0,
CUST-103716,50,Male,Spain,643,4,58,2021-08-29,0.0,2,0,1,77069.46,31,0.0709,0.0,0,0,
CUST-103717,35,Female,Germany,600,3,40,2023-02-28,109742.56,1,0,0,66171.8,8,0.6342,-0.2536,0,0,
CUST-103718,36,Male,Spain,636,2,33,2023-09-29,0.0,1,1,0,130155.3,14,0.4731,0.0,0,0,
CUST-103719,23,Female,Spain,740,8,104,2017-10-29,70027.47,2,1,1,68876.69,28,0.095,0.0553,0,0,
CUST-103720,54,Male,France,689,2,31,2023-06-30,72999.82,1,1,0,40299.36,5,0.44,0.028,2,1,2026-01-28
CUST-103721,46,Male,Germany,465,4,56,2021-10-29,53590.75,1,0,1,89189.69,28,0.0166,0.0364,1,0,
CUST-103722,27,Male,Germany,444,0,11,2025-07-30,53725.99,2,1,1,191413.52,31,0.0,0.1311,0,0,
CUST-103723,44,Female,Spain,472,0,1,2026-05-30,128611.96,2,1,1,49135.86,19,0.136,-0.1149,0,0,
CUST-103724,45,Female,France,520,3,47,2022-07-30,24372.62,2,1,0,68782.48,14,0.1867,0.1138,0,0,
CUST-103725,63,Female,Spain,578,9,114,2016-12-29,0.0,2,1,1,79965.16,17,0.2592,0.0,1,0,
CUST-103726,31,Female,Spain,607,2,34,2023-08-30,0.0,2,1,1,119880.37,17,0.114,0.0,0,0,
CUST-103727,43,Male,Spain,644,3,43,2022-11-29,0.0,1,1,0,108004.97,8,0.3122,0.0,0,0,
CUST-103728,33,Female,France,647,9,109,2017-05-30,0.0,1,0,1,76540.74,24,0.5254,0.0,1,0,
CUST-103729,32,Male,Germany,645,3,47,2020-01-29,190538.59,2,1,0,56812.85,5,0.9629,-0.3466,0,1,2023-12-29
CUST-103730,59,Female,Spain,760,6,75,2017-07-30,0.0,2,0,0,55253.64,14,0.2342,0.0,0,1,2023-10-30
CUST-103731,50,Female,Spain,489,6,77,2020-01-29,0.0,2,1,1,93206.16,21,0.1286,0.0,2,0,
CUST-103732,27,Male,Spain,682,8,102,2017-12-29,75734.72,2,1,0,48383.69,7,0.3184,-0.1759,0,0,
CUST-103733,26,Male,Germany,682,9,118,2016-08-29,667272.65,2,0,1,33519.06,26,0.2051,-0.1882,0,0,
CUST-103734,44,Female,Germany,529,3,47,2020-08-29,173121.05,1,1,0,63250.91,5,0.6937,-0.205,0,1,2024-07-29
CUST-103735,36,Female,France,701,5,63,2021-03-30,0.0,1,1,1,53936.6,16,0.1222,0.0,1,0,
CUST-103736,30,Female,Spain,686,5,64,2021-02-28,0.0,1,1,1,58145.29,21,0.1661,0.0,0,0,
CUST-103737,45,Male,France,646,2,33,2023-09-29,170637.31,2,1,0,96249.74,7,0.0422,0.0155,0,0,
CUST-103738,43,Male,Germany,418,1,21,2024-09-28,115338.85,1,1,0,75570.54,8,0.3643,-0.072,0,0,
CUST-103739,38,Female,Spain,743,9,108,2017-06-29,26177.0,1,0,1,63154.18,33,0.0,0.167,0,0,
CUST-103740,39,Female,France,672,1,15,2025-03-30,21527.26,1,1,1,37379.59,19,0.2831,0.057,0,0,
CUST-103741,30,Male,France,689,3,41,2023-01-29,0.0,2,0,0,57551.74,8,0.244,0.0,0,0,
CUST-103742,43,Female,France,350,3,47,2022-07-30,70221.82,2,1,1,29491.79,15,0.3576,-0.2707,0,0,
CUST-103743,67,Female,Spain,599,4,49,2020-09-28,206937.07,2,1,1,46904.96,19,0.2599,0.1478,0,1,2024-10-29
CUST-103744,28,Female,Germany,512,2,35,2023-07-30,115736.15,2,0,1,46143.17,31,0.0,0.1505,0,0,
CUST-103745,50,Female,France,774,5,64,2021-02-28,45717.01,1,1,1,72293.58,29,0.2642,0.0902,0,0,
CUST-103746,29,Female,Germany,544,5,62,2021-04-29,85235.48,1,1,1,74173.46,19,0.2009,-0.1535,0,0,
CUST-103747,47,Female,France,792,0,2,2021-02-28,62544.88,1,1,0,62578.72,4,0.6278,-0.2548,0,1,2021-04-29
CUST-103748,36,Male,Spain,741,1,22,2024-08-29,110864.69,1,1,1,38402.86,20,0.4252,-0.1115,0,0,
CUST-103749,47,Male,France,671,5,66,2020-12-29,42875.57,2,0,0,27872.99,5,0.2988,0.0287,0,0,
CUST-103750,28,Female,France,759,7,90,2018-12-29,0.0,2,0,1,150990.17,27,0.1184,0.0,0,0,
CUST-103751,21,Female,France,559,7,90,2018-12-29,77418.04,1,0,0,45162.6,16,0.0249,0.2159,0,0,
CUST-103752,40,Male,Germany,577,9,114,2016-12-29,44298.73,2,1,1,61369.73,11,0.3602,-0.227,1,0,
CUST-103753,49,Female,France,739,5,63,2021-03-30,187406.05,2,1,1,55185.71,26,0.0073,-0.1091,0,0,
CUST-103754,40,Male,Spain,560,1,17,2025-01-28,0.0,1,1,0,115590.19,12,0.2014,0.0,1,0,
CUST-103755,46,Male,France,523,4,53,2022-01-28,108453.36,2,0,1,84504.51,20,0.3912,-0.2191,1,0,
CUST-103756,34,Female,France,619,6,76,2020-02-28,65087.36,1,1,1,48534.15,20,0.1057,0.204,0,0,
CUST-103757,46,Female,France,565,8,100,2018-02-28,100018.05,1,1,1,95592.4,22,0.1468,0.2219,0,0,
CUST-103758,59,Male,France,829,7,85,2018-12-29,0.0,1,1,0,34209.32,9,0.2539,0.0,0,1,2026-01-28
CUST-103759,33,Male,Spain,724,0,11,2025-07-30,106537.16,1,0,0,68106.47,10,0.2549,0.0415,0,0,
CUST-103760,45,Male,France,595,4,59,2021-07-30,0.0,1,0,0,13800.61,10,0.1708,0.0,0,0,
CUST-103761,31,Male,Spain,554,6,81,2019-09-29,61648.1,1,0,1,85541.9,13,0.4091,-0.2925,0,0,
CUST-103762,61,Male,France,683,4,58,2019-06-30,0.0,1,0,1,57000.61,14,0.4549,0.0,0,1,2024-04-29
CUST-103763,27,Male,France,764,8,105,2017-09-29,118514.18,2,1,1,63561.87,26,0.3266,0.0591,0,0,
CUST-103764,42,Male,France,678,2,25,2024-05-30,0.0,1,1,0,139926.25,18,0.304,0.0,0,0,
CUST-103765,38,Female,France,559,4,55,2021-11-28,58490.91,1,1,1,47661.95,18,0.0186,0.1588,0,0,
CUST-103766,34,Female,Spain,512,6,78,2019-12-29,270327.15,2,1,1,48807.09,30,0.0,0.1764,0,0,
CUST-103767,33,Female,Germany,614,2,28,2024-02-28,134279.03,2,1,1,31748.54,23,0.2224,-0.2933,0,0,
CUST-103768,37,Male,France,680,7,86,2019-04-30,32016.3,2,1,0,73901.54,5,0.3931,-0.0191,0,0,
CUST-103769,58,Male,Germany,605,9,113,2017-01-28,435449.95,1,1,1,69333.03,29,0.1507,-0.0076,0,0,
CUST-103770,41,Male,Germany,747,7,88,2019-02-28,110302.27,2,1,1,107458.93,33,0.1182,0.023,1,0,
CUST-103771,25,Female,Spain,701,3,45,2018-11-29,0.0,1,0,0,70592.66,15,0.421,0.0,2,1,2022-08-29
CUST-103772,26,Male,Spain,673,4,54,2021-12-29,287496.95,2,0,1,86534.76,20,0.0,-0.0778,1,0,
CUST-103773,41,Female,Germany,699,2,29,2024-01-29,100233.91,1,1,0,95890.05,8,0.1472,-0.2516,0,0,
CUST-103774,51,Male,Spain,517,3,43,2022-11-29,123707.22,2,0,1,87844.17,25,0.0,0.0368,0,0,
CUST-103775,30,Female,Spain,602,5,66,2020-12-29,26081.27,1,0,0,66982.27,10,0.5661,-0.3858,0,0,
CUST-103776,40,Male,France,550,1,14,2025-04-29,81946.97,2,0,0,96750.65,3,0.4621,-0.3967,1,0,
CUST-103777,52,Male,Germany,687,4,50,2022-04-30,32047.02,2,1,0,102660.21,8,0.2729,-0.0503,1,0,
CUST-103778,42,Female,France,552,1,17,2025-01-28,0.0,1,1,0,124977.45,6,0.3292,0.0,0,0,
CUST-103779,39,Male,Spain,658,9,113,2017-01-28,107455.65,1,0,1,252281.32,24,0.3316,-0.0992,1,0,
CUST-103780,35,Female,Spain,634,5,70,2018-06-30,14645.58,1,1,0,41564.42,6,0.5679,-0.339,2,1,2024-04-29
CUST-103781,36,Male,France,708,8,103,2017-11-28,0.0,1,1,1,95713.6,27,0.1555,0.0,0,0,
CUST-103782,46,Female,Spain,535,2,35,2018-03-30,0.0,1,1,0,71373.34,4,0.7052,0.0,2,1,2021-02-28
CUST-103783,48,Female,Spain,693,1,12,2025-06-29,0.0,2,1,0,80403.11,11,0.273,0.0,1,0,
CUST-103784,48,Male,France,547,5,71,2017-01-28,51104.98,1,1,1,109183.96,21,0.2662,-0.098,0,1,2022-12-29
CUST-103785,32,Female,Germany,557,2,25,2024-05-30,26203.7,1,1,1,81355.25,15,0.0,0.1472,0,0,
CUST-103786,22,Female,Spain,636,7,94,2018-08-29,0.0,1,1,0,40070.07,11,0.2096,0.0,0,0,
CUST-103787,34,Female,Spain,765,2,34,2019-08-30,58866.63,1,1,0,54047.34,4,0.7192,-0.2305,2,1,2022-06-30
CUST-103788,49,Male,France,569,3,45,2017-07-30,216285.29,1,0,0,98669.99,6,0.5699,-0.3438,0,1,2021-04-29
CUST-103789,63,Male,France,479,0,4,2026-02-28,30812.33,2,1,0,46998.26,8,0.0,-0.0153,0,0,
CUST-103790,29,Female,Germany,559,1,18,2024-12-29,103026.03,1,0,1,39270.73,36,0.125,0.115,0,0,
CUST-103791,45,Male,France,613,5,71,2020-07-29,45099.23,2,1,1,60922.93,27,0.0,-0.0479,0,0,
CUST-103792,32,Female,France,829,1,15,2025-03-30,0.0,2,1,0,32514.27,14,0.2699,0.0,1,0,
CUST-103793,57,Male,France,687,0,3,2018-12-29,67693.47,3,1,0,47344.66,6,0.7398,-0.4488,0,1,2019-03-30
CUST-103794,49,Female,France,578,0,10,2021-02-28,0.0,1,0,0,209147.36,6,0.4393,0.0,0,1,2021-12-29
CUST-103795,42,Male,Germany,636,1,16,2025-02-28,110811.5,1,1,1,53299.09,20,0.1933,0.0142,1,0,
CUST-103796,42,Female,Germany,801,7,90,2016-12-29,220431.24,1,1,1,88871.43,17,0.6633,-0.3199,1,1,2024-06-29
CUST-103797,55,Male,Germany,627,3,41,2023-01-29,81460.2,1,1,1,45734.63,23,0.0483,0.3094,0,0,
CUST-103798,25,Male,Spain,628,8,105,2017-09-29,42394.42,2,1,1,101770.07,22,0.0,0.068,0,0,
CUST-103799,37,Male,France,611,0,10,2025-08-29,0.0,2,1,1,62320.54,32,0.1343,0.0,0,0,
CUST-103800,28,Female,France,717,0,3,2026-03-30,0.0,2,1,0,111193.15,9,0.4598,0.0,0,0,
CUST-103801,42,Male,France,600,0,3,2026-03-30,71121.88,2,1,0,60286.33,11,0.1718,-0.1185,0,0,
CUST-103802,40,Female,France,734,0,2,2017-07-30,0.0,1,0,0,55659.84,6,0.7241,0.0,1,1,2017-09-29
CUST-103803,41,Male,France,752,6,72,2020-06-29,47966.37,1,1,1,66226.83,32,0.1318,0.0769,0,0,
CUST-103804,28,Female,France,709,1,19,2024-11-28,0.0,1,1,0,72175.77,7,0.1258,0.0,0,0,
CUST-103805,52,Female,France,628,4,51,2022-03-30,0.0,2,0,1,81642.46,21,0.1875,0.0,1,0,
CUST-103806,47,Male,France,516,9,111,2017-03-30,0.0,2,0,1,49134.68,19,0.4014,0.0,1,0,
CUST-103807,34,Male,Germany,628,2,32,2018-03-30,107984.02,1,1,1,43925.68,28,0.2294,0.0024,0,1,2020-11-28
CUST-103808,48,Male,Germany,586,3,40,2020-06-29,91003.66,2,1,0,33089.04,5,0.4739,-0.3011,0,1,2023-10-30
CUST-103809,23,Female,Spain,575,1,17,2025-01-28,58093.33,2,1,1,52121.42,25,0.2806,-0.1451,0,0,
CUST-103810,29,Female,Spain,627,5,67,2020-11-28,131892.62,2,1,0,28389.9,11,0.2616,0.2497,0,0,
CUST-103811,37,Male,Germany,696,1,23,2024-07-29,62705.5,1,1,0,35613.59,7,0.24,-0.033,0,0,
CUST-103812,35,Female,France,590,3,37,2023-05-30,0.0,2,1,1,63000.79,17,0.0603,0.0,0,0,
CUST-103813,56,Female,Germany,518,8,101,2018-01-28,277427.07,2,1,1,99279.65,24,0.0219,0.0654,0,0,
CUST-103814,46,Female,France,558,2,28,2018-04-30,104981.89,1,1,0,59773.45,13,0.2185,-0.313,0,1,2020-08-29
CUST-103815,60,Male,France,812,1,17,2022-04-30,184459.66,1,0,0,215336.96,3,0.0962,-0.1532,1,1,2023-09-29
CUST-103816,27,Female,France,703,2,25,2024-05-30,0.0,1,1,1,85080.17,32,0.0,0.0,2,0,
CUST-103817,35,Male,France,558,6,83,2019-07-30,0.0,1,0,0,80526.52,11,0.2314,0.0,0,0,
CUST-103818,28,Female,France,774,6,72,2020-06-29,21654.03,2,0,1,38634.7,27,0.0,-0.0174,0,0,
CUST-103819,42,Male,Germany,627,5,65,2021-01-28,95600.51,2,0,0,99138.83,6,0.3236,0.0601,0,0,
CUST-103820,27,Female,Spain,850,4,53,2019-12-29,46210.01,3,1,0,98858.03,7,0.55,-0.3342,2,1,2024-05-30
CUST-103821,40,Female,Spain,675,8,100,2018-02-28,0.0,1,1,1,42751.09,24,0.0,0.0,0,0,
CUST-103822,23,Female,Germany,704,1,23,2024-07-29,93844.91,2,0,0,73578.71,7,0.158,0.0033,0,0,
CUST-103823,31,Male,Germany,730,1,21,2024-09-28,65278.9,1,0,0,167021.95,12,0.1045,0.018,1,0,
CUST-103824,48,Female,France,793,1,15,2020-05-30,66147.33,1,1,0,83122.86,11,0.3164,-0.1458,0,1,2021-08-29
CUST-103825,38,Male,Germany,608,6,72,2020-06-29,15178.77,2,1,1,114910.39,30,0.0271,-0.075,1,0,
CUST-103826,26,Female,Germany,784,6,77,2020-01-29,178464.9,2,1,1,59779.13,23,0.0,0.0569,1,0,
CUST-103827,51,Male,France,590,2,33,2023-03-30,265127.15,3,1,1,27421.6,14,0.738,-0.5922,1,1,2025-12-29
CUST-103828,51,Female,France,615,3,47,2022-07-30,164215.07,1,0,0,93815.87,8,0.3136,-0.188,0,0,
CUST-103829,47,Male,Spain,651,9,110,2017-04-29,0.0,2,1,1,66016.27,38,0.3467,0.0,1,0,
CUST-103830,33,Male,Germany,738,3,43,2018-12-29,43923.15,1,0,0,82218.42,4,0.7454,-0.495,1,1,2022-07-30
CUST-103831,44,Male,France,618,7,88,2019-02-28,0.0,2,1,0,73907.77,7,0.3028,0.0,1,0,
CUST-103832,52,Male,Germany,808,0,4,2020-03-30,64569.51,1,0,0,46739.19,6,0.1666,0.0778,0,1,2020-07-29
CUST-103833,36,Male,France,777,0,1,2026-05-30,0.0,1,0,0,74563.82,8,0.4848,0.0,2,0,
CUST-103834,37,Female,France,654,5,61,2020-01-29,15916.72,3,1,0,50779.9,5,0.5567,-0.1266,0,1,2025-02-28
CUST-103835,39,Female,France,557,9,113,2017-01-28,0.0,1,0,0,40870.03,5,0.3228,0.0,0,0,
CUST-103836,48,Female,France,746,3,45,2022-09-29,0.0,2,1,1,110729.36,28,0.1599,0.0,0,0,
CUST-103837,40,Female,Germany,449,5,71,2018-04-30,53494.44,1,1,1,45232.7,8,0.7047,-0.4718,3,1,2024-03-30
CUST-103838,45,Male,France,721,9,114,2016-12-29,128293.32,2,1,1,66368.81,21,0.0729,0.139,0,0,
CUST-103839,36,Male,Spain,571,3,44,2022-10-29,0.0,2,0,1,44167.23,29,0.109,0.0,0,0,
CUST-103840,36,Male,France,771,1,15,2025-03-30,225755.94,1,1,0,159490.25,7,0.0936,-0.0273,0,0,
CUST-103841,46,Male,Germany,517,1,15,2024-03-30,105545.23,1,1,0,94252.2,11,0.0969,-0.2258,0,1,2025-06-29
CUST-103842,32,Female,Germany,586,8,107,2017-07-30,144093.44,2,1,0,41665.81,6,0.3301,-0.3073,0,0,
CUST-103843,29,Female,Germany,692,6,81,2019-09-29,20566.78,1,0,1,72231.87,19,0.178,0.2435,0,0,
CUST-103844,32,Female,Germany,708,4,58,2018-02-28,81647.88,1,1,0,72967.96,7,0.289,0.1742,0,1,2022-12-29
CUST-103845,35,Female,Spain,590,2,31,2023-05-30,57745.47,1,1,0,76370.14,4,0.3383,-0.0038,0,1,2025-12-29
CUST-103846,38,Male,Germany,618,2,28,2024-02-28,263427.42,1,0,0,51233.01,8,0.4056,-0.3323,0,0,
CUST-103847,33,Female,Germany,741,1,19,2024-11-28,56863.9,1,0,1,49714.19,20,0.2178,-0.0976,0,0,
CUST-103848,34,Male,Germany,747,0,1,2026-05-30,72108.39,1,0,0,162428.22,3,0.1365,0.1294,0,0,
CUST-103849,42,Female,France,616,8,99,2017-08-29,0.0,1,1,0,43979.51,9,0.0638,0.0,0,1,2025-11-28
CUST-103850,31,Male,France,592,0,9,2017-10-29,0.0,3,1,0,40564.83,5,0.6431,0.0,0,1,2018-07-30
CUST-103851,47,Male,France,519,3,46,2020-09-28,0.0,1,1,0,26375.46,5,0.7166,0.0,2,1,2024-07-29
CUST-103852,30,Male,France,674,2,26,2024-04-29,0.0,1,0,0,62624.55,11,0.3996,0.0,0,0,
CUST-103853,38,Male,France,728,5,67,2020-11-28,243868.58,2,0,1,35422.18,33,0.0136,0.1152,0,0,
CUST-103854,37,Male,France,665,1,16,2025-02-28,0.0,2,1,1,241168.53,27,0.1094,0.0,0,0,
CUST-103855,56,Male,Germany,561,1,22,2024-08-29,53196.1,1,0,0,34049.4,11,0.2618,-0.1325,1,0,
CUST-103856,36,Female,France,822,5,69,2018-09-29,46381.51,1,1,0,47168.48,3,0.8938,-0.4064,1,1,2024-06-29
CUST-103857,49,Female,Spain,448,1,20,2024-10-29,160249.33,1,0,1,237866.11,24,0.0285,-0.0242,0,0,
CUST-103858,46,Male,France,734,1,18,2020-02-28,24058.86,3,1,1,130370.75,25,0.1059,-0.0571,2,1,2021-08-29
CUST-103859,33,Male,Germany,671,5,61,2021-05-30,51777.23,2,0,0,26347.15,10,0.0574,0.0359,0,0,
CUST-103860,54,Female,France,695,6,76,2020-02-28,79514.46,1,1,0,72424.37,15,0.2671,0.1196,0,0,
CUST-103861,33,Male,France,574,9,117,2016-09-28,0.0,1,1,1,82010.48,27,0.0696,0.0,0,0,
CUST-103862,35,Female,France,635,2,30,2023-12-29,0.0,2,1,1,41836.86,35,0.0521,0.0,0,0,
CUST-103863,43,Male,Germany,678,5,71,2020-07-29,217537.86,2,1,1,100875.96,23,0.0,0.031,0,0,
CUST-103864,34,Male,France,642,9,116,2016-10-29,70876.51,1,1,1,32873.29,13,0.4045,-0.1456,2,0,
CUST-103865,27,Male,Spain,478,9,113,2016-08-29,0.0,2,1,1,28074.34,22,0.0365,0.0,0,1,2026-01-28
CUST-103866,35,Male,France,814,8,106,2017-08-29,0.0,2,1,1,121120.63,24,0.0,0.0,0,0,
CUST-103867,35,Female,Germany,712,4,52,2022-02-28,70499.61,1,1,1,98256.6,27,0.0319,0.1686,0,0,
CUST-103868,30,Female,France,653,0,11,2025-07-30,0.0,1,1,0,197461.24,18,0.2127,0.0,0,0,
CUST-103869,38,Male,Germany,660,1,23,2018-01-28,287077.37,1,0,0,67595.18,8,0.4877,-0.2775,1,1,2019-12-29
CUST-103870,38,Female,France,812,9,115,2016-11-28,0.0,2,0,0,168942.48,12,0.3236,0.0,0,0,
CUST-103871,42,Male,France,579,8,107,2017-07-30,366624.05,2,1,0,52638.3,10,0.3716,0.1468,0,0,
CUST-103872,29,Male,France,557,3,41,2023-01-29,0.0,2,0,1,134724.58,15,0.1811,0.0,0,0,
CUST-103873,29,Female,France,732,0,11,2025-07-30,0.0,2,1,1,199881.36,29,0.0,0.0,1,0,
CUST-103874,48,Female,France,694,9,116,2016-10-29,55654.0,2,1,1,43298.77,24,0.1551,0.2848,0,0,
CUST-103875,30,Male,Spain,553,2,34,2023-08-30,0.0,1,0,0,26763.91,13,0.1099,0.0,0,0,
CUST-103876,41,Male,France,755,4,52,2022-02-28,0.0,1,1,1,80899.04,36,0.108,0.0,1,0,
CUST-103877,36,Male,France,678,3,42,2022-12-29,0.0,1,1,0,79806.14,16,0.2458,0.0,0,0,
CUST-103878,31,Male,Spain,564,4,54,2021-12-29,85142.6,1,0,0,65652.87,11,0.0,0.0696,0,0,
CUST-103879,55,Female,France,697,5,64,2021-02-28,135006.43,2,0,0,121953.71,7,0.2444,-0.123,1,0,
CUST-103880,38,Male,France,683,2,24,2024-06-29,155641.53,2,1,0,38608.83,12,0.1208,0.0763,0,0,
CUST-103881,33,Female,Germany,642,1,14,2020-07-29,113169.6,1,1,0,66992.6,6,0.7673,-0.4837,2,1,2021-09-29
CUST-103882,26,Male,Spain,687,2,28,2024-02-28,61365.9,2,0,0,46824.4,9,0.1298,-0.3372,0,0,
CUST-103883,45,Male,Germany,710,1,16,2023-07-30,169279.95,1,0,1,175588.66,11,0.4163,-0.3011,1,1,2024-11-28
CUST-103884,30,Male,France,738,2,28,2024-02-28,71372.99,2,1,0,109683.39,5,0.3337,0.2391,1,0,
CUST-103885,54,Male,Spain,660,7,89,2019-01-29,0.0,2,1,0,48515.21,7,0.2557,0.0,1,0,
CUST-103886,37,Female,France,624,2,25,2019-12-29,0.0,1,1,0,73462.32,3,0.5839,0.0,1,1,2022-01-28
CUST-103887,78,Female,Spain,673,1,16,2020-06-29,0.0,2,1,0,65162.81,4,0.7011,0.0,1,1,2021-10-29
CUST-103888,35,Female,Spain,764,3,44,2019-11-29,37490.61,1,0,0,34706.59,3,0.8042,-0.2751,0,1,2023-07-30
CUST-103889,30,Female,Spain,710,0,2,2026-04-30,0.0,1,1,0,171757.77,15,0.3201,0.0,0,0,
CUST-103890,38,Male,France,619,4,56,2021-10-29,0.0,1,0,0,56622.66,4,0.0013,0.0,0,0,
CUST-103891,32,Female,France,655,6,82,2019-08-30,101704.44,1,1,1,391795.09,21,0.2418,-0.1715,1,0,
CUST-103892,24,Female,Germany,810,3,47,2022-07-30,556544.27,2,1,1,73166.84,21,0.089,-0.1076,0,0,
CUST-103893,48,Female,Germany,722,6,81,2019-09-29,81647.0,2,1,1,142634.48,21,0.106,-0.0415,0,0,
CUST-103894,41,Male,Germany,665,5,63,2021-03-30,45666.42,2,0,1,72975.66,11,0.282,-0.0898,1,0,
CUST-103895,31,Male,Spain,759,4,59,2021-07-30,27813.29,1,1,1,85088.65,25,0.0,0.0647,1,0,
CUST-103896,29,Female,Germany,598,4,51,2022-03-30,20050.61,1,0,1,57150.06,20,0.0392,-0.0865,1,0,
CUST-103897,29,Male,France,682,1,14,2025-04-29,303407.8,1,1,1,26750.77,17,0.0,-0.0299,0,0,
CUST-103898,38,Male,France,830,1,18,2024-12-29,0.0,1,0,0,180084.0,8,0.4285,0.0,0,0,
CUST-103899,66,Male,France,713,4,55,2020-09-28,0.0,2,1,0,51362.97,2,0.7647,0.0,1,1,2025-04-29
CUST-103900,36,Female,France,806,9,115,2016-09-28,0.0,1,0,0,160924.12,7,0.5348,0.0,0,1,2026-04-30
CUST-103901,26,Male,France,642,8,104,2017-10-29,55236.9,1,1,0,227253.13,10,0.2563,-0.2303,0,0,
CUST-103902,30,Female,Spain,604,6,78,2019-12-29,0.0,2,0,0,50115.87,13,0.287,0.0,0,0,
CUST-103903,39,Female,Germany,761,9,116,2016-10-29,248316.93,2,1,1,45194.29,14,0.3935,-0.2197,0,0,
CUST-103904,31,Male,Germany,474,2,24,2024-06-29,105531.21,2,1,0,52214.06,6,0.4494,0.1167,0,0,
CUST-103905,28,Male,France,667,4,59,2021-07-30,177209.69,3,1,0,25163.65,11,0.4064,-0.0317,0,0,
CUST-103906,36,Female,Germany,749,2,29,2024-01-29,552362.32,1,1,0,86998.79,14,0.1149,0.0472,0,0,
CUST-103907,30,Male,Spain,704,8,105,2017-09-29,46722.06,2,1,0,146651.45,3,0.3997,-0.4664,3,0,
CUST-103908,40,Male,Spain,448,9,108,2017-06-29,106073.58,2,0,1,42742.56,25,0.0718,-0.2125,0,0,
CUST-103909,40,Male,Germany,521,4,48,2022-06-30,28945.06,2,1,0,93143.98,12,0.171,-0.1633,0,0,
CUST-103910,43,Male,Spain,639,1,23,2024-07-29,301813.26,2,1,1,63520.96,31,0.0435,-0.0224,0,0,
CUST-103911,45,Female,Germany,696,0,6,2025-06-29,74737.35,2,1,0,63745.48,2,0.8201,-0.4973,0,1,2025-12-29
CUST-103912,31,Male,France,699,6,77,2020-01-29,0.0,1,0,1,71190.51,30,0.3237,0.0,1,0,
CUST-103913,48,Female,Spain,649,0,11,2025-07-30,0.0,2,1,1,86355.88,27,0.1707,0.0,0,0,
CUST-103914,34,Male,France,720,6,73,2020-05-30,0.0,1,1,0,50653.96,7,0.347,0.0,0,0,
CUST-103915,24,Female,France,692,3,45,2022-09-29,0.0,2,1,0,72409.67,6,0.2047,0.0,1,0,
CUST-103916,46,Female,France,638,5,62,2021-04-29,81318.28,2,1,1,51682.09,28,0.1488,-0.0979,0,0,
CUST-103917,55,Male,Germany,702,4,55,2019-01-29,130822.38,1,1,0,77193.51,2,0.7277,-0.2648,1,1,2023-08-30
CUST-103918,35,Female,Germany,588,1,13,2025-05-30,138252.6,2,1,1,43404.28,9,0.3623,-0.1785,0,1,2026-06-30
CUST-103919,49,Male,Germany,711,3,40,2023-02-28,682364.73,1,0,1,118628.07,19,0.1968,-0.0992,2,0,
CUST-103920,36,Female,France,569,2,25,2016-12-29,0.0,1,1,1,59387.9,16,0.4776,0.0,0,1,2019-01-29
CUST-103921,32,Female,France,697,8,99,2018-03-30,40713.93,2,0,0,36186.14,11,0.1824,0.0116,0,0,
CUST-103922,36,Male,Spain,694,0,10,2025-08-29,0.0,1,1,0,63936.35,7,0.2884,0.0,0,0,
CUST-103923,37,Male,France,621,8,101,2018-01-28,0.0,2,1,0,69082.23,10,0.1222,0.0,1,0,
CUST-103924,39,Female,Spain,711,7,92,2018-10-29,0.0,2,0,0,54969.85,4,0.1968,0.0,0,0,
CUST-103925,35,Female,France,798,7,95,2016-10-29,0.0,1,0,0,29652.62,8,0.576,0.0,0,1,2024-09-28
CUST-103926,46,Male,Germany,552,6,82,2019-08-30,327555.67,2,1,0,66995.14,8,0.5233,0.0204,0,0,
CUST-103927,43,Male,Germany,742,3,36,2023-06-30,94602.71,1,1,0,78680.17,11,0.3901,-0.1138,0,0,
CUST-103928,29,Male,Spain,754,3,44,2022-10-29,252452.08,2,1,1,90786.69,27,0.2941,-0.099,1,0,
CUST-103929,33,Female,France,630,3,47,2016-10-29,0.0,1,1,0,125659.08,4,0.6458,0.0,1,1,2020-09-28
CUST-103930,45,Female,Spain,727,9,113,2017-01-28,244276.19,1,0,0,94779.69,12,0.2275,0.2754,0,0,
CUST-103931,36,Female,Germany,626,6,74,2017-02-28,103690.19,2,0,1,86267.12,8,0.4036,-0.3264,0,1,2023-04-30
CUST-103932,31,Female,Germany,771,2,24,2024-06-29,57139.89,1,1,1,98410.23,20,0.2322,-0.0849,0,0,
CUST-103933,36,Female,Germany,387,0,9,2025-09-29,57875.12,2,1,1,52697.22,19,0.1096,-0.0683,1,0,
CUST-103934,27,Male,France,789,6,81,2018-08-29,0.0,1,0,0,120291.92,9,0.1041,0.0,0,1,2025-05-30
CUST-103935,53,Female,France,543,0,4,2026-02-28,45200.5,2,0,1,68995.33,33,0.0,0.1499,0,0,
CUST-103936,38,Male,France,659,8,107,2017-07-30,47114.51,2,0,1,64823.53,31,0.1995,-0.0638,0,0,
CUST-103937,32,Female,France,572,3,47,2022-07-30,320248.15,2,0,0,36253.99,8,0.1835,-0.0991,0,0,
CUST-103938,26,Male,Germany,794,2,30,2023-12-29,111890.0,1,1,1,91786.85,30,0.0,0.0413,0,0,
CUST-103939,61,Female,France,628,3,45,2019-09-29,130898.79,2,1,0,86642.91,8,0.5297,-0.2195,0,1,2023-06-30
CUST-103940,26,Female,France,598,8,97,2018-05-30,38576.11,2,1,0,108369.36,2,0.6371,0.0019,1,1,2026-06-30
CUST-103941,41,Female,France,758,4,56,2016-07-29,0.0,2,1,0,33610.22,4,0.657,0.0,2,1,2021-03-30
CUST-103942,35,Male,France,720,2,34,2023-08-30,0.0,2,1,1,106896.24,15,0.5791,0.0,1,0,
CUST-103943,36,Female,France,618,8,100,2018-02-28,114975.9,2,1,0,65274.92,6,0.2409,-0.2548,0,0,
CUST-103944,37,Male,Germany,555,2,34,2023-08-30,86034.03,1,1,1,43972.78,31,0.2021,-0.0976,0,0,
CUST-103945,33,Male,France,542,3,39,2021-11-28,67362.81,2,0,0,55828.16,12,0.2097,-0.1133,0,1,2025-02-28
CUST-103946,37,Female,Spain,772,3,43,2018-06-30,0.0,2,0,0,45947.17,7,0.0281,0.0,0,1,2022-01-28
CUST-103947,39,Female,France,690,6,74,2020-04-29,46672.75,2,1,0,86285.23,6,0.2219,-0.0734,0,0,
CUST-103948,44,Male,France,667,3,47,2022-07-30,0.0,2,1,0,56664.21,9,0.2655,0.0,0,0,
CUST-103949,43,Female,Spain,697,7,95,2016-09-28,51280.8,1,0,0,68798.14,14,0.2415,0.0044,0,1,2024-08-29
CUST-103950,29,Male,France,463,5,63,2021-03-30,62413.85,1,0,0,55683.21,4,0.5246,-0.123,0,0,
CUST-103951,31,Female,France,619,3,37,2023-05-30,126604.72,1,0,1,67168.57,15,0.588,-0.0611,1,0,
CUST-103952,48,Female,Spain,621,5,63,2021-03-30,270410.67,2,0,1,38531.78,26,0.0395,-0.1395,0,0,
CUST-103953,33,Female,Spain,744,0,6,2025-12-29,0.0,1,1,0,23841.99,13,0.1769,0.0,0,0,
CUST-103954,41,Female,Germany,509,9,113,2017-01-28,51729.87,2,0,0,310887.01,9,0.2275,-0.0792,0,0,
CUST-103955,51,Female,France,751,3,46,2017-04-29,0.0,1,1,1,73471.66,21,0.2868,0.0,3,1,2021-02-28
CUST-103956,38,Female,Germany,822,8,101,2018-01-28,22383.43,2,1,0,364887.29,16,0.2819,-0.121,0,0,
CUST-103957,29,Male,Spain,485,7,92,2018-10-29,0.0,1,1,1,69057.08,38,0.0,0.0,0,0,
CUST-103958,29,Male,Spain,652,2,31,2023-11-29,156787.17,1,0,1,70774.51,25,0.2133,0.058,1,0,
CUST-103959,35,Female,France,698,8,100,2018-02-28,0.0,2,1,1,61221.39,26,0.1216,0.0,1,0,
CUST-103960,35,Male,France,734,1,19,2024-11-28,0.0,2,1,1,97910.44,35,0.0132,0.0,0,0,
CUST-103961,28,Female,France,442,3,37,2021-11-28,53531.65,1,0,1,75879.22,1,0.7521,-0.7115,0,1,2024-12-29
CUST-103962,30,Male,France,682,0,6,2025-12-29,0.0,2,1,0,34275.92,13,0.2115,0.0,1,0,
CUST-103963,43,Female,Germany,629,2,25,2018-11-29,34013.47,1,0,1,40147.76,6,0.6386,-0.2841,2,1,2020-12-29
CUST-103964,48,Male,France,623,4,52,2022-02-28,77259.25,2,0,0,36781.61,4,0.192,-0.1824,0,0,
CUST-103965,34,Female,France,849,0,11,2025-07-30,58682.83,1,1,0,76096.9,12,0.1229,0.1128,0,0,
CUST-103966,21,Female,France,629,9,113,2017-01-28,0.0,1,1,1,78029.46,21,0.1893,0.0,0,0,
CUST-103967,42,Male,France,693,2,28,2024-02-28,63577.14,2,1,0,76034.92,12,0.1735,-0.2747,0,0,
CUST-103968,25,Female,France,638,0,9,2020-09-28,0.0,3,0,1,48243.43,12,0.5982,0.0,2,1,2021-06-29
CUST-103969,27,Male,France,673,9,109,2017-05-30,22111.69,1,0,0,36717.68,13,0.0261,-0.1112,1,0,
CUST-103970,35,Female,France,703,4,49,2022-05-30,135588.2,1,1,1,133724.85,26,0.3069,0.2825,0,0,
CUST-103971,52,Female,Spain,736,2,30,2018-12-29,0.0,2,1,0,79908.07,5,0.4498,0.0,0,1,2021-06-29
CUST-103972,45,Male,France,575,1,20,2019-12-29,78780.49,3,1,1,98176.4,36,0.1822,0.1644,0,1,2021-08-29
CUST-103973,43,Male,Germany,665,3,39,2023-03-30,222295.09,1,1,1,120811.19,24,0.0383,-0.1486,0,0,
CUST-103974,35,Male,France,668,4,54,2021-12-29,0.0,2,1,1,23137.86,43,0.4396,0.0,0,0,
CUST-103975,28,Male,France,492,6,76,2020-02-28,228699.9,1,0,1,73816.19,30,0.1363,0.0593,0,0,
CUST-103976,49,Female,France,558,5,62,2021-04-29,38872.36,1,1,1,131910.78,33,0.1486,0.3322,0,0,
CUST-103977,28,Male,France,736,9,110,2017-04-29,0.0,1,1,0,36158.48,10,0.317,0.0,0,0,
CUST-103978,40,Female,France,606,7,84,2019-06-30,44708.11,2,1,0,38275.29,9,0.1173,-0.0859,1,0,
CUST-103979,38,Female,France,850,3,47,2022-07-30,281484.37,2,1,1,37825.44,32,0.1652,0.0576,0,0,
CUST-103980,27,Female,Germany,742,8,107,2017-07-30,43718.84,2,1,1,30712.3,21,0.1013,-0.1294,0,0,
CUST-103981,25,Female,France,693,9,118,2016-08-29,39417.17,1,1,1,97714.28,22,0.1095,0.1734,1,0,
CUST-103982,43,Male,France,795,4,57,2021-09-29,237719.25,1,1,1,78890.61,13,0.0,-0.1546,0,0,
CUST-103983,37,Female,Germany,724,6,80,2019-10-30,31544.06,2,0,0,35726.94,2,0.3039,-0.0223,0,0,
CUST-103984,49,Female,France,668,3,42,2022-12-29,44390.18,2,1,1,25877.43,34,0.0168,0.0238,0,0,
CUST-103985,40,Female,France,514,0,9,2025-09-29,0.0,1,0,0,44231.49,6,0.0005,0.0,0,0,
CUST-103986,39,Male,France,714,9,112,2017-02-28,103067.66,2,1,1,127849.99,31,0.2689,-0.0473,0,0,
CUST-103987,24,Male,France,784,5,67,2020-11-28,0.0,1,1,0,36985.09,13,0.3972,0.0,0,0,
CUST-103988,38,Female,France,593,8,105,2017-09-29,78550.23,2,1,0,26880.35,6,0.3406,-0.11,0,0,
CUST-103989,36,Female,Spain,475,3,37,2023-05-30,360537.15,2,0,0,64322.83,14,0.2678,-0.1918,3,0,
CUST-103990,40,Male,Spain,547,8,100,2018-02-28,38272.24,1,1,0,35441.17,9,0.1806,-0.0799,0,0,
CUST-103991,36,Female,Spain,819,4,48,2022-06-30,86180.69,2,1,0,174091.14,22,0.0188,-0.3108,0,0,
CUST-103992,36,Male,France,658,1,23,2024-07-29,68120.43,1,1,1,74192.86,23,0.1674,0.0949,1,0,
CUST-103993,35,Female,France,790,7,92,2016-06-29,191912.21,1,0,0,55287.73,13,0.1265,-0.2327,0,1,2024-02-28
CUST-103994,31,Male,France,652,8,97,2018-05-30,32146.7,2,0,0,55762.24,11,0.0,-0.087,0,0,
CUST-103995,43,Male,France,602,3,42,2022-12-29,50033.79,2,0,0,49041.45,13,0.1432,-0.1102,0,0,
CUST-103996,76,Male,France,850,5,62,2021-04-29,0.0,1,1,1,51778.52,16,0.0936,0.0,0,0,
CUST-103997,28,Male,France,614,0,2,2026-04-30,0.0,1,0,1,256509.75,29,0.1788,0.0,0,0,
CUST-103998,29,Male,France,626,1,21,2024-09-28,0.0,2,1,0,115178.25,11,0.2563,0.0,0,0,
CUST-103999,43,Male,France,694,2,33,2022-12-29,0.0,1,1,1,60187.88,18,0.0,0.0,1,1,2025-09-29
CUST-104000,34,Male,France,622,9,111,2017-03-30,0.0,2,1,0,76390.69,14,0.1917,0.0,0,0,
CUST-104001,33,Female,Germany,725,5,64,2017-07-30,20880.93,1,1,0,44906.3,3,0.8598,-0.2261,1,1,2022-11-29
CUST-104002,25,Female,France,693,0,7,2025-11-28,0.0,3,0,1,117626.45,16,0.4707,0.0,1,0,
CUST-104003,30,Female,Spain,697,4,58,2021-08-29,70411.36,1,1,0,12000.0,9,0.2943,0.1671,0,0,
CUST-104004,29,Male,France,591,3,43,2022-11-29,34321.7,2,1,0,48429.9,15,0.4287,-0.2025,0,0,
CUST-104005,25,Male,Germany,490,2,24,2024-06-29,42300.6,2,1,1,36705.38,27,0.1741,-0.1817,1,0,
CUST-104006,47,Female,France,570,1,12,2017-08-29,353758.82,3,1,0,107646.69,17,0.1441,-0.0431,1,1,2018-08-29
CUST-104007,38,Female,France,579,8,107,2017-07-30,163471.11,1,0,0,65037.98,8,0.4682,-0.2223,1,0,
CUST-104008,73,Female,France,678,9,114,2016-12-29,0.0,1,1,1,24802.3,40,0.1858,0.0,0,0,
CUST-104009,39,Female,France,572,7,85,2019-05-30,144365.38,1,0,1,60650.25,27,0.1115,0.0411,0,0,
CUST-104010,28,Female,Germany,509,9,117,2016-09-28,136448.93,2,1,0,63700.38,13,0.0108,0.1097,1,0,
CUST-104011,40,Female,France,540,0,1,2026-05-30,45826.04,1,1,0,144163.72,3,0.1358,-0.1353,0,0,
CUST-104012,42,Male,France,687,2,26,2023-02-28,126963.22,2,1,0,74398.91,6,0.2305,0.1962,0,1,2025-04-29
CUST-104013,32,Female,Spain,716,9,112,2017-01-28,59139.23,1,0,0,62132.29,10,0.6418,-0.2203,0,1,2026-05-30
CUST-104014,42,Female,France,601,6,81,2019-09-29,0.0,2,0,0,65485.97,11,0.3219,0.0,0,0,
CUST-104015,42,Female,Germany,612,4,59,2021-07-30,59989.39,2,1,1,18004.94,24,0.0082,-0.0096,1,0,
CUST-104016,30,Male,Germany,709,3,36,2023-06-30,36180.38,1,1,0,40349.48,9,0.255,-0.0516,1,0,
CUST-104017,44,Male,France,666,6,75,2017-03-30,52672.88,2,1,0,21397.41,11,0.4526,-0.1974,1,1,2023-06-30
CUST-104018,39,Male,France,764,1,23,2019-01-29,0.0,1,1,0,192124.91,3,0.6813,0.0,1,1,2020-12-29
CUST-104019,37,Male,France,635,3,45,2018-12-29,129844.63,2,1,0,48529.55,3,0.6615,-0.3996,0,1,2022-09-29
CUST-104020,38,Female,Germany,570,6,74,2020-04-29,117217.23,2,0,1,90407.56,29,0.3909,-0.0303,0,0,
CUST-104021,28,Female,France,754,3,47,2022-07-30,0.0,1,0,1,36049.37,37,0.0284,0.0,0,0,
CUST-104022,53,Male,France,620,7,95,2018-07-30,0.0,1,1,0,50917.14,7,0.3625,0.0,0,0,
CUST-104023,34,Female,France,574,3,40,2023-02-28,46156.0,2,1,0,52519.34,8,0.0266,-0.1119,0,0,
CUST-104024,33,Male,Spain,736,6,76,2020-02-28,220782.57,2,1,0,84148.53,6,0.2601,-0.1492,0,0,
CUST-104025,40,Female,Spain,789,10,120,2016-06-29,0.0,2,1,0,57926.83,11,0.2671,0.0,0,0,
CUST-104026,69,Male,Spain,668,1,21,2024-09-28,0.0,1,1,1,43878.22,23,0.2019,0.0,1,0,
CUST-104027,44,Male,Germany,554,3,42,2017-04-29,111298.03,1,1,0,20257.52,8,0.5719,-0.3674,0,1,2020-10-29
CUST-104028,34,Female,Germany,797,1,14,2025-04-29,479526.14,1,1,0,213871.76,10,0.2089,-0.151,1,0,
CUST-104029,40,Female,France,686,0,2,2026-04-30,62327.23,1,1,1,47022.66,19,0.227,0.0914,0,0,
CUST-104030,40,Female,Spain,671,3,37,2022-01-28,0.0,3,1,1,50506.75,10,0.5359,0.0,1,1,2025-02-28
CUST-104031,37,Male,Germany,611,1,19,2018-07-30,51663.46,2,1,0,45494.71,10,0.2415,-0.0178,0,1,2020-02-28
CUST-104032,28,Female,France,758,8,97,2018-05-30,16068.75,1,0,1,135376.03,21,0.0724,-0.1194,0,0,
CUST-104033,45,Male,Germany,544,4,55,2021-11-28,54595.6,1,0,1,43439.51,39,0.1813,0.0723,1,0,
CUST-104034,20,Male,Germany,534,1,21,2024-09-28,118462.77,2,1,0,47889.34,12,0.3876,-0.3124,0,0,
CUST-104035,33,Female,France,832,9,119,2016-07-29,0.0,1,1,0,70151.09,5,0.2672,0.0,0,0,
CUST-104036,31,Female,France,567,5,71,2020-07-29,130800.39,2,1,0,122305.54,10,0.2729,-0.1585,0,0,
CUST-104037,34,Female,France,742,2,26,2024-04-29,0.0,2,1,1,62110.12,19,0.1572,0.0,0,0,
CUST-104038,48,Male,Spain,782,5,70,2020-08-29,0.0,2,1,0,64365.87,5,0.3726,0.0,1,0,
CUST-104039,33,Female,France,670,3,36,2023-06-30,74984.48,1,0,1,58767.83,48,0.1323,0.0002,0,0,
CUST-104040,36,Male,Spain,565,2,27,2024-03-30,0.0,2,0,0,48387.6,10,0.2646,0.0,0,0,
CUST-104041,63,Female,France,710,3,42,2019-12-29,89848.71,2,1,0,173321.19,2,0.7642,-0.2134,0,1,2023-06-30
CUST-104042,33,Female,Spain,784,2,34,2023-08-30,80084.28,2,1,1,40112.69,32,0.1626,0.0124,0,0,
CUST-104043,36,Female,France,683,8,96,2018-06-30,0.0,2,1,0,78103.52,9,0.1701,0.0,1,0,
CUST-104044,37,Female,Spain,578,7,84,2019-05-30,0.0,2,1,1,46014.88,28,0.1627,0.0,0,1,2026-05-30
CUST-104045,33,Female,France,679,5,64,2021-02-28,0.0,1,0,1,87111.42,30,0.1009,0.0,0,0,
CUST-104046,36,Male,France,517,9,116,2016-10-29,128376.72,1,0,1,60777.2,20,0.0,-0.1322,1,0,
CUST-104047,38,Female,France,557,7,88,2019-02-28,48217.56,1,0,1,71782.76,27,0.1732,-0.3052,1,0,
CUST-104048,33,Female,France,625,8,99,2018-03-30,0.0,2,1,1,65862.73,24,0.3772,0.0,1,0,
CUST-104049,25,Male,France,656,6,79,2019-11-29,0.0,1,1,0,34194.72,6,0.0051,0.0,0,0,
CUST-104050,27,Male,Germany,535,7,87,2019-03-30,194054.44,1,1,0,60595.28,0,0.5775,-0.3092,1,0,
CUST-104051,36,Male,Spain,674,4,52,2022-02-28,0.0,1,1,0,23063.22,8,0.2527,0.0,0,0,
CUST-104052,56,Female,Germany,700,5,68,2020-10-29,181996.25,2,1,1,70818.34,22,0.0357,-0.0183,0,0,
CUST-104053,34,Female,Germany,629,4,52,2022-02-28,110420.38,2,0,1,47424.61,16,0.038,0.2684,1,0,
CUST-104054,39,Female,France,443,0,10,2025-08-29,96992.23,1,0,1,55374.51,20,0.0437,-0.1083,0,0,
CUST-104055,49,Male,Spain,660,0,7,2019-03-30,0.0,1,1,0,63602.39,3,0.6131,0.0,1,1,2019-10-30
CUST-104056,42,Male,Spain,824,5,65,2021-01-28,0.0,1,0,0,67950.68,14,0.3693,0.0,0,0,
CUST-104057,37,Male,France,694,2,33,2023-09-29,43868.19,2,1,1,17573.77,24,0.0705,-0.189,0,0,
CUST-104058,36,Male,Spain,651,7,86,2019-04-30,0.0,2,1,1,50932.44,23,0.1231,0.0,0,0,
CUST-104059,31,Male,France,614,3,42,2022-12-29,276490.24,2,1,1,72371.83,23,0.0295,-0.1795,0,0,
CUST-104060,45,Male,Spain,705,2,30,2023-12-29,0.0,1,1,0,149080.54,11,0.2892,0.0,0,0,
CUST-104061,48,Male,Spain,670,4,55,2020-12-29,1173083.71,2,0,1,260402.28,15,0.4773,-0.4956,0,1,2025-07-30
CUST-104062,20,Male,Germany,718,2,27,2024-03-30,48263.19,1,1,0,187496.67,7,0.2002,0.0123,0,0,
CUST-104063,45,Female,France,545,8,103,2017-11-28,176949.69,2,0,0,41944.07,8,0.135,0.1021,0,0,
CUST-104064,42,Male,Germany,662,5,69,2020-09-28,27409.16,2,1,1,85118.9,26,0.1331,-0.0678,0,0,
CUST-104065,34,Male,France,606,7,89,2019-01-29,122884.65,1,0,1,117015.5,20,0.0218,-0.1523,0,0,
CUST-104066,31,Female,Spain,686,8,103,2017-11-28,23293.59,1,1,1,91574.83,24,0.1491,-0.1439,1,0,
CUST-104067,41,Female,France,463,4,57,2021-09-29,0.0,1,1,0,62375.41,7,0.5063,0.0,1,0,
CUST-104068,27,Female,Germany,612,9,116,2016-10-29,90263.67,2,1,1,75149.69,36,0.2085,0.0942,0,0,
CUST-104069,34,Female,Spain,702,0,1,2026-05-30,195081.29,2,1,1,80283.4,16,0.194,0.054,0,0,
CUST-104070,39,Female,France,718,2,27,2024-03-30,33636.48,2,0,0,46432.48,6,0.1299,0.0578,0,0,
CUST-104071,51,Female,France,647,0,8,2025-10-29,103269.23,2,0,0,75596.57,10,0.2421,-0.3378,0,0,
CUST-104072,58,Female,Germany,443,0,5,2025-11-28,143915.14,1,0,0,33187.8,5,0.5346,0.196,0,1,2026-04-30
CUST-104073,29,Male,France,712,2,28,2024-02-28,0.0,1,1,1,243535.49,10,0.1251,0.0,0,0,
CUST-104074,40,Female,France,802,4,54,2021-12-29,43244.13,2,1,0,54350.12,5,0.1651,-0.0568,2,0,
CUST-104075,37,Male,France,569,5,69,2020-09-28,0.0,1,1,1,90917.55,31,0.1377,0.0,0,0,
CUST-104076,43,Male,France,609,7,95,2018-07-30,58484.93,1,1,0,76620.44,13,0.3761,-0.2792,0,0,
CUST-104077,35,Male,Germany,727,2,33,2023-09-29,103311.35,1,1,1,72573.07,15,0.324,-0.0654,0,0,
CUST-104078,44,Male,Germany,730,6,79,2019-11-29,23145.73,2,1,1,94983.89,17,0.1797,-0.2887,0,0,
CUST-104079,39,Male,France,755,9,116,2016-10-29,0.0,2,0,1,126092.44,19,0.0247,0.0,0,0,
CUST-104080,32,Female,France,747,1,22,2024-08-29,0.0,1,1,0,72035.43,6,0.1445,0.0,1,0,
CUST-104081,44,Male,France,503,7,87,2019-03-30,0.0,2,1,0,106816.13,10,0.3667,0.0,0,0,
CUST-104082,36,Male,France,604,0,6,2025-12-29,0.0,3,1,1,89021.02,28,0.1342,0.0,1,0,
CUST-104083,37,Male,Germany,710,0,1,2026-05-30,23278.72,2,1,0,33785.86,9,0.2256,-0.1142,1,0,
CUST-104084,30,Male,France,642,6,78,2019-12-29,0.0,1,1,1,69832.19,21,0.3563,0.0,0,0,
CUST-104085,34,Female,Germany,685,5,71,2020-07-29,147880.95,2,1,1,61002.44,16,0.1281,-0.0098,0,0,
CUST-104086,51,Male,Spain,637,4,56,2021-10-29,0.0,2,1,1,96565.38,29,0.2503,0.0,0,0,
CUST-104087,32,Male,Germany,608,4,48,2022-06-30,117195.35,1,0,1,101286.59,25,0.4474,-0.1251,1,0,
CUST-104088,58,Male,Germany,627,1,16,2025-02-28,226147.45,2,0,1,73888.05,25,0.0497,0.0731,0,0,
CUST-104089,38,Male,France,542,2,30,2023-12-29,0.0,3,0,1,85585.23,23,0.1491,0.0,0,0,
CUST-104090,40,Male,France,581,4,49,2022-05-30,0.0,1,1,1,75498.03,24,0.1964,0.0,0,0,
CUST-104091,31,Male,France,644,1,18,2024-12-29,602362.5,1,0,0,50607.85,14,0.2311,0.0582,0,0,
CUST-104092,45,Female,Spain,645,2,28,2024-02-28,0.0,1,0,1,137549.77,33,0.1076,0.0,0,0,
CUST-104093,26,Female,Spain,704,9,113,2017-01-28,0.0,2,1,1,96388.35,27,0.0036,0.0,0,0,
CUST-104094,35,Female,France,623,7,95,2018-07-30,131117.96,2,1,0,199775.44,7,0.0,-0.0657,0,0,
CUST-104095,31,Male,France,811,7,85,2019-05-30,205665.05,1,1,1,63335.46,21,0.2163,-0.0974,0,0,
CUST-104096,27,Male,France,768,0,1,2026-05-30,81635.15,1,0,1,51073.52,20,0.323,0.1214,0,0,
CUST-104097,43,Female,Germany,602,6,77,2020-01-29,115164.87,2,1,0,22007.72,11,0.1777,0.1297,0,0,
CUST-104098,35,Male,Germany,669,1,22,2024-08-29,53284.76,2,0,0,250899.08,14,0.2707,0.3456,0,0,
CUST-104099,37,Female,Germany,766,5,66,2020-12-29,140000.15,2,1,0,94503.84,8,0.5602,-0.0027,1,0,
CUST-104100,31,Male,Spain,588,0,11,2025-07-30,31513.48,1,1,0,109150.8,9,0.2586,-0.1447,2,0,
CUST-104101,45,Male,France,578,4,59,2016-09-28,243065.81,2,1,0,182148.58,5,0.8098,-0.1282,0,1,2021-08-29
CUST-104102,39,Male,Germany,775,2,34,2023-08-30,577232.05,1,1,1,77132.0,22,0.0867,-0.2527,1,0,
CUST-104103,54,Female,Germany,716,2,32,2020-11-28,212388.71,2,0,0,48301.38,4,0.5983,-0.1984,1,1,2023-07-30
CUST-104104,32,Female,France,753,8,97,2018-05-30,0.0,1,1,0,117408.42,8,0.3233,0.0,1,0,
CUST-104105,32,Female,Spain,680,5,67,2018-07-30,57500.72,3,1,1,62938.01,33,0.186,0.1,0,1,2024-02-28
CUST-104106,42,Male,France,626,9,111,2017-03-30,0.0,1,1,0,26252.53,11,0.454,0.0,1,0,
CUST-104107,56,Female,Germany,521,5,62,2021-04-29,36009.9,2,0,0,164468.15,5,0.1539,0.061,1,0,
CUST-104108,33,Male,Germany,663,4,57,2021-09-29,29962.9,2,0,0,39060.65,7,0.2264,0.0176,1,0,
CUST-104109,23,Male,Spain,768,4,52,2022-02-28,0.0,2,0,1,47564.65,24,0.172,0.0,0,0,
CUST-104110,28,Female,Germany,769,9,113,2017-01-28,60033.71,1,1,0,109598.88,14,0.178,0.0171,0,0,
CUST-104111,51,Female,France,753,1,19,2024-11-28,57378.52,1,1,0,23611.26,7,0.3314,0.1045,1,0,
CUST-104112,34,Male,Spain,726,2,27,2024-03-30,0.0,1,1,1,75110.36,16,0.1283,0.0,0,0,
CUST-104113,60,Male,Spain,850,2,34,2023-08-30,341366.07,1,1,1,81919.12,27,0.0137,-0.0042,0,0,
CUST-104114,29,Male,Germany,501,5,63,2017-10-29,40267.23,1,0,0,128381.89,6,0.6378,-0.3516,0,1,2023-01-29
CUST-104115,42,Male,Spain,672,2,29,2024-01-29,0.0,2,1,1,99438.65,32,0.0656,0.0,0,0,
CUST-104116,42,Male,France,560,5,70,2020-08-29,0.0,2,1,1,106342.12,20,0.1015,0.0,0,0,
CUST-104117,27,Female,Germany,799,7,91,2018-11-29,73277.35,2,0,1,116867.42,25,0.1566,-0.0283,0,0,
CUST-104118,27,Male,Spain,597,0,9,2025-09-29,0.0,1,0,0,159779.05,13,0.0542,0.0,0,0,
CUST-104119,35,Female,France,747,0,3,2026-03-30,0.0,1,1,1,55336.5,14,0.0,0.0,0,0,
CUST-104120,43,Male,France,607,8,106,2017-08-29,118017.83,2,1,1,41247.7,17,0.0,-0.0195,1,0,
CUST-104121,40,Male,Spain,690,0,6,2025-12-29,113974.69,2,0,1,42455.67,24,0.1839,-0.0154,1,0,
CUST-104122,35,Male,Spain,640,0,4,2026-02-28,62790.24,1,1,1,100463.97,28,0.0,-0.0368,0,0,
CUST-104123,35,Male,Spain,649,5,66,2017-02-28,0.0,1,1,1,60807.96,10,0.6032,0.0,2,1,2022-08-29
CUST-104124,24,Female,France,682,3,43,2022-11-29,219847.67,1,1,1,51139.85,23,0.152,0.0143,0,0,
CUST-104125,30,Female,Spain,738,5,65,2017-09-29,49278.0,2,1,1,128558.31,10,0.4861,-0.3619,0,1,2023-02-28
CUST-104126,26,Female,France,640,3,46,2020-02-28,0.0,1,1,1,97604.6,29,0.2489,0.0,0,1,2023-12-29
CUST-104127,40,Male,Germany,736,0,2,2019-02-28,65555.54,2,1,0,169154.67,6,0.6866,-0.3383,0,1,2019-04-30
CUST-104128,28,Female,France,750,3,39,2018-09-29,0.0,3,1,0,82997.47,3,0.6254,0.0,1,1,2021-12-29
CUST-104129,51,Female,Spain,610,4,59,2021-07-30,0.0,2,0,1,96575.02,20,0.0,0.0,0,0,
CUST-104130,37,Male,Spain,831,0,10,2025-08-29,0.0,2,1,0,57167.0,6,0.4607,0.0,0,0,
CUST-104131,30,Female,Germany,722,5,65,2021-01-28,86564.71,2,1,1,22289.8,25,0.0,-0.1441,0,0,
CUST-104132,48,Female,Germany,609,2,31,2023-10-30,31206.91,1,0,0,53246.99,6,0.2973,-0.0039,0,1,2026-05-30
CUST-104133,77,Female,France,709,2,32,2023-10-30,213449.78,1,0,1,47771.49,31,0.0454,0.1685,0,0,
CUST-104134,27,Female,Germany,750,7,93,2018-09-29,30990.35,1,1,0,34045.52,16,0.1992,-0.1716,0,0,
CUST-104135,27,Female,Germany,707,1,13,2024-05-30,147439.3,2,1,0,78821.88,3,0.8281,-0.3699,1,1,2025-06-29
CUST-104136,30,Male,France,669,5,70,2020-08-29,0.0,1,1,0,118896.35,10,0.304,0.0,0,0,
CUST-104137,48,Female,Germany,350,8,99,2018-03-30,670351.1,2,0,1,55487.85,21,0.3547,-0.0957,0,0,
CUST-104138,60,Female,Spain,557,1,20,2020-10-29,92184.79,2,0,0,89078.91,3,0.5698,-0.5433,0,1,2022-06-30
CUST-104139,26,Male,Germany,715,6,74,2020-04-29,28597.05,1,1,0,52334.94,8,0.4606,-0.1532,0,0,
CUST-104140,82,Female,Spain,555,6,72,2020-06-29,0.0,1,0,1,65962.86,32,0.1516,0.0,1,0,
CUST-104141,43,Male,France,699,9,115,2016-11-28,68092.51,2,1,1,51569.05,38,0.0526,-0.126,0,0,
CUST-104142,33,Male,Germany,735,1,21,2024-09-28,11940.11,2,1,0,84766.9,12,0.1548,0.0138,1,0,
CUST-104143,42,Female,France,639,6,81,2019-09-29,0.0,1,1,0,99056.11,5,0.45,0.0,0,0,
CUST-104144,49,Female,France,481,4,59,2021-07-30,0.0,1,1,1,184415.74,19,0.212,0.0,1,0,
CUST-104145,30,Female,France,579,9,113,2017-01-28,0.0,1,0,1,52479.93,32,0.0806,0.0,0,0,
CUST-104146,49,Female,France,716,1,13,2025-05-30,81037.9,1,0,0,63927.25,8,0.3822,-0.0458,0,0,
CUST-104147,37,Male,France,771,8,107,2017-07-30,0.0,1,1,0,133659.69,2,0.4272,0.0,0,0,
CUST-104148,26,Female,Germany,450,9,112,2017-02-28,200379.13,1,1,1,59677.29,16,0.1204,-0.0175,0,0,
CUST-104149,43,Female,France,658,1,13,2025-05-30,249889.24,2,0,1,94891.91,21,0.0525,0.017,0,0,
CUST-104150,55,Female,France,509,8,101,2018-01-28,0.0,1,1,1,54533.57,34,0.0847,0.0,0,0,
CUST-104151,41,Male,France,659,0,2,2020-03-30,144996.89,1,0,0,89408.48,11,0.1184,-0.0198,0,1,2020-05-30
CUST-104152,28,Male,Germany,635,0,6,2025-12-29,250091.24,1,1,0,99949.66,13,0.2106,-0.2167,0,0,
CUST-104153,41,Female,France,850,8,106,2017-08-29,114621.52,1,1,0,147456.17,16,0.1648,-0.154,0,0,
CUST-104154,39,Male,France,598,6,75,2020-03-30,0.0,2,1,1,47288.88,19,0.1459,0.0,1,0,
CUST-104155,42,Male,Germany,751,2,34,2023-08-30,57916.22,2,1,0,94202.26,12,0.0785,0.0198,0,0,
CUST-104156,25,Female,France,747,1,13,2025-05-30,32805.92,3,0,0,66579.29,9,0.0677,-0.1518,0,0,
CUST-104157,26,Female,Spain,631,1,16,2025-02-28,46972.71,1,0,0,29203.8,16,0.0751,0.1197,0,0,
CUST-104158,32,Female,France,661,9,111,2017-03-30,0.0,1,1,0,51056.24,6,0.3798,0.0,1,0,
CUST-104159,46,Female,France,650,3,36,2022-12-29,73718.46,2,1,0,47704.59,11,0.0919,0.1645,0,1,2025-12-29
CUST-104160,44,Female,France,579,3,42,2020-11-28,26032.24,1,0,0,91113.35,8,0.4386,-0.162,0,1,2024-05-30
CUST-104161,48,Male,Germany,570,4,52,2022-02-28,115640.89,2,1,1,44482.25,22,0.2455,-0.041,0,0,
CUST-104162,42,Female,France,611,3,40,2023-02-28,0.0,2,1,0,75697.46,12,0.3606,0.0,0,0,
CUST-104163,45,Female,Spain,541,3,40,2023-02-28,0.0,1,1,0,72511.67,14,0.0294,0.0,1,0,
CUST-104164,39,Female,France,602,4,50,2022-04-30,0.0,1,1,1,102846.21,32,0.1649,0.0,0,0,
CUST-104165,35,Male,Germany,631,5,71,2020-07-29,285381.84,1,1,1,55371.21,39,0.0737,-0.0643,0,0,
CUST-104166,44,Male,France,666,1,21,2024-09-28,0.0,1,1,1,31898.19,29,0.1739,0.0,0,0,
CUST-104167,28,Female,France,693,3,46,2022-08-29,136222.72,1,0,0,119837.36,13,0.398,-0.1496,0,0,
CUST-104168,29,Female,France,631,2,30,2021-08-29,274988.54,1,1,0,52873.39,3,0.803,-0.239,1,1,2024-02-28
CUST-104169,27,Male,Germany,576,5,64,2021-02-28,225221.95,2,1,0,131781.94,8,0.1865,-0.002,1,0,
CUST-104170,38,Female,France,691,9,118,2016-08-29,80148.73,1,1,0,71237.6,10,0.1769,0.089,0,0,
CUST-104171,28,Female,Spain,726,1,21,2019-12-29,0.0,1,1,1,74800.06,7,0.6864,0.0,0,1,2021-09-29
CUST-104172,23,Male,Germany,603,6,74,2017-04-29,97010.35,1,1,1,100623.01,9,0.5373,-0.3566,0,1,2023-06-30
CUST-104173,26,Female,Spain,556,7,93,2018-09-29,0.0,1,1,1,102591.75,36,0.119,0.0,1,0,
CUST-104174,55,Female,France,607,6,82,2019-08-30,124280.14,1,1,1,69072.48,21,0.21,0.0397,1,0,
CUST-104175,39,Male,Spain,633,3,38,2023-04-30,0.0,2,1,0,56693.82,9,0.2557,0.0,0,0,
CUST-104176,48,Male,Germany,760,7,93,2018-09-29,393407.51,1,1,0,70248.23,7,0.3013,-0.1368,0,0,
CUST-104177,26,Female,Germany,717,9,112,2017-02-28,101139.83,2,1,1,26676.5,23,0.3735,-0.1773,0,0,
CUST-104178,42,Female,Spain,650,0,8,2021-06-29,67371.24,3,0,1,123530.63,11,0.6107,-0.4849,1,1,2022-02-28
CUST-104179,27,Male,Germany,832,1,23,2024-07-29,15635.82,1,1,0,44877.41,10,0.1231,-0.0066,0,0,
CUST-104180,41,Male,Spain,647,0,3,2026-03-30,0.0,1,0,0,54303.74,3,0.3926,0.0,0,0,
CUST-104181,22,Male,Germany,786,4,53,2022-01-28,102625.54,1,0,1,57854.45,22,0.3734,0.1012,0,0,
CUST-104182,48,Female,France,767,1,16,2025-02-28,0.0,2,1,1,88458.31,27,0.0212,0.0,0,0,
CUST-104183,43,Female,Germany,760,0,7,2018-05-30,87566.61,3,1,0,67013.45,2,0.7145,-0.1923,2,1,2018-12-29
CUST-104184,37,Male,France,681,7,91,2018-11-29,44137.45,2,1,0,103858.92,17,0.2694,-0.0807,0,0,
CUST-104185,54,Female,Spain,661,3,37,2022-10-29,120974.17,2,1,0,95611.64,9,0.5995,-0.2555,1,1,2025-11-28
CUST-104186,46,Male,Spain,650,7,89,2019-01-29,0.0,2,1,1,45976.97,22,0.0483,0.0,1,0,
CUST-104187,31,Male,France,732,3,37,2023-05-30,0.0,2,1,1,46107.71,30,0.1685,0.0,0,0,
CUST-104188,28,Male,France,574,3,41,2023-01-29,0.0,2,1,0,62030.24,17,0.1912,0.0,0,0,
CUST-104189,71,Female,France,625,0,1,2017-08-29,0.0,1,1,1,106719.57,19,0.3872,0.0,1,1,2017-09-29
CUST-104190,31,Female,France,810,6,77,2020-01-29,44785.5,1,1,1,96694.66,32,0.3367,0.0459,0,0,
CUST-104191,36,Male,France,710,5,71,2020-07-29,0.0,2,0,1,102071.34,23,0.1833,0.0,1,0,
CUST-104192,29,Female,Germany,742,2,32,2023-10-30,360362.25,2,1,0,62468.86,10,0.1109,-0.1179,1,0,
CUST-104193,45,Female,Germany,533,0,4,2026-02-28,84429.79,1,1,1,125026.45,22,0.1088,0.0655,0,0,
CUST-104194,30,Female,Spain,609,0,4,2026-02-28,0.0,1,0,1,87179.95,23,0.2881,0.0,0,0,
CUST-104195,37,Female,France,682,4,56,2021-10-29,107845.37,1,0,1,52015.09,18,0.0,-0.0663,0,0,
CUST-104196,41,Female,Germany,646,3,37,2019-09-29,25423.09,1,0,0,62290.51,6,0.4742,-0.3147,0,1,2022-10-29
CUST-104197,32,Male,France,532,1,15,2025-03-30,0.0,1,0,0,112571.97,10,0.584,0.0,0,0,
CUST-104198,41,Male,Spain,723,5,67,2020-11-28,0.0,1,1,1,164626.24,17,0.0855,0.0,0,0,
CUST-104199,58,Female,France,753,4,50,2022-04-30,106237.05,1,1,1,27811.43,16,0.0855,-0.0684,0,0,
CUST-104200,39,Female,France,623,2,30,2018-09-29,0.0,1,0,0,83342.91,3,0.6634,0.0,0,1,2021-03-30
CUST-104201,44,Male,France,726,1,12,2025-06-29,90326.11,1,1,0,29787.94,11,0.2352,-0.1125,0,0,
CUST-104202,33,Female,Spain,845,0,3,2026-03-30,84414.22,2,1,0,47692.93,11,0.3946,0.0371,0,0,
CUST-104203,33,Female,France,796,9,112,2017-02-28,90184.44,2,0,1,93142.53,24,0.0776,-0.0789,1,0,
CUST-104204,27,Female,Germany,627,7,88,2019-02-28,206803.08,1,1,1,76733.25,29,0.0598,-0.1212,1,0,
CUST-104205,38,Female,Germany,544,3,43,2022-11-29,119869.56,2,1,1,46042.76,12,0.5723,-0.2748,0,0,
CUST-104206,49,Male,Spain,672,8,103,2017-11-28,0.0,1,1,1,56555.04,27,0.1528,0.0,0,0,
CUST-104207,43,Female,France,850,5,68,2020-10-29,131007.69,2,1,0,120076.78,11,0.1871,0.0256,0,0,
CUST-104208,33,Female,France,778,2,27,2024-03-30,0.0,2,1,0,75207.4,22,0.0944,0.0,0,0,
CUST-104209,34,Male,France,649,7,85,2019-05-30,0.0,1,1,1,71936.28,24,0.0,0.0,0,0,
CUST-104210,58,Male,France,800,2,28,2024-02-28,0.0,1,1,1,126133.6,21,0.0853,0.0,0,0,
CUST-104211,42,Female,Germany,762,2,31,2023-11-29,52000.64,2,0,1,110359.47,27,0.2031,-0.0921,1,0,
CUST-104212,46,Male,France,468,4,53,2022-01-28,0.0,1,1,0,58281.21,6,0.4554,0.0,1,0,
CUST-104213,47,Male,France,752,0,3,2026-03-30,296696.72,2,1,1,100830.63,14,0.2721,-0.277,0,0,
CUST-104214,33,Male,France,661,3,47,2022-07-30,177799.02,2,0,1,62606.14,33,0.1314,0.1915,0,0,
CUST-104215,32,Male,Germany,567,2,29,2024-01-29,75956.7,1,1,0,75885.97,12,0.1818,-0.0216,0,0,
CUST-104216,33,Male,France,659,5,69,2020-09-28,0.0,2,0,0,27994.88,14,0.3722,0.0,0,0,
CUST-104217,32,Female,Germany,690,7,90,2018-12-29,60684.36,2,0,1,52667.11,17,0.1271,-0.2536,0,0,
CUST-104218,54,Female,France,574,0,6,2025-12-29,0.0,2,1,0,78395.45,18,0.3198,0.0,1,0,
CUST-104219,35,Female,Spain,638,1,14,2025-04-29,92018.5,1,1,0,38853.43,13,0.0156,-0.1501,1,0,
CUST-104220,52,Male,Germany,618,3,46,2019-06-30,65799.96,1,1,0,60068.43,8,0.7095,-0.5327,0,1,2023-04-30
CUST-104221,36,Male,France,726,9,113,2017-01-28,108290.21,1,0,0,29719.51,8,0.3565,0.0533,0,0,
CUST-104222,36,Male,France,621,4,59,2021-07-30,0.0,2,0,0,105949.78,18,0.1964,0.0,0,0,
CUST-104223,24,Female,France,487,4,56,2021-10-29,55750.97,1,1,0,154961.79,6,0.1712,0.1331,1,0,
CUST-104224,33,Female,France,607,9,113,2016-10-29,17054.96,1,0,0,41369.17,5,0.4383,-0.2415,1,1,2026-03-30
CUST-104225,55,Male,France,559,1,14,2025-04-29,0.0,1,1,0,30164.36,9,0.2338,0.0,0,0,
CUST-104226,54,Female,Spain,526,0,7,2022-10-29,0.0,1,1,1,96927.98,32,0.129,0.0,1,1,2023-05-30
CUST-104227,32,Male,Germany,763,3,38,2023-04-30,27753.9,1,1,1,82473.22,45,0.2984,-0.073,0,0,
CUST-104228,23,Male,France,727,9,116,2016-10-29,119350.29,1,1,1,92102.46,25,0.0978,0.0418,1,0,
CUST-104229,29,Female,Germany,557,7,85,2019-05-30,15171.39,1,1,1,105850.82,18,0.3656,0.1079,0,0,
CUST-104230,32,Male,France,528,4,57,2021-09-29,54935.75,2,1,1,77701.12,21,0.1408,0.0995,0,0,
CUST-104231,32,Female,Spain,640,3,41,2023-01-29,81300.31,1,1,1,152631.4,27,0.0704,0.0479,1,0,
CUST-104232,32,Male,France,523,4,55,2021-11-28,86481.74,1,1,0,162414.47,13,0.0364,-0.2622,0,0,
CUST-104233,37,Female,Germany,627,3,36,2019-07-30,105975.5,1,0,0,206207.07,9,0.2861,0.0964,2,1,2022-07-30
CUST-104234,29,Male,Spain,657,6,79,2019-11-29,0.0,1,0,1,223759.4,25,0.0,0.0,0,0,
CUST-104235,36,Male,France,679,7,94,2018-08-29,0.0,1,1,0,48592.24,12,0.1341,0.0,0,0,
CUST-104236,40,Male,France,683,3,37,2023-05-30,0.0,2,1,0,129675.4,13,0.2669,0.0,1,0,
CUST-104237,33,Female,France,575,2,30,2021-12-29,0.0,2,0,1,79918.62,12,0.5213,0.0,1,1,2024-06-29
CUST-104238,38,Female,Spain,657,5,62,2021-04-29,72566.41,1,1,1,25177.38,36,0.0,0.0918,0,0,
CUST-104239,58,Female,Germany,773,0,11,2025-07-30,27780.1,2,1,0,95739.33,8,0.0784,-0.0383,0,0,
CUST-104240,44,Male,Germany,449,5,62,2021-04-29,175306.43,2,1,1,48590.21,20,0.1714,0.1141,0,0,
CUST-104241,42,Male,Spain,681,4,52,2022-02-28,31867.28,2,0,0,71955.68,3,0.4131,-0.2084,0,0,
CUST-104242,34,Male,Spain,537,8,105,2017-09-29,0.0,1,1,1,38439.36,34,0.1253,0.0,1,0,
CUST-104243,32,Female,France,785,4,53,2022-01-28,509277.24,2,1,0,147585.88,14,0.1328,-0.1269,0,0,
CUST-104244,36,Male,Germany,728,8,102,2017-12-29,59005.55,2,0,0,43981.41,11,0.1122,0.1409,0,0,
CUST-104245,42,Male,Germany,725,8,99,2018-03-30,47413.81,2,1,0,47988.95,10,0.5406,-0.3275,0,0,
CUST-104246,39,Female,France,568,3,42,2022-12-29,0.0,2,0,1,134801.38,26,0.2536,0.0,0,0,
CUST-104247,38,Female,Spain,675,0,4,2026-02-28,194922.69,1,1,1,83755.2,21,0.1677,0.1765,0,0,
CUST-104248,46,Male,France,686,2,27,2024-03-30,42355.02,1,0,1,193172.27,31,0.0655,0.2696,0,0,
CUST-104249,41,Male,France,422,8,97,2018-05-30,0.0,2,0,1,117346.92,15,0.1604,0.0,0,0,
CUST-104250,45,Male,Spain,664,6,77,2020-01-29,0.0,1,1,1,131838.09,41,0.1599,0.0,0,0,
CUST-104251,30,Female,France,709,7,94,2018-08-29,89382.97,2,0,1,40566.5,8,0.3309,-0.4112,1,0,
CUST-104252,28,Male,France,514,5,71,2020-07-29,0.0,1,1,0,87217.47,10,0.4225,0.0,1,0,
CUST-104253,56,Female,France,708,1,13,2025-05-30,91647.29,1,1,0,196772.73,4,0.2011,0.0843,0,0,
CUST-104254,23,Male,Germany,660,9,114,2016-12-29,45467.97,2,1,0,39575.83,14,0.3822,-0.1346,0,0,
CUST-104255,28,Female,Spain,783,4,57,2021-09-29,0.0,2,0,1,72409.0,23,0.0726,0.0,0,0,
CUST-104256,33,Female,France,610,3,41,2023-01-29,107985.13,1,1,0,68163.72,6,0.2463,-0.0958,1,0,
CUST-104257,52,Male,France,667,4,56,2021-10-29,0.0,1,0,1,83730.38,16,0.1248,0.0,0,0,
CUST-104258,27,Male,France,683,9,113,2017-01-28,89830.01,1,1,0,109464.76,9,0.1664,0.1626,1,0,
CUST-104259,25,Male,Spain,380,7,87,2019-03-30,12681.54,2,1,0,77574.29,18,0.3354,-0.096,0,0,
CUST-104260,30,Female,France,616,3,47,2022-07-30,67420.58,1,1,1,219598.86,28,0.1134,-0.0584,0,0,
CUST-104261,33,Male,Spain,658,7,86,2019-04-30,0.0,1,0,0,19713.82,8,0.0947,0.0,0,0,
CUST-104262,38,Female,Spain,424,0,4,2026-02-28,97088.75,1,0,1,16435.75,17,0.1233,-0.0915,1,0,
CUST-104263,42,Male,France,715,7,86,2019-04-30,0.0,2,0,0,62770.23,11,0.1671,0.0,0,0,
CUST-104264,46,Male,Spain,658,3,39,2023-03-30,418236.43,1,0,0,145287.37,19,0.3344,-0.127,0,0,
CUST-104265,26,Female,Germany,658,2,33,2023-09-29,60925.63,1,1,1,66074.84,29,0.1753,-0.1395,0,0,
CUST-104266,22,Female,Germany,719,6,76,2020-02-28,124478.37,1,1,1,57113.28,26,0.1487,-0.0684,0,0,
CUST-104267,37,Female,France,611,1,19,2018-06-30,60089.82,1,1,1,25324.7,15,0.3981,-0.3267,0,1,2020-01-29
CUST-104268,27,Female,Spain,654,2,27,2024-03-30,0.0,1,1,1,60853.38,31,0.0834,0.0,1,0,
CUST-104269,32,Female,Spain,733,6,82,2016-07-29,26663.06,2,1,0,53807.74,4,0.8576,-0.4006,0,1,2023-05-30
CUST-104270,34,Male,Spain,655,1,16,2025-02-28,0.0,1,1,1,65584.48,34,0.0,0.0,0,0,
CUST-104271,32,Female,Spain,473,3,41,2020-01-29,113773.47,2,0,0,66606.18,6,0.3425,0.1669,0,1,2023-06-30
CUST-104272,24,Female,France,655,9,110,2017-04-29,0.0,1,1,0,105289.68,6,0.4569,0.0,0,0,
CUST-104273,38,Female,Spain,656,5,69,2020-09-28,63066.69,2,0,0,56659.89,12,0.4716,-0.1185,1,0,
CUST-104274,63,Female,Spain,736,4,49,2022-05-30,48197.89,1,1,1,45059.12,22,0.3918,0.0267,0,0,
CUST-104275,36,Male,France,617,8,100,2018-02-28,0.0,2,0,1,72723.83,18,0.0,0.0,0,0,
CUST-104276,66,Female,France,556,1,18,2023-04-30,85548.06,1,1,0,71248.99,7,0.5913,-0.3431,0,1,2024-10-29
CUST-104277,23,Female,France,556,3,47,2022-07-30,55497.39,1,0,1,36682.95,27,0.0,-0.0106,0,0,
CUST-104278,30,Male,Spain,788,3,42,2022-12-29,156558.0,1,1,1,88455.56,23,0.0908,0.043,0,0,
CUST-104279,59,Female,France,678,0,11,2025-07-30,514712.59,1,1,0,35920.68,12,0.2124,0.129,0,0,
CUST-104280,30,Male,Germany,784,4,53,2021-09-29,72715.32,1,0,0,103083.68,11,0.363,-0.0857,0,1,2026-02-28
CUST-104281,39,Male,France,797,4,49,2022-05-30,14610.99,2,1,0,53905.16,10,0.1465,-0.0002,2,0,
CUST-104282,36,Male,France,579,4,57,2019-10-30,65934.92,1,1,0,38513.44,7,0.4881,-0.0875,2,1,2024-07-29
CUST-104283,34,Female,Germany,571,4,48,2022-06-30,79970.27,2,0,0,330759.31,11,0.376,-0.0231,1,0,
CUST-104284,47,Female,France,638,3,47,2022-07-30,159362.5,1,0,1,76313.09,16,0.071,-0.0749,3,0,
CUST-104285,36,Male,Spain,709,3,36,2023-06-30,49336.75,2,0,1,128777.85,19,0.0904,-0.1113,0,0,
CUST-104286,44,Male,France,515,0,6,2025-12-29,0.0,2,0,0,69158.56,7,0.3209,0.0,1,0,
CUST-104287,60,Female,Spain,694,5,62,2019-08-30,0.0,1,0,0,148202.36,7,0.2893,0.0,1,1,2024-10-29
CUST-104288,47,Male,France,689,3,39,2023-03-30,31100.22,1,0,0,107984.64,7,0.1995,-0.1003,0,0,
CUST-104289,28,Male,Spain,542,6,79,2019-11-29,0.0,1,0,1,61869.02,32,0.1898,0.0,0,0,
CUST-104290,72,Male,Germany,545,1,22,2020-07-29,93126.39,1,1,1,122871.92,8,0.4546,-0.3796,2,1,2022-05-30
CUST-104291,42,Female,France,693,9,113,2017-01-28,27305.65,2,1,1,138436.32,31,0.0286,-0.137,0,0,
CUST-104292,34,Male,France,849,1,22,2024-08-29,68202.07,1,1,0,57261.86,9,0.0357,0.0705,0,0,
CUST-104293,27,Female,France,622,7,90,2016-11-28,0.0,2,1,0,71415.44,4,0.2187,0.0,0,1,2024-05-30
CUST-104294,37,Female,Germany,682,8,104,2017-10-29,41793.53,1,1,1,227255.63,29,0.0743,0.1243,0,0,
CUST-104295,30,Male,Spain,592,0,7,2025-11-28,0.0,3,0,0,80225.57,8,0.323,0.0,1,0,
CUST-104296,26,Female,France,673,3,44,2022-10-29,48468.95,2,1,0,132796.28,15,0.1535,-0.0506,0,0,
CUST-104297,28,Male,France,590,7,86,2019-04-30,0.0,1,0,1,113506.89,24,0.0432,0.0,0,0,
CUST-104298,25,Male,Germany,625,4,56,2021-10-29,62327.64,2,1,0,131294.98,11,0.3006,0.0422,1,0,
CUST-104299,23,Male,Germany,850,7,88,2019-02-28,114392.69,1,0,1,124676.02,21,0.0798,0.0508,0,0,
CUST-104300,33,Female,Germany,660,5,68,2019-01-29,165156.76,1,1,0,16077.89,10,0.1175,0.013,1,1,2024-09-28
CUST-104301,35,Female,France,500,4,52,2022-02-28,0.0,2,1,1,53837.83,34,0.0,0.0,1,0,
CUST-104302,40,Female,Germany,712,2,33,2023-09-29,357309.38,1,1,0,60998.1,17,0.2244,0.1903,2,0,
CUST-104303,72,Female,Spain,758,0,3,2026-03-30,101897.43,2,1,0,84582.62,8,0.2734,-0.0479,0,0,
CUST-104304,42,Male,France,715,9,109,2017-05-30,0.0,1,1,0,44386.5,2,0.0845,0.0,1,0,
CUST-104305,32,Female,France,633,8,107,2017-07-30,0.0,2,1,0,67851.67,13,0.2742,0.0,0,0,
CUST-104306,33,Male,France,562,7,85,2019-05-30,30864.5,1,1,0,36075.04,10,0.2651,0.0539,0,0,
CUST-104307,38,Male,Germany,564,1,18,2021-03-30,170632.76,1,1,0,23716.72,14,0.2301,-0.0792,0,1,2022-09-29
CUST-104308,28,Female,France,632,1,21,2018-05-30,0.0,1,1,0,315355.29,15,0.4013,0.0,0,1,2020-02-28
CUST-104309,44,Male,Spain,615,1,15,2025-03-30,0.0,2,1,0,56858.55,11,0.2003,0.0,0,0,
CUST-104310,33,Male,Germany,596,1,16,2021-05-30,78374.09,2,1,0,145168.9,5,0.6532,-0.1842,0,1,2022-09-29
CUST-104311,46,Male,Germany,767,2,25,2024-05-30,40883.29,2,1,1,118014.64,35,0.1168,0.0925,0,0,
CUST-104312,37,Male,Spain,738,3,46,2022-08-29,117797.99,1,0,1,57289.63,22,0.0,-0.146,1,0,
CUST-104313,34,Female,France,772,6,75,2020-03-30,0.0,1,0,1,166613.08,27,0.1304,0.0,0,0,
CUST-104314,50,Male,Spain,574,1,16,2025-02-28,156282.47,2,1,0,44067.91,15,0.2105,-0.0225,0,0,
CUST-104315,26,Female,France,562,0,9,2025-09-29,138946.28,1,1,0,69088.54,21,0.1254,-0.0918,1,0,
CUST-104316,40,Male,Germany,657,0,5,2026-01-28,104798.17,1,1,0,100745.94,10,0.169,0.0268,0,0,
CUST-104317,25,Female,Spain,690,7,88,2019-02-28,82090.38,1,1,1,73277.25,26,0.0824,0.0959,1,0,
CUST-104318,56,Female,Spain,657,1,12,2025-06-29,0.0,2,1,0,66019.37,8,0.4299,0.0,0,0,
CUST-104319,38,Female,Spain,683,4,59,2021-07-30,87696.8,1,1,1,24586.62,35,0.2892,-0.1629,0,0,
CUST-104320,36,Male,France,802,4,58,2021-08-29,0.0,1,1,0,109942.08,10,0.2831,0.0,0,0,
CUST-104321,46,Female,Spain,629,0,2,2026-04-30,179493.07,2,1,0,119090.94,12,0.3596,-0.1066,0,0,
CUST-104322,32,Female,Germany,727,3,40,2019-04-30,70589.26,1,1,0,55293.41,0,0.7165,-0.4426,1,1,2022-08-29
CUST-104323,34,Female,Germany,700,4,54,2021-12-29,227019.22,1,1,0,120381.87,10,0.1626,0.026,0,0,
CUST-104324,27,Male,France,659,9,111,2017-03-30,292416.17,1,1,0,82640.41,13,0.1795,-0.1581,0,0,
CUST-104325,31,Male,France,723,2,33,2023-09-29,478759.83,2,0,0,132220.01,16,0.174,0.3013,0,0,
CUST-104326,43,Female,Germany,576,10,120,2016-06-29,217828.51,2,1,0,110802.67,15,0.1558,0.1051,0,0,
CUST-104327,34,Male,France,557,9,108,2017-06-29,0.0,2,1,0,61152.38,14,0.0,0.0,0,0,
CUST-104328,29,Male,Germany,692,5,60,2021-06-29,40876.3,2,1,0,228146.78,7,0.0655,-0.0719,0,0,
CUST-104329,50,Female,Spain,493,2,31,2023-11-29,0.0,2,1,1,44132.52,22,0.2031,0.0,0,0,
CUST-104330,48,Male,Spain,699,2,31,2023-11-29,196625.86,2,1,1,13640.32,16,0.2613,-0.0052,2,0,
CUST-104331,68,Male,France,542,9,108,2017-06-29,671450.35,2,1,1,17035.55,18,0.3883,-0.4438,0,0,
CUST-104332,30,Female,Spain,796,4,58,2021-08-29,0.0,1,1,1,91981.07,23,0.0,0.0,0,0,
CUST-104333,48,Male,France,612,3,43,2019-01-29,91030.9,1,1,0,20717.76,4,0.503,-0.3169,3,1,2022-08-29
CUST-104334,43,Male,France,790,9,115,2016-11-28,0.0,1,0,1,50812.87,31,0.1622,0.0,1,0,
CUST-104335,38,Male,Spain,630,1,23,2024-07-29,138713.2,2,1,1,133304.2,30,0.1731,0.0139,0,0,
CUST-104336,57,Male,France,626,5,69,2020-09-28,0.0,1,1,1,18081.84,26,0.1238,0.0,0,0,
CUST-104337,40,Male,France,733,1,17,2025-01-28,55056.42,1,0,1,63069.02,24,0.0309,0.165,2,0,
CUST-104338,31,Female,France,678,7,87,2019-03-30,126860.55,2,1,1,69075.81,28,0.1093,-0.1345,0,0,
CUST-104339,33,Male,Germany,644,7,90,2018-12-29,169291.74,1,0,0,30854.72,4,0.4953,-0.1357,0,0,
CUST-104340,25,Male,Spain,611,0,4,2026-02-28,107734.83,1,0,1,82736.65,13,0.4773,0.0084,0,0,
CUST-104341,42,Female,France,612,4,54,2021-12-29,0.0,1,1,1,64727.68,27,0.0757,0.0,0,0,
CUST-104342,57,Male,France,850,0,4,2026-01-28,19505.14,2,1,0,100931.45,2,0.7649,-0.4418,0,1,2026-05-30
CUST-104343,40,Male,Germany,489,3,39,2018-07-30,29169.98,2,0,0,69999.49,2,0.7543,-0.4851,2,1,2021-10-29
CUST-104344,38,Male,France,535,8,104,2017-10-29,213596.31,2,0,1,55018.36,27,0.0241,0.0729,0,0,
CUST-104345,46,Male,Germany,763,2,32,2018-04-30,310032.81,1,1,1,87846.78,10,0.7649,-0.2466,1,1,2020-12-29
CUST-104346,44,Male,Spain,756,5,67,2020-11-28,0.0,1,0,1,144761.35,26,0.1019,0.0,0,0,
CUST-104347,51,Male,Spain,561,10,120,2016-06-29,168789.86,2,1,1,153818.28,14,0.5777,-0.1979,0,0,
CUST-104348,36,Female,Spain,482,1,21,2024-09-28,17265.01,2,1,1,100069.06,22,0.2068,0.0417,1,0,
CUST-104349,41,Female,Germany,772,2,31,2023-10-30,53601.73,2,1,0,113125.84,7,0.7233,-0.4134,2,1,2026-05-30
CUST-104350,36,Female,Spain,550,3,40,2023-02-28,118257.67,1,1,1,50163.84,25,0.415,-0.2816,0,0,
CUST-104351,27,Male,France,603,0,10,2025-08-29,172219.1,2,1,1,62319.15,20,0.1215,-0.0279,0,0,
CUST-104352,28,Female,France,659,7,84,2019-06-30,0.0,2,0,0,93163.02,12,0.0864,0.0,2,0,
CUST-104353,31,Female,Germany,547,0,5,2026-01-28,80876.43,1,1,0,82445.56,7,0.4721,-0.0687,1,0,
CUST-104354,27,Male,France,739,0,6,2025-12-29,0.0,1,1,1,100742.46,21,0.2455,0.0,0,0,
CUST-104355,38,Female,Spain,652,7,89,2019-01-29,30246.89,1,1,1,159130.97,26,0.2016,-0.193,0,0,
CUST-104356,47,Female,Germany,565,3,45,2022-09-29,203897.03,2,1,1,67552.56,36,0.0,-0.0882,1,0,
CUST-104357,32,Male,Spain,574,6,73,2020-05-30,0.0,1,1,0,31901.73,7,0.0806,0.0,1,0,
CUST-104358,25,Female,France,775,1,20,2024-10-29,46491.27,2,0,0,44106.76,14,0.3552,-0.055,0,0,
CUST-104359,30,Male,France,623,9,115,2016-11-28,83587.68,1,1,0,80743.22,9,0.0814,0.0605,0,0,
CUST-104360,34,Male,Germany,709,0,2,2026-04-30,212048.45,2,1,1,58656.3,20,0.0,-0.1429,0,0,
CUST-104361,46,Male,France,649,6,81,2019-09-29,46220.62,2,0,1,36644.27,29,0.0437,-0.0289,0,0,
CUST-104362,37,Male,Germany,482,3,43,2022-11-29,35084.5,1,0,1,70327.41,32,0.4541,-0.1964,0,0,
CUST-104363,37,Female,Germany,722,3,47,2022-07-30,36313.31,1,1,1,47941.38,24,0.4847,-0.3354,1,0,
CUST-104364,42,Female,Spain,753,1,15,2025-03-30,0.0,2,1,1,99364.97,16,0.1175,0.0,0,0,
CUST-104365,48,Male,Germany,827,0,2,2026-04-30,179183.77,2,1,1,166109.61,13,0.186,0.1559,1,0,
CUST-104366,56,Female,France,468,3,38,2023-04-30,0.0,2,1,0,136822.29,11,0.2503,0.0,0,0,
CUST-104367,32,Female,France,350,0,3,2026-03-30,0.0,1,0,0,43234.39,6,0.0612,0.0,0,0,
CUST-104368,36,Female,Germany,711,1,15,2025-03-30,107772.26,2,1,1,51146.81,25,0.173,-0.1167,0,0,
CUST-104369,32,Female,France,592,3,39,2023-03-30,92146.55,2,0,1,30880.55,15,0.2452,-0.1011,0,0,
CUST-104370,41,Female,France,513,4,53,2022-01-28,0.0,1,0,0,133319.29,12,0.367,0.0,0,0,
CUST-104371,25,Female,France,660,7,86,2019-04-30,0.0,1,0,0,77672.73,4,0.1856,0.0,0,0,
CUST-104372,61,Male,France,607,1,23,2024-07-29,49237.53,2,1,1,173460.14,30,0.0,0.0441,1,0,
CUST-104373,42,Female,Germany,527,1,13,2021-07-30,58345.81,1,1,0,100630.41,2,0.6605,-0.4963,1,1,2022-08-29
CUST-104374,40,Male,France,642,3,41,2023-01-29,170622.39,1,1,1,56356.72,28,0.1633,0.0391,1,0,
CUST-104375,31,Male,Germany,704,3,41,2023-01-29,100859.85,2,1,0,27120.45,15,0.0,-0.0039,0,0,
CUST-104376,33,Male,France,667,8,101,2018-01-28,0.0,2,0,0,85214.1,10,0.2719,0.0,0,0,
CUST-104377,27,Male,Germany,668,0,7,2025-11-28,35748.49,2,0,0,229306.18,8,0.1826,-0.2276,0,0,
CUST-104378,30,Female,France,693,2,33,2023-09-29,71988.95,2,1,1,115123.84,33,0.2466,-0.0824,0,0,
CUST-104379,48,Female,Spain,488,6,80,2019-10-30,0.0,1,0,0,67114.07,6,0.2112,0.0,1,0,
CUST-104380,25,Male,France,645,4,57,2021-09-29,0.0,2,0,1,114519.11,27,0.0694,0.0,0,0,
CUST-104381,66,Female,Germany,673,1,13,2020-02-28,340275.72,1,1,1,107681.2,17,0.2522,0.1866,0,1,2021-03-30
CUST-104382,51,Male,France,614,4,58,2021-08-29,96368.03,2,1,1,144704.4,18,0.0307,0.0381,0,0,
CUST-104383,40,Female,France,570,7,85,2019-05-30,147730.79,1,0,0,45013.12,7,0.4075,-0.1668,0,0,
CUST-104384,30,Male,France,578,4,55,2021-11-28,19175.94,1,0,1,91461.76,27,0.1902,-0.1666,0,0,
CUST-104385,44,Male,Spain,622,4,48,2022-06-30,0.0,1,0,1,31774.24,15,0.3365,0.0,0,0,
CUST-104386,43,Female,Spain,738,2,35,2023-07-30,0.0,1,1,1,25711.4,30,0.0,0.0,0,0,
CUST-104387,32,Male,France,797,2,31,2023-11-29,0.0,1,1,0,105917.44,13,0.1377,0.0,0,0,
CUST-104388,42,Male,France,777,9,112,2017-02-28,0.0,2,0,1,143033.58,24,0.0744,0.0,0,0,
CUST-104389,34,Male,Germany,500,7,92,2018-10-29,196607.79,2,1,1,72166.15,34,0.0507,0.0349,0,0,
CUST-104390,24,Male,Germany,560,4,49,2022-05-30,37830.25,1,0,1,68578.13,29,0.0621,-0.0951,0,0,
CUST-104391,27,Female,France,713,4,54,2021-12-29,0.0,2,1,1,87276.12,31,0.3087,0.0,2,0,
CUST-104392,50,Male,Spain,775,3,36,2023-06-30,0.0,2,1,0,135922.41,9,0.1585,0.0,0,0,
CUST-104393,33,Male,Germany,557,4,59,2021-07-30,109416.32,1,1,1,117878.58,21,0.0923,0.0572,0,0,
CUST-104394,31,Female,Germany,668,0,3,2026-03-30,76240.59,1,1,0,86260.6,8,0.1683,-0.1087,0,0,
CUST-104395,38,Female,France,541,1,21,2024-09-28,0.0,2,1,0,105104.64,10,0.3154,0.0,0,0,
CUST-104396,23,Male,France,677,6,82,2019-08-30,0.0,1,1,1,113113.23,17,0.0184,0.0,0,0,
CUST-104397,37,Female,France,588,1,17,2023-12-29,71218.88,1,1,0,39904.32,11,0.0812,-0.0304,0,1,2025-05-30
CUST-104398,39,Male,Spain,668,1,17,2025-01-28,159041.14,2,1,1,96738.88,32,0.0,-0.0326,0,0,
CUST-104399,44,Male,France,534,4,54,2021-12-29,454531.35,2,1,0,35463.78,10,0.2748,-0.0071,0,0,
CUST-104400,28,Female,Spain,493,4,51,2022-03-30,0.0,2,0,1,130187.07,31,0.3325,0.0,0,0,
CUST-104401,32,Male,Spain,850,4,58,2021-08-29,30391.01,2,1,1,114757.06,22,0.336,-0.0769,0,0,
CUST-104402,38,Male,Germany,657,3,36,2023-06-30,70686.6,2,1,1,74466.04,31,0.0201,0.0241,0,0,
CUST-104403,29,Female,France,850,0,3,2026-03-30,146671.73,1,1,0,65037.3,8,0.2496,-0.1968,0,0,
CUST-104404,39,Female,France,795,1,17,2025-01-28,66315.56,1,0,1,135554.57,20,0.0895,0.073,0,0,
CUST-104405,38,Female,France,493,6,75,2020-03-30,0.0,2,1,0,83713.64,12,0.2737,0.0,0,0,
CUST-104406,23,Female,Germany,685,4,49,2022-05-30,107916.94,2,1,0,82965.04,10,0.4937,-0.285,0,0,
CUST-104407,48,Male,Spain,526,2,25,2017-01-28,75001.13,2,1,0,86553.41,7,0.3796,-0.0576,0,1,2019-02-28
CUST-104408,29,Female,France,622,7,89,2019-01-29,53257.68,2,0,1,90159.57,29,0.0,0.0162,0,0,
CUST-104409,37,Male,Spain,469,0,10,2025-08-29,109845.94,2,1,0,136996.04,11,0.191,-0.2996,0,0,
CUST-104410,62,Female,France,499,1,22,2023-12-29,180744.41,3,1,1,29718.44,18,0.0737,-0.0356,1,1,2025-10-29
CUST-104411,30,Male,France,568,4,52,2022-02-28,63195.0,1,1,1,67597.44,30,0.0186,0.1698,0,0,
CUST-104412,42,Male,France,598,7,85,2019-05-30,0.0,1,0,1,23663.19,41,0.0342,0.0,0,0,
CUST-104413,67,Male,Germany,654,0,1,2019-04-30,95982.09,3,1,0,89756.39,12,0.3619,-0.2375,0,1,2019-05-30
CUST-104414,43,Female,France,551,2,25,2024-05-30,39394.62,2,0,1,50609.0,33,0.1925,0.0063,0,0,
CUST-104415,51,Male,France,664,1,22,2017-05-30,18700.5,1,1,0,77885.77,9,0.1027,-0.061,0,1,2019-03-30
CUST-104416,28,Female,Spain,759,2,26,2024-04-29,0.0,1,1,1,47089.48,23,0.1207,0.0,0,0,
CUST-104417,56,Female,Germany,676,8,107,2017-07-30,84106.92,2,0,0,45902.94,14,0.2686,-0.0123,0,0,
CUST-104418,24,Female,France,644,10,120,2016-06-29,0.0,1,1,0,56691.15,9,0.2722,0.0,0,0,
CUST-104419,43,Male,France,683,0,2,2026-04-30,0.0,1,1,1,75317.26,30,0.0803,0.0,1,0,
CUST-104420,37,Male,Germany,512,4,56,2021-10-29,34536.1,1,0,0,105026.55,12,0.3279,-0.1345,1,0,
CUST-104421,34,Female,France,741,3,43,2022-11-29,108912.43,2,1,1,48004.45,32,0.1488,0.0414,0,0,
CUST-104422,32,Female,France,535,0,8,2018-03-30,0.0,1,1,1,77686.03,24,0.0,0.0,0,1,2018-11-29
CUST-104423,44,Male,Germany,799,5,68,2020-10-29,70667.77,1,1,0,89973.26,7,0.1566,0.1,1,0,
CUST-104424,31,Female,France,724,1,20,2024-10-29,60125.29,1,0,0,54988.79,7,0.0889,0.1842,0,0,
CUST-104425,33,Male,Germany,703,4,53,2022-01-28,26476.73,2,0,0,88705.14,19,0.0937,-0.0102,0,0,
CUST-104426,43,Male,France,708,5,66,2020-12-29,0.0,2,1,0,35288.5,17,0.1676,0.0,0,0,
CUST-104427,50,Male,France,650,7,95,2018-07-30,0.0,2,0,0,43803.87,8,0.3328,0.0,0,0,
CUST-104428,36,Male,France,575,5,70,2020-08-29,0.0,1,1,1,128947.9,22,0.2966,0.0,0,0,
CUST-104429,57,Male,France,560,6,78,2017-07-30,44147.49,2,1,0,21070.54,5,0.4635,-0.2248,0,1,2024-01-29
CUST-104430,39,Female,France,818,7,86,2019-04-30,367898.54,2,1,0,59730.07,5,0.1753,-0.03,0,0,
CUST-104431,38,Male,France,660,1,17,2025-01-28,91951.91,1,1,1,74804.51,16,0.0642,0.0741,0,0,
CUST-104432,80,Female,Spain,543,0,2,2018-08-29,0.0,3,1,0,82344.62,5,0.1259,0.0,0,1,2018-10-29
CUST-104433,41,Female,Spain,700,7,85,2018-05-30,39980.04,1,1,0,84083.21,5,0.4627,-0.1139,0,1,2025-06-29
CUST-104434,64,Female,France,683,1,19,2023-09-29,0.0,1,0,0,63733.88,11,0.5712,0.0,1,1,2025-04-29
CUST-104435,77,Male,Germany,618,0,6,2025-12-29,52604.46,2,0,0,58422.32,10,0.2509,0.0921,1,0,
CUST-104436,28,Female,Germany,564,3,37,2020-02-28,48718.16,2,1,1,45157.51,8,0.6769,-0.3147,1,1,2023-03-30
CUST-104437,30,Male,Spain,721,8,100,2018-02-28,62853.4,2,1,1,168577.02,17,0.3439,-0.2309,1,0,
CUST-104438,25,Female,France,741,7,84,2019-06-30,48959.64,1,0,1,109908.43,41,0.3065,-0.0434,1,0,
CUST-104439,45,Male,France,681,7,85,2019-05-30,179786.13,2,0,1,84580.6,27,0.1162,0.0459,0,0,
CUST-104440,45,Female,France,657,0,4,2019-07-30,36928.37,2,1,0,69266.13,2,0.7051,-0.4782,4,1,2019-11-29
CUST-104441,32,Male,France,575,7,90,2018-12-29,0.0,1,1,1,51830.9,20,0.1102,0.0,0,0,
CUST-104442,23,Female,France,696,2,27,2024-03-30,71528.52,2,0,1,70047.06,26,0.0848,0.1727,1,0,
CUST-104443,41,Male,Spain,589,7,88,2019-02-28,0.0,1,1,1,42307.69,32,0.0173,0.0,0,0,
CUST-104444,26,Male,Spain,528,7,95,2018-07-30,0.0,1,1,1,152986.37,27,0.2174,0.0,0,0,
CUST-104445,35,Female,France,758,5,69,2020-09-28,41799.05,1,1,0,44364.02,15,0.3496,0.0734,0,0,
CUST-104446,45,Male,France,551,2,27,2019-10-30,67533.58,2,1,0,36188.87,2,0.6194,-0.2935,0,1,2022-01-28
CUST-104447,38,Female,France,468,4,57,2021-09-29,0.0,2,0,1,369706.77,24,0.1071,0.0,0,0,
CUST-104448,50,Female,France,776,0,5,2026-01-28,64088.72,2,1,0,66564.58,4,0.4098,-0.1031,0,0,
CUST-104449,34,Female,Germany,483,0,8,2025-10-29,480502.83,1,0,0,44710.45,11,0.2576,0.0702,0,0,
CUST-104450,31,Female,France,613,4,57,2020-08-29,236064.81,2,0,0,109727.08,0,0.7333,-0.4247,2,1,2025-05-30
CUST-104451,29,Female,Spain,545,4,54,2021-12-29,129018.79,2,1,1,34548.93,14,0.3991,-0.0961,1,0,
CUST-104452,45,Female,Spain,581,0,4,2026-02-28,108385.05,2,1,1,49153.39,23,0.108,-0.0082,0,0,
CUST-104453,36,Male,Germany,850,6,79,2019-11-29,375733.66,2,1,1,111922.0,39,0.0383,-0.0765,0,0,
CUST-104454,30,Female,Germany,640,0,5,2026-01-28,74424.85,1,1,0,234110.53,6,0.248,0.0317,0,0,
CUST-104455,41,Female,Germany,685,0,11,2025-07-30,67511.85,2,1,1,126474.53,28,0.3019,-0.2868,0,0,
CUST-104456,25,Male,France,726,1,14,2025-04-29,80756.87,2,0,0,107379.7,7,0.1708,0.0386,0,0,
CUST-104457,37,Male,France,588,1,19,2024-11-28,77053.13,1,0,0,155067.16,13,0.2971,-0.0773,0,0,
CUST-104458,40,Male,Germany,753,4,54,2019-04-30,108797.23,2,1,0,61555.21,15,0.2184,-0.1417,0,1,2023-10-30
CUST-104459,41,Female,France,686,0,1,2026-05-30,0.0,1,1,0,32175.27,12,0.3598,0.0,0,0,
CUST-104460,57,Male,Spain,722,4,52,2022-02-28,0.0,2,1,1,48998.4,27,0.1443,0.0,0,0,
CUST-104461,34,Female,France,580,0,4,2026-02-28,0.0,1,0,0,153339.79,15,0.2531,0.0,1,0,
CUST-104462,40,Female,France,693,6,80,2019-10-30,0.0,2,0,1,37485.12,16,0.0626,0.0,0,0,
CUST-104463,42,Female,France,649,5,63,2021-03-30,0.0,1,1,1,66654.92,31,0.2139,0.0,0,0,
CUST-104464,36,Male,Spain,758,10,120,2016-06-29,50265.25,2,1,0,73855.1,10,0.1662,-0.0789,0,0,
CUST-104465,27,Female,France,598,2,24,2024-06-29,28055.51,1,1,0,90948.42,4,0.3945,-0.0513,1,0,
CUST-104466,46,Female,France,845,4,50,2017-01-28,0.0,1,0,0,100525.45,17,0.188,0.0,0,1,2021-03-30
CUST-104467,23,Male,France,683,6,74,2020-04-29,0.0,1,0,1,103186.83,29,0.3588,0.0,1,0,
CUST-104468,28,Male,Germany,638,1,22,2018-05-30,59775.11,1,1,0,367388.02,6,0.5545,-0.4976,2,1,2020-03-30
CUST-104469,34,Male,Spain,627,6,81,2019-09-29,53216.11,2,0,1,109958.53,29,0.1321,-0.0195,0,0,
CUST-104470,28,Female,France,649,3,36,2023-06-30,128682.99,1,1,1,159792.83,22,0.1983,-0.0757,0,0,
CUST-104471,37,Male,Spain,590,7,94,2018-08-29,178663.22,1,1,1,74524.43,32,0.2309,-0.1646,0,0,
CUST-104472,51,Male,France,714,1,22,2018-09-29,118943.22,2,0,0,216649.56,13,0.3839,-0.1207,1,1,2020-07-29
CUST-104473,65,Male,Germany,649,7,92,2018-10-29,115719.47,2,1,1,47046.62,29,0.2844,0.109,0,0,
CUST-104474,36,Male,France,837,3,45,2022-09-29,0.0,1,1,1,126506.53,27,0.248,0.0,1,0,
CUST-104475,41,Male,France,608,7,89,2019-01-29,60573.17,1,1,1,68199.33,30,0.103,0.0604,0,0,
CUST-104476,37,Female,Germany,638,1,20,2024-08-29,63262.46,3,1,1,124423.81,15,0.5049,-0.3164,0,1,2026-04-30
CUST-104477,36,Male,Germany,608,9,117,2016-09-28,117959.93,1,1,1,97804.77,30,0.1236,-0.1869,0,0,
CUST-104478,36,Female,France,829,7,88,2019-02-28,55594.58,1,0,0,146510.74,12,0.2534,0.091,1,0,
CUST-104479,61,Male,Spain,511,5,66,2020-12-29,134967.99,1,0,1,95456.57,19,0.3009,-0.1866,2,0,
CUST-104480,23,Male,Spain,659,8,101,2018-01-28,0.0,2,1,0,70394.08,16,0.4371,0.0,0,0,
CUST-104481,48,Female,France,680,3,41,2020-07-29,147398.01,1,0,1,125836.25,18,0.3812,-0.2172,0,1,2023-12-29
CUST-104482,30,Female,Germany,542,7,90,2018-12-29,62362.62,2,1,1,45995.91,22,0.0626,-0.0137,0,0,
CUST-104483,35,Female,Spain,850,5,61,2016-10-29,43698.78,1,1,1,27305.7,12,0.6553,-0.3571,1,1,2021-11-28
CUST-104484,27,Male,France,561,3,45,2022-09-29,88021.53,2,1,1,21623.39,24,0.0299,0.024,0,0,
CUST-104485,27,Male,Spain,653,1,13,2025-05-30,59583.59,1,1,0,196613.69,12,0.1286,0.0248,0,0,
CUST-104486,50,Female,France,812,7,85,2019-05-30,0.0,2,1,1,83375.31,28,0.1372,0.0,0,0,
CUST-104487,31,Male,Spain,614,6,79,2019-11-29,0.0,1,1,0,94186.17,5,0.0739,0.0,0,0,
CUST-104488,37,Female,France,664,1,18,2024-12-29,140436.14,1,1,1,59599.79,27,0.0542,-0.1804,0,0,
CUST-104489,42,Male,France,617,7,87,2019-03-30,0.0,1,1,1,86249.64,29,0.0698,0.0,0,0,
CUST-104490,57,Male,Germany,645,1,13,2019-10-30,333950.27,1,1,1,49066.5,14,0.461,-0.1393,1,1,2020-11-28
CUST-104491,27,Female,Germany,754,9,116,2016-10-29,132454.06,1,0,1,71530.3,32,0.0878,-0.1353,0,0,
CUST-104492,58,Female,Spain,610,1,18,2024-12-29,0.0,1,0,0,26873.0,15,0.3583,0.0,0,0,
CUST-104493,39,Female,Spain,395,3,41,2023-01-29,0.0,2,0,0,25700.43,9,0.2821,0.0,0,0,
CUST-104494,39,Female,France,647,0,7,2025-11-28,0.0,1,1,0,35233.37,9,0.4667,0.0,1,0,
CUST-104495,34,Male,France,656,4,54,2021-12-29,99480.36,1,1,1,45298.63,24,0.0989,-0.0557,1,0,
CUST-104496,33,Female,France,669,0,3,2026-03-30,0.0,1,1,1,153533.38,21,0.0954,0.0,0,0,
CUST-104497,25,Female,France,632,6,78,2019-12-29,147859.46,1,1,0,291347.32,9,0.4102,0.0305,0,0,
CUST-104498,53,Male,France,567,1,17,2016-09-28,78359.04,3,0,0,135763.61,10,0.1949,-0.118,0,1,2018-02-28
CUST-104499,27,Male,Spain,626,3,42,2022-12-29,37039.88,1,0,1,12562.12,18,0.0812,0.1062,0,0,
CUST-104500,32,Female,Spain,819,0,3,2026-03-30,0.0,2,1,0,191249.46,14,0.1487,0.0,0,0,
CUST-104501,50,Male,France,646,1,20,2024-10-29,0.0,1,0,0,58504.81,11,0.2623,0.0,0,0,
CUST-104502,36,Female,France,713,4,50,2022-04-30,0.0,1,1,1,30556.38,28,0.0,0.0,0,0,
CUST-104503,28,Male,Germany,551,0,4,2025-11-28,49906.71,4,1,1,205893.23,17,0.5462,-0.2188,0,1,2026-03-30
CUST-104504,47,Female,France,622,7,92,2018-10-29,72444.46,2,1,0,57827.42,11,0.1907,0.0275,0,0,
CUST-104505,33,Female,France,554,2,28,2024-02-28,138133.28,2,1,1,42545.82,24,0.0,0.1247,0,0,
CUST-104506,31,Female,France,774,5,66,2020-12-29,0.0,1,1,1,53705.52,24,0.1319,0.0,0,0,
CUST-104507,27,Female,France,501,10,120,2016-06-29,53717.75,2,1,0,60364.57,14,0.2961,-0.0768,1,0,
CUST-104508,32,Male,France,686,1,12,2025-06-29,38832.47,2,1,0,100962.53,8,0.2272,-0.0332,0,0,
CUST-104509,34,Female,Spain,683,4,59,2021-07-30,261539.55,1,1,1,80979.94,21,0.1574,0.1139,0,0,
CUST-104510,42,Female,France,676,1,13,2025-05-30,0.0,1,1,1,50602.95,27,0.1405,0.0,0,0,
CUST-104511,30,Female,Germany,425,3,47,2022-07-30,96404.81,2,1,1,24745.53,19,0.5251,-0.1591,0,0,
CUST-104512,53,Female,Germany,456,1,18,2024-12-29,51439.67,1,0,1,46896.81,40,0.1714,0.1342,0,0,
CUST-104513,50,Female,Spain,661,0,5,2016-11-28,0.0,1,1,1,82684.99,30,0.0,0.0,0,1,2017-04-29
CUST-104514,50,Female,France,561,2,25,2024-05-30,0.0,1,1,0,48268.87,6,0.5801,0.0,1,0,
CUST-104515,39,Female,France,588,5,60,2019-07-30,76353.18,1,1,0,78064.39,8,0.4187,-0.4663,1,1,2024-07-29
CUST-104516,46,Female,France,609,5,66,2017-11-28,160593.3,1,1,1,72324.35,15,0.5527,-0.5276,1,1,2023-05-30
CUST-104517,44,Female,France,549,5,67,2020-11-28,0.0,1,1,0,135403.79,10,0.204,0.0,1,0,
CUST-104518,49,Male,France,532,5,68,2020-10-29,0.0,1,1,1,84334.39,18,0.1779,0.0,1,0,
CUST-104519,50,Male,Spain,650,1,17,2019-06-30,176757.69,1,0,1,116685.14,19,0.1453,-0.0915,0,1,2020-11-28
CUST-104520,45,Female,France,467,3,38,2023-04-30,0.0,2,0,0,63783.36,5,0.3647,0.0,0,0,
CUST-104521,45,Male,France,601,5,63,2021-03-30,0.0,2,1,1,177882.08,27,0.1041,0.0,0,0,
CUST-104522,44,Male,France,586,3,47,2022-07-30,0.0,2,1,1,56155.47,27,0.3053,0.0,1,0,
CUST-104523,45,Male,Spain,648,0,2,2017-06-29,0.0,1,0,1,45359.42,9,0.7292,0.0,1,1,2017-08-29
CUST-104524,38,Female,Spain,850,6,75,2020-03-30,0.0,1,0,1,150574.0,29,0.1992,0.0,0,0,
CUST-104525,32,Female,Germany,556,4,55,2021-11-28,17329.87,2,0,0,51016.14,16,0.4371,-0.2687,0,0,
CUST-104526,28,Female,Germany,689,8,104,2017-10-29,77770.02,2,0,1,39597.9,37,0.0928,0.0734,0,0,
CUST-104527,27,Female,Germany,671,5,64,2021-02-28,26027.1,2,1,1,38945.6,25,0.0435,-0.0802,0,0,
CUST-104528,29,Female,Germany,704,4,55,2021-11-28,99536.25,2,1,0,54774.58,5,0.2749,-0.0427,0,0,
CUST-104529,49,Male,France,630,2,32,2023-10-30,0.0,1,0,1,62222.09,18,0.2101,0.0,1,0,
CUST-104530,56,Male,Germany,788,2,27,2019-04-30,77580.56,1,0,0,90538.94,7,0.5079,-0.1786,1,1,2021-07-30
CUST-104531,45,Male,Spain,716,2,33,2023-09-29,0.0,1,0,1,110111.4,37,0.0928,0.0,0,0,
CUST-104532,40,Male,France,717,6,72,2017-11-28,0.0,1,1,0,73230.51,10,0.1387,0.0,0,1,2023-11-29
CUST-104533,25,Female,Germany,514,6,72,2020-06-29,94316.54,2,1,0,121373.15,12,0.0693,-0.1087,2,0,
CUST-104534,36,Male,France,659,3,43,2022-11-29,33150.13,1,1,0,112824.18,17,0.1365,-0.0809,1,0,
CUST-104535,31,Female,Germany,601,0,9,2025-09-29,42366.06,2,0,1,43319.04,21,0.2169,-0.1668,1,0,
CUST-104536,31,Female,France,567,4,57,2021-09-29,122446.46,2,1,0,42108.06,7,0.1312,-0.0268,0,0,
CUST-104537,38,Male,Germany,590,7,92,2018-10-29,65993.71,2,1,1,56386.38,31,0.2087,-0.0759,1,0,
CUST-104538,44,Female,Spain,645,7,88,2019-02-28,0.0,2,1,1,22096.05,24,0.0263,0.0,0,0,
CUST-104539,37,Female,France,694,5,62,2021-04-29,187312.57,1,0,1,75310.27,13,0.2475,-0.0663,0,0,
CUST-104540,69,Female,France,744,1,20,2018-03-30,84257.69,1,0,1,63632.91,26,0.1439,0.0812,0,1,2019-11-29
CUST-104541,39,Female,France,740,5,65,2021-01-28,0.0,2,1,1,176606.01,36,0.0,0.0,0,0,
CUST-104542,24,Female,France,678,3,43,2022-11-29,149783.95,1,0,0,131904.16,6,0.3363,-0.099,0,0,
CUST-104543,61,Female,Spain,655,0,3,2026-03-30,0.0,2,1,1,61115.52,31,0.2815,0.0,1,0,
CUST-104544,37,Female,France,619,8,96,2018-06-30,6805.42,1,1,1,123355.79,29,0.0332,-0.091,0,0,
CUST-104545,56,Male,France,626,0,6,2025-12-29,261031.38,2,1,0,65902.22,4,0.5442,-0.2137,2,0,
CUST-104546,27,Female,France,575,7,95,2018-07-30,33894.63,1,1,1,93357.6,25,0.0861,-0.1295,0,0,
CUST-104547,27,Male,Spain,609,5,71,2020-07-29,330810.23,2,0,1,24913.95,23,0.2453,0.1466,0,0,
CUST-104548,30,Male,France,684,1,21,2024-09-28,55886.6,2,0,0,53013.82,15,0.1083,0.05,0,0,
CUST-104549,29,Male,Germany,798,4,58,2021-08-29,19359.5,1,1,1,78899.24,21,0.1756,-0.0696,0,0,
CUST-104550,49,Male,France,636,6,77,2020-01-29,0.0,2,1,1,62253.73,33,0.2346,0.0,1,0,
CUST-104551,53,Male,France,572,3,43,2022-11-29,0.0,2,0,0,146858.05,11,0.0501,0.0,0,0,
CUST-104552,43,Male,Germany,743,9,117,2016-09-28,303963.84,1,0,0,87805.99,11,0.6575,-0.321,0,0,
CUST-104553,40,Male,France,458,0,7,2025-11-28,179171.72,3,0,1,100966.81,26,0.1307,0.0025,0,0,
CUST-104554,25,Female,Germany,750,3,37,2023-05-30,196881.96,2,1,0,81139.66,5,0.3223,-0.1198,0,0,
CUST-104555,31,Female,France,512,4,57,2021-09-29,31856.34,1,0,0,72790.28,7,0.3468,0.0625,0,0,
CUST-104556,32,Female,Germany,713,4,57,2021-09-29,168871.7,1,1,1,119641.31,27,0.0602,0.0608,0,0,
CUST-104557,26,Male,Spain,604,9,112,2017-02-28,0.0,2,1,0,192573.36,6,0.2279,0.0,1,0,
CUST-104558,36,Female,Germany,681,3,36,2023-06-30,356591.52,2,0,1,22826.98,19,0.1385,0.1078,1,0,
CUST-104559,43,Male,France,850,0,5,2026-01-28,126366.79,1,1,0,41347.41,17,0.2062,-0.0425,0,0,
CUST-104560,47,Male,Germany,570,5,64,2019-04-30,119631.12,1,1,0,74412.42,8,0.2603,-0.0921,0,1,2024-08-29
CUST-104561,44,Male,Spain,554,9,109,2017-05-30,28914.56,2,1,1,151183.91,22,0.1953,-0.1534,0,0,
CUST-104562,34,Female,France,658,0,5,2026-01-28,145613.81,1,1,1,111071.97,21,0.2229,0.0154,1,0,
CUST-104563,32,Female,France,796,7,89,2019-01-29,0.0,1,1,1,46000.3,13,0.5171,0.0,1,0,
CUST-104564,35,Female,Spain,667,9,109,2017-05-30,150754.77,1,1,1,58100.98,17,0.0,-0.1241,0,0,
CUST-104565,36,Female,France,654,6,72,2020-06-29,0.0,1,0,0,108978.14,4,0.6667,0.0,1,1,2026-06-30
CUST-104566,28,Male,Germany,666,5,68,2020-10-29,58766.42,2,0,1,51813.54,15,0.2199,-0.0612,0,0,
CUST-104567,33,Female,Spain,554,6,74,2020-04-29,0.0,2,0,1,84167.02,25,0.2178,0.0,0,0,
CUST-104568,32,Male,France,667,3,47,2022-07-30,99584.78,2,1,0,49536.19,10,0.3412,-0.0079,0,0,
CUST-104569,58,Male,Germany,612,5,60,2016-12-29,32252.64,1,1,0,94211.33,2,0.4314,-0.3157,0,1,2021-12-29
CUST-104570,48,Female,Germany,777,1,22,2023-11-29,295386.29,1,1,1,102193.36,10,0.504,-0.3644,0,1,2025-09-29
CUST-104571,43,Female,France,727,6,72,2020-06-29,74444.97,2,1,1,16386.26,38,0.1438,-0.0246,0,0,
CUST-104572,29,Male,Spain,523,6,75,2020-03-30,0.0,2,1,0,193649.05,14,0.1837,0.0,0,0,
CUST-104573,45,Male,France,623,0,10,2025-08-29,80018.47,1,1,1,205578.55,22,0.1526,-0.0412,0,0,
CUST-104574,31,Male,France,701,3,42,2022-12-29,43547.9,2,1,1,23521.45,23,0.1732,-0.1387,1,0,
CUST-104575,46,Male,Spain,556,9,110,2017-04-29,0.0,1,1,0,63500.91,9,0.0614,0.0,0,0,
CUST-104576,35,Male,France,546,8,107,2017-07-30,0.0,1,1,1,29349.16,33,0.0,0.0,1,0,
CUST-104577,51,Female,Spain,606,5,60,2018-04-30,606436.32,2,1,0,22303.79,9,0.1211,-0.109,0,1,2023-04-30
CUST-104578,27,Male,France,683,6,74,2019-04-30,197779.85,1,0,1,112454.24,18,0.4897,-0.3694,1,1,2025-06-29
CUST-104579,45,Male,France,750,0,1,2019-12-29,56919.17,1,1,0,195063.36,13,0.1107,-0.0154,0,1,2020-01-29
CUST-104580,52,Male,France,672,3,40,2023-02-28,26124.34,2,1,1,71093.54,28,0.0652,-0.0912,0,0,
CUST-104581,35,Female,Germany,850,3,37,2023-05-30,89986.16,1,1,0,170015.37,11,0.5331,-0.318,1,0,
CUST-104582,35,Male,Spain,585,9,119,2016-07-29,0.0,2,1,0,50028.85,23,0.1213,0.0,0,0,
CUST-104583,37,Male,Spain,721,3,41,2023-01-29,0.0,1,1,1,32438.56,18,0.0,0.0,0,0,
CUST-104584,43,Female,Spain,544,0,2,2017-03-30,0.0,3,0,1,58114.37,23,0.1338,0.0,0,1,2017-05-30
CUST-104585,32,Female,Germany,805,0,5,2026-01-28,145478.49,1,0,1,46804.22,19,0.1932,-0.1278,0,0,
CUST-104586,31,Male,Spain,781,2,32,2023-10-30,0.0,2,0,0,91168.85,8,0.1872,0.0,1,0,
CUST-104587,61,Female,Germany,718,0,4,2024-06-29,74987.72,1,1,0,130941.29,2,0.5859,-0.4789,0,1,2024-10-29
CUST-104588,34,Male,Spain,483,1,20,2024-10-29,175351.62,2,1,0,38162.0,4,0.2863,-0.1561,0,0,
CUST-104589,37,Female,Germany,717,3,47,2022-07-30,113411.77,2,0,1,34189.14,19,0.3596,0.2037,1,0,
CUST-104590,33,Male,Spain,571,5,64,2021-02-28,436511.11,1,1,1,116758.79,25,0.2449,0.127,0,0,
CUST-104591,44,Female,France,694,3,43,2022-11-29,105599.04,2,1,1,59389.36,21,0.145,0.1652,0,0,
CUST-104592,31,Female,France,510,6,73,2020-05-30,0.0,1,1,1,110511.58,29,0.2346,0.0,0,0,
CUST-104593,36,Female,Germany,676,5,61,2016-06-29,162735.77,1,0,1,45787.16,26,0.1013,0.0577,1,1,2021-07-30
CUST-104594,49,Female,France,616,4,48,2022-06-30,0.0,1,1,1,50145.99,22,0.0,0.0,0,0,
CUST-104595,47,Male,France,575,7,89,2019-01-29,0.0,2,1,1,126541.14,27,0.0986,0.0,0,0,
CUST-104596,34,Female,Spain,707,5,64,2021-02-28,124603.48,1,1,1,113116.13,23,0.0507,0.0019,0,0,
CUST-104597,37,Male,France,645,9,115,2016-11-28,84847.89,2,1,0,154845.17,12,0.3202,-0.0581,0,0,
CUST-104598,30,Male,France,630,3,39,2023-03-30,0.0,2,1,0,64171.44,8,0.1648,0.0,1,0,
CUST-104599,37,Male,France,721,1,16,2025-02-28,226905.33,1,1,0,146746.93,6,0.2706,-0.1013,0,0,
CUST-104600,65,Female,France,833,3,41,2021-03-30,0.0,1,1,1,91982.43,21,0.313,0.0,2,1,2024-08-29
CUST-104601,46,Female,Germany,676,2,28,2024-02-28,16315.18,2,1,0,89973.71,15,0.0829,-0.0863,0,0,
CUST-104602,30,Female,Spain,477,8,98,2018-04-30,0.0,1,1,0,45015.34,8,0.1102,0.0,0,0,
CUST-104603,26,Female,Spain,500,1,20,2024-10-29,0.0,1,1,0,103543.1,19,0.1423,0.0,0,0,
CUST-104604,30,Female,Germany,657,0,8,2025-10-29,59025.12,1,1,0,62602.7,11,0.2891,-0.064,0,0,
CUST-104605,28,Female,Germany,749,6,77,2018-12-29,137468.91,1,0,1,200361.54,15,0.3728,-0.2081,0,1,2025-05-30
CUST-104606,36,Female,France,663,5,60,2021-06-29,0.0,2,1,1,71935.86,38,0.0637,0.0,0,0,
CUST-104607,51,Male,Spain,699,2,25,2024-05-30,0.0,1,1,0,65151.62,11,0.2841,0.0,1,0,
CUST-104608,36,Male,France,644,1,13,2025-05-30,0.0,2,1,0,145387.88,7,0.4077,0.0,0,0,
CUST-104609,32,Female,France,742,6,74,2020-04-29,80356.22,2,0,1,75409.23,20,0.0705,-0.0668,0,0,
CUST-104610,34,Female,Spain,709,2,27,2020-10-29,0.0,3,1,0,45069.49,5,0.6714,0.0,2,1,2023-01-29
CUST-104611,43,Male,Spain,552,5,61,2021-05-30,33404.79,2,1,1,31010.1,18,0.1436,0.1603,0,0,
CUST-104612,39,Male,France,693,2,31,2023-11-29,0.0,1,1,0,44010.77,13,0.0239,0.0,0,0,
CUST-104613,30,Male,Germany,502,0,8,2020-11-28,62362.74,1,1,0,26370.32,18,0.3027,-0.1385,1,1,2021-07-30
CUST-104614,46,Male,France,693,7,90,2017-06-29,0.0,1,0,0,68376.13,5,0.1098,0.0,1,1,2024-12-29
CUST-104615,29,Female,France,623,0,2,2026-04-30,0.0,2,1,0,115507.58,18,0.1802,0.0,2,0,
CUST-104616,38,Male,France,665,9,110,2017-04-29,141773.29,2,1,0,52657.44,8,0.1821,-0.0613,0,0,
CUST-104617,33,Male,France,681,4,53,2022-01-28,62670.25,1,0,1,289840.62,29,0.0653,0.0496,0,0,
CUST-104618,35,Female,Germany,677,3,41,2023-01-29,99430.27,2,1,0,33018.75,9,0.1955,0.0178,1,0,
CUST-104619,29,Male,France,786,3,38,2023-04-30,0.0,1,1,1,96366.99,23,0.2032,0.0,0,0,
CUST-104620,37,Male,Germany,653,4,56,2021-10-29,42863.39,2,0,1,91469.76,23,0.242,0.2056,0,0,
CUST-104621,28,Female,France,668,6,83,2019-07-30,0.0,1,1,1,57048.6,22,0.2121,0.0,0,0,
CUST-104622,32,Male,Spain,778,3,36,2023-06-30,99617.46,1,1,0,66090.05,9,0.2022,0.0736,0,0,
CUST-104623,35,Female,Germany,832,2,29,2019-03-30,93991.37,1,1,1,179676.98,17,0.0,0.1072,0,1,2021-08-29
CUST-104624,30,Female,Spain,648,0,6,2025-02-28,0.0,3,1,0,129904.54,2,0.5277,0.0,1,1,2025-08-29
CUST-104625,53,Female,France,601,7,95,2018-07-30,0.0,2,1,0,120454.32,8,0.1026,0.0,0,0,
CUST-104626,32,Male,Germany,606,2,29,2024-01-29,23587.09,1,1,0,43043.87,8,0.6369,-0.4357,0,0,
CUST-104627,34,Female,Spain,693,1,18,2024-12-29,78359.75,2,0,1,94564.61,15,0.0959,0.0842,0,0,
CUST-104628,37,Female,France,630,9,110,2017-04-29,44422.1,1,1,0,112824.6,12,0.2722,-0.0983,0,0,
CUST-104629,27,Female,France,482,10,120,2016-06-29,62385.79,1,1,1,115889.08,28,0.148,0.0138,0,0,
CUST-104630,25,Male,France,758,5,68,2020-10-29,0.0,2,0,1,33395.95,14,0.285,0.0,1,0,
CUST-104631,35,Male,France,728,9,115,2016-11-28,0.0,1,0,0,86836.1,6,0.2721,0.0,0,0,
CUST-104632,26,Male,France,760,8,97,2018-05-30,35878.96,2,1,1,86389.68,29,0.0088,0.0833,1,0,
CUST-104633,40,Female,France,779,6,79,2019-11-29,26283.83,1,1,0,133287.58,15,0.307,0.1262,1,0,
CUST-104634,41,Female,France,668,0,7,2025-05-30,132837.03,2,0,0,62274.55,8,0.7166,-0.2448,1,1,2025-12-29
CUST-104635,40,Male,Germany,675,2,29,2024-01-29,49012.48,1,0,0,38173.66,13,0.0,0.0735,0,0,
CUST-104636,45,Female,France,747,4,54,2019-01-29,73601.84,1,0,1,42734.55,10,0.508,-0.1717,0,1,2023-07-30
CUST-104637,35,Female,France,533,4,52,2017-02-28,115821.52,1,1,0,87920.9,4,0.5206,-0.2628,1,1,2021-06-29
CUST-104638,54,Female,Germany,616,4,48,2022-06-30,108857.12,2,0,0,136421.78,11,0.1471,-0.0299,0,0,
CUST-104639,39,Male,France,644,1,17,2021-10-29,77196.15,3,1,1,58868.81,12,0.5131,-0.2601,0,1,2023-03-30
CUST-104640,52,Female,France,739,3,44,2021-06-29,50055.11,1,1,1,84579.79,16,0.1598,0.1106,1,1,2025-02-28
CUST-104641,45,Female,France,598,4,56,2021-10-29,0.0,1,0,1,23333.39,38,0.0261,0.0,0,0,
CUST-104642,35,Female,France,582,4,54,2017-12-29,100911.74,2,1,0,22305.46,4,0.589,-0.1188,2,1,2022-06-30
CUST-104643,39,Female,France,609,0,5,2026-01-28,201277.42,1,1,0,93551.57,5,0.4923,-0.0526,0,0,
CUST-104644,42,Female,France,695,0,7,2025-11-28,13513.63,1,0,0,92640.85,9,0.0226,0.1142,0,0,
CUST-104645,25,Male,France,643,5,71,2020-07-29,118901.51,1,0,1,106689.53,12,0.2421,-0.2404,0,0,
CUST-104646,27,Female,Spain,511,5,60,2021-06-29,33544.13,1,0,0,22804.1,10,0.3874,0.1559,0,0,
CUST-104647,57,Male,Spain,530,1,23,2024-07-29,57419.94,2,1,1,160252.89,26,0.0551,0.1445,1,0,
CUST-104648,42,Female,France,663,8,97,2018-05-30,0.0,1,1,1,52903.07,17,0.11,0.0,1,0,
CUST-104649,49,Female,France,666,1,17,2025-01-28,79384.92,1,0,0,51594.13,6,0.2058,0.3166,0,0,
CUST-104650,53,Female,France,653,1,16,2025-02-28,0.0,1,0,0,103915.83,6,0.0,0.0,0,0,
CUST-104651,35,Female,Spain,605,1,22,2024-08-29,217507.9,1,0,1,75322.92,29,0.0367,0.0201,0,0,
CUST-104652,53,Male,Spain,726,6,80,2019-10-30,136441.47,2,1,0,182679.54,17,0.1388,-0.0084,0,0,
CUST-104653,35,Male,France,685,5,62,2021-04-29,60166.19,1,1,1,106959.38,21,0.1736,0.2246,0,0,
CUST-104654,42,Female,France,682,9,111,2017-03-30,0.0,2,1,1,168143.01,25,0.1115,0.0,0,0,
CUST-104655,55,Male,France,686,0,4,2018-09-29,0.0,4,1,0,57244.89,5,0.2224,0.0,0,1,2019-01-29
CUST-104656,44,Male,Spain,803,3,37,2023-05-30,0.0,1,1,1,141347.86,33,0.201,0.0,0,0,
CUST-104657,29,Female,Spain,552,1,22,2024-08-29,0.0,2,1,0,21223.09,13,0.1964,0.0,0,0,
CUST-104658,36,Male,France,610,0,5,2026-01-28,54357.17,1,1,1,68741.63,28,0.0448,0.1061,0,0,
CUST-104659,40,Male,Germany,618,2,30,2023-12-29,118683.48,1,1,1,34377.49,22,0.0187,0.0087,1,0,
CUST-104660,43,Male,France,771,9,116,2016-10-29,68039.07,2,1,0,77402.33,12,0.2472,-0.1818,0,0,
CUST-104661,51,Female,Germany,614,3,38,2023-04-30,112513.45,1,0,1,79683.96,34,0.1126,-0.0519,0,0,
CUST-104662,43,Male,Spain,574,1,21,2024-09-28,42112.82,2,1,1,121883.75,29,0.2463,-0.1247,0,0,
CUST-104663,36,Female,France,640,1,17,2025-01-28,365981.02,2,1,1,82896.11,28,0.1002,-0.0313,0,0,
CUST-104664,34,Male,France,660,5,68,2019-08-30,0.0,3,1,0,48207.6,7,0.5822,0.0,1,1,2025-04-29
CUST-104665,35,Male,Germany,765,8,102,2017-12-29,271143.7,2,1,0,56029.61,22,0.2922,-0.192,0,0,
CUST-104666,33,Male,France,614,5,68,2019-08-30,29264.9,2,0,0,80656.8,9,0.4705,0.013,0,1,2025-04-29
CUST-104667,32,Male,Spain,584,0,5,2026-01-28,363111.9,2,0,1,50569.93,29,0.4197,-0.1656,1,0,
CUST-104668,48,Female,France,563,6,73,2017-12-29,0.0,1,1,1,138907.55,22,0.3908,0.0,2,1,2024-01-29
CUST-104669,38,Male,Spain,617,5,63,2020-09-28,0.0,1,1,1,58715.09,22,0.2945,0.0,0,1,2025-12-29
CUST-104670,33,Male,France,850,6,78,2019-12-29,0.0,2,1,1,126769.16,30,0.0091,0.0,1,0,
CUST-104671,37,Male,France,687,9,115,2016-11-28,0.0,1,1,0,49695.32,6,0.5027,0.0,0,0,
CUST-104672,33,Male,France,707,3,42,2022-12-29,0.0,2,1,0,101631.18,18,0.3707,0.0,0,0,
CUST-104673,25,Male,France,650,2,26,2024-04-29,34995.11,1,1,0,64208.95,10,0.0621,0.1323,0,0,
CUST-104674,43,Male,France,663,1,18,2024-12-29,0.0,2,0,0,136847.89,15,0.2815,0.0,0,0,
CUST-104675,49,Female,Germany,726,0,8,2022-04-30,59897.84,2,0,0,206451.87,7,0.5348,-0.1991,0,1,2022-12-29
CUST-104676,47,Male,France,704,6,82,2019-08-30,85079.64,1,0,0,80787.04,5,0.4197,-0.1326,1,0,
CUST-104677,46,Female,France,684,0,1,2017-02-28,99576.97,2,1,0,205010.24,2,0.7313,-0.2487,3,1,2017-03-30
CUST-104678,28,Female,France,652,6,77,2020-01-29,0.0,2,1,0,66234.59,5,0.3304,0.0,0,0,
CUST-104679,53,Male,France,616,5,70,2020-08-29,66809.83,2,1,1,80395.55,24,0.0039,0.0721,0,0,
CUST-104680,32,Female,Spain,691,2,30,2023-10-30,440664.79,1,0,0,67932.68,5,0.7231,-0.359,1,1,2026-04-30
CUST-104681,28,Female,Spain,658,7,89,2019-01-29,0.0,1,1,0,41479.07,14,0.0,0.0,0,0,
CUST-104682,23,Female,France,850,2,30,2023-12-29,123540.24,2,1,1,161109.7,24,0.061,0.0651,1,0,
CUST-104683,39,Female,Spain,751,8,106,2017-08-29,0.0,1,1,1,78507.51,32,0.2752,0.0,0,0,
CUST-104684,53,Female,Germany,585,2,25,2018-08-29,264393.61,1,1,1,57177.13,33,0.0,-0.0506,0,1,2020-09-28
CUST-104685,51,Male,Spain,538,1,19,2024-11-28,0.0,2,1,1,48605.51,33,0.0,0.0,0,0,
CUST-104686,37,Female,France,612,7,89,2016-06-29,74739.26,1,0,1,204050.01,18,0.2462,-0.1243,0,1,2023-11-29
CUST-104687,48,Male,France,546,4,57,2021-09-29,113076.46,3,0,1,66556.66,27,0.0994,0.1071,1,0,
CUST-104688,66,Female,France,606,3,39,2017-01-28,0.0,1,1,1,66181.03,15,0.7235,0.0,3,1,2020-04-29
CUST-104689,34,Female,Spain,557,7,93,2018-09-29,0.0,2,1,1,126658.02,38,0.2609,0.0,0,0,
CUST-104690,42,Female,Germany,619,5,66,2017-12-29,27622.15,1,1,0,168695.27,3,0.6953,-0.3777,1,1,2023-06-30
CUST-104691,53,Female,France,620,3,46,2016-06-29,94282.41,1,1,1,54257.89,8,0.5181,-0.3106,0,1,2020-04-29
CUST-104692,28,Male,France,664,1,17,2025-01-28,0.0,2,0,1,101561.18,38,0.1769,0.0,0,0,
CUST-104693,28,Female,Germany,630,1,22,2024-08-29,53306.12,1,1,1,101450.69,37,0.0,0.1346,0,0,
CUST-104694,56,Male,Spain,563,7,91,2018-11-29,72796.18,1,1,1,65411.4,28,0.2534,0.0351,0,0,
CUST-104695,48,Female,France,767,5,63,2019-07-30,316435.69,1,1,1,58343.65,19,0.408,-0.3918,0,1,2024-10-29
CUST-104696,31,Female,Germany,689,5,65,2021-01-28,102588.96,1,1,0,51542.47,4,0.5444,-0.1923,0,0,
CUST-104697,29,Male,France,598,8,104,2017-10-29,0.0,2,1,0,127571.61,13,0.2153,0.0,1,0,
CUST-104698,28,Female,France,565,5,64,2021-02-28,27206.75,2,1,1,82745.42,24,0.1717,0.0056,0,0,
CUST-104699,39,Male,Germany,509,3,38,2023-01-29,77775.37,1,0,0,75225.47,4,0.4521,-0.0075,1,1,2026-03-30
CUST-104700,31,Male,Spain,502,1,15,2025-03-30,53159.19,1,0,0,48625.43,8,0.281,0.0781,0,0,
CUST-104701,31,Female,Spain,751,7,86,2019-04-30,233376.78,2,0,1,127633.62,19,0.0,-0.1711,0,0,
CUST-104702,28,Female,France,740,1,18,2024-12-29,0.0,1,1,1,85738.83,28,0.161,0.0,0,0,
CUST-104703,38,Female,France,594,9,111,2017-03-30,0.0,1,1,1,44652.24,19,0.2419,0.0,0,0,
CUST-104704,28,Male,France,781,2,29,2024-01-29,0.0,3,0,0,59504.59,3,0.4152,0.0,0,0,
CUST-104705,44,Male,France,709,8,102,2017-12-29,59093.54,2,1,1,109452.79,28,0.1211,0.0113,0,0,
CUST-104706,51,Male,France,670,1,15,2025-03-30,67596.04,1,0,1,27342.51,24,0.2411,-0.3923,0,0,
CUST-104707,39,Male,France,733,6,74,2020-04-29,232677.55,1,1,0,70633.31,4,0.1488,-0.0646,2,0,
CUST-104708,48,Male,France,709,4,48,2022-06-30,0.0,2,1,1,114037.85,31,0.0,0.0,0,0,
CUST-104709,36,Male,France,665,6,82,2019-08-30,0.0,2,1,0,82537.6,12,0.1816,0.0,1,0,
CUST-104710,30,Female,France,627,9,117,2016-09-28,52531.68,1,1,0,108076.31,11,0.2509,-0.0174,0,0,
CUST-104711,34,Male,Spain,640,9,112,2017-02-28,154257.02,2,1,1,22851.2,23,0.1696,-0.1498,1,0,
CUST-104712,26,Female,France,496,10,120,2016-06-29,94143.28,2,0,1,35215.93,34,0.0,-0.253,0,0,
CUST-104713,32,Female,Germany,573,6,76,2020-02-28,61212.79,1,1,1,117888.49,24,0.2356,-0.1281,0,0,
CUST-104714,35,Male,Spain,823,8,105,2017-09-29,41059.21,2,0,1,89887.54,34,0.0905,0.0192,0,0,
CUST-104715,37,Female,Germany,571,4,56,2020-01-29,54392.16,2,0,0,62222.21,11,0.1985,-0.452,2,1,2024-09-28
CUST-104716,49,Male,France,472,6,72,2020-06-29,36306.43,2,0,1,83866.59,26,0.1451,0.0127,0,0,
CUST-104717,54,Male,France,737,5,63,2021-03-30,0.0,2,1,1,100374.52,27,0.2185,0.0,0,0,
CUST-104718,39,Female,Germany,674,5,71,2019-12-29,745105.93,1,1,0,55130.23,9,0.2897,-0.1006,1,1,2025-11-28
CUST-104719,29,Male,Germany,679,0,4,2026-02-28,19829.15,2,1,0,49199.65,3,0.5622,-0.3264,0,0,
CUST-104720,29,Male,France,635,9,119,2016-07-29,0.0,1,1,1,34581.86,13,0.0885,0.0,1,0,
CUST-104721,32,Female,France,737,9,111,2017-03-30,128127.57,1,1,1,160310.77,29,0.1878,-0.0659,1,0,
CUST-104722,31,Male,Germany,797,5,69,2020-09-28,24359.36,2,1,1,74968.96,28,0.2629,-0.0759,0,0,
CUST-104723,39,Female,France,600,5,70,2020-08-29,167471.22,2,0,1,166347.78,27,0.0,0.1648,0,0,
CUST-104724,29,Female,Germany,711,0,1,2026-05-30,459025.81,1,1,1,34470.03,22,0.0128,0.0396,1,0,
CUST-104725,55,Male,France,757,3,36,2022-02-28,0.0,1,0,1,77353.95,16,0.5955,0.0,2,1,2025-02-28
CUST-104726,46,Female,France,595,4,57,2020-06-29,183296.04,1,0,1,37424.61,12,0.6667,-0.0615,1,1,2025-03-30
CUST-104727,49,Male,Spain,795,2,25,2024-05-30,77589.07,3,0,0,189454.37,8,0.4546,-0.2796,0,0,
CUST-104728,32,Male,France,757,0,1,2026-05-30,121848.09,2,1,1,322279.51,24,0.0547,-0.0993,0,0,
CUST-104729,29,Female,Germany,531,9,118,2016-08-29,19497.35,1,1,0,143492.16,8,0.3636,-0.1948,2,0,
CUST-104730,31,Male,France,803,8,97,2018-05-30,0.0,1,0,1,38906.45,26,0.1683,0.0,0,0,
CUST-104731,38,Female,France,536,0,3,2026-03-30,88611.11,2,1,1,38119.01,22,0.1358,-0.0209,0,0,
CUST-104732,37,Male,Spain,584,8,100,2018-02-28,61684.43,2,1,0,68261.48,9,0.3958,-0.0926,0,0,
CUST-104733,53,Male,France,716,4,57,2021-09-29,282848.28,2,1,0,77731.61,8,0.1746,-0.0819,0,0,
CUST-104734,56,Female,France,750,5,63,2021-03-30,0.0,2,1,1,95827.51,14,0.341,0.0,0,0,
CUST-104735,38,Female,Spain,659,1,16,2018-06-30,0.0,1,0,0,93476.57,12,0.0515,0.0,0,1,2019-10-30
CUST-104736,27,Male,Germany,590,1,22,2024-08-29,65279.31,1,0,0,72696.22,6,0.4557,-0.399,1,0,
CUST-104737,34,Female,Germany,625,6,78,2019-12-29,62015.78,1,1,0,63525.89,7,0.0932,-0.2745,0,0,
CUST-104738,77,Male,France,614,4,59,2021-07-30,0.0,1,0,1,45838.84,18,0.4719,0.0,0,0,
CUST-104739,27,Male,France,731,4,49,2022-05-30,69812.14,2,0,1,104535.55,20,0.4025,-0.2316,0,0,
CUST-104740,40,Female,Germany,611,2,26,2018-03-30,124869.04,2,1,0,19458.59,3,0.3843,-0.2887,1,1,2020-05-30
CUST-104741,31,Female,France,587,8,100,2018-02-28,136753.45,2,1,1,76052.01,18,0.3723,-0.2311,0,0,
CUST-104742,63,Male,France,508,0,7,2019-03-30,0.0,1,0,1,81594.0,9,0.6689,0.0,2,1,2019-10-30
CUST-104743,41,Female,Spain,593,1,17,2025-01-28,0.0,2,0,0,63739.39,9,0.1691,0.0,0,0,
CUST-104744,31,Male,France,639,2,24,2024-01-29,39475.37,4,1,0,112682.54,6,0.6574,-0.3852,0,1,2026-01-28
CUST-104745,33,Female,France,541,5,63,2021-03-30,0.0,1,0,0,123763.94,11,0.1093,0.0,0,0,
CUST-104746,24,Female,France,483,1,12,2025-06-29,102014.5,1,1,1,80566.09,31,0.2077,0.0078,0,0,
CUST-104747,40,Male,France,744,4,57,2021-09-29,0.0,2,0,0,257018.04,12,0.1099,0.0,0,0,
CUST-104748,40,Male,Germany,554,7,92,2018-10-29,29059.36,1,1,1,49104.33,27,0.2996,-0.1367,2,0,
CUST-104749,27,Female,Spain,524,4,49,2022-05-30,82801.68,2,0,1,55808.4,29,0.0979,-0.1061,1,0,
CUST-104750,43,Female,France,801,3,44,2021-04-29,0.0,1,1,0,57290.05,3,0.5861,0.0,0,1,2024-12-29
CUST-104751,56,Male,France,731,1,19,2024-11-28,178858.78,1,1,0,133973.35,7,0.1952,0.0824,0,0,
CUST-104752,28,Male,Germany,748,2,31,2023-11-29,225863.02,2,1,1,87929.25,28,0.3322,-0.1771,0,0,
CUST-104753,43,Male,France,698,8,97,2018-05-30,0.0,1,1,0,25007.3,12,0.2555,0.0,0,0,
CUST-104754,43,Female,France,776,1,16,2019-07-30,0.0,1,1,1,60078.44,9,0.4631,0.0,4,1,2020-11-28
CUST-104755,38,Female,Spain,735,2,26,2024-04-29,0.0,1,1,1,51779.06,28,0.0,0.0,0,0,
CUST-104756,39,Female,Germany,617,2,30,2021-12-29,127832.64,1,0,0,182676.49,5,0.6236,-0.3837,0,1,2024-06-29
CUST-104757,33,Male,France,548,2,25,2024-05-30,0.0,1,1,0,46155.19,7,0.2515,0.0,1,0,
CUST-104758,24,Female,Spain,527,8,100,2018-02-28,116829.02,2,1,1,71354.05,27,0.3569,-0.191,1,0,
CUST-104759,40,Male,France,637,1,17,2025-01-28,96487.89,1,0,0,30288.34,5,0.0871,0.1804,0,0,
CUST-104760,46,Male,Spain,544,3,46,2022-08-29,0.0,1,1,0,78515.45,7,0.1854,0.0,0,0,
CUST-104761,30,Male,Germany,573,5,60,2021-06-29,200822.02,1,1,0,202716.0,6,0.1223,0.0573,2,0,
CUST-104762,31,Male,Germany,635,9,109,2017-05-30,26247.23,2,0,0,45537.87,10,0.2235,0.0135,0,0,
CUST-104763,31,Female,Spain,784,6,80,2019-10-30,154887.28,1,1,1,120200.63,24,0.0595,0.057,1,0,
CUST-104764,41,Male,Germany,505,7,90,2018-12-29,42976.56,2,1,0,64289.76,7,0.2361,0.2412,1,0,
CUST-104765,40,Male,France,653,2,28,2024-02-28,101397.25,2,1,0,71228.78,5,0.2568,-0.0034,0,0,
CUST-104766,30,Female,France,530,8,107,2017-07-30,0.0,1,0,0,101278.11,9,0.1937,0.0,0,0,
CUST-104767,37,Male,Germany,597,8,105,2017-09-29,94751.3,1,0,1,36076.96,26,0.3697,-0.3335,1,0,
CUST-104768,37,Male,Germany,739,6,77,2020-01-29,209642.4,2,1,0,47224.9,2,0.1902,0.1604,0,0,
CUST-104769,41,Male,France,569,3,36,2023-06-30,172965.47,1,1,0,43748.52,3,0.1805,0.0337,0,0,
CUST-104770,34,Male,Germany,625,9,113,2017-01-28,47230.97,2,1,1,182482.31,16,0.217,-0.0755,0,0,
CUST-104771,50,Male,Germany,664,2,28,2018-06-30,91809.2,3,1,1,128579.52,18,0.5873,-0.4294,0,1,2020-10-29
CUST-104772,41,Female,France,717,8,105,2017-09-29,0.0,2,0,0,123958.79,10,0.2348,0.0,1,0,
CUST-104773,50,Male,France,597,3,46,2018-06-30,135825.18,1,0,0,125505.97,6,0.5112,-0.4044,0,1,2022-04-30
CUST-104774,40,Male,France,771,0,1,2026-05-30,135362.19,1,0,0,112338.94,3,0.24,-0.0768,0,0,
CUST-104775,41,Female,France,607,2,28,2024-02-28,0.0,1,0,0,29489.25,10,0.3281,0.0,0,0,
CUST-104776,26,Male,France,696,0,3,2016-07-29,175196.84,1,1,0,51865.45,3,0.6457,-0.4125,0,1,2016-10-29
CUST-104777,40,Female,France,632,1,15,2025-03-30,0.0,2,1,0,63894.96,14,0.3119,0.0,1,0,
CUST-104778,36,Male,France,721,3,42,2022-12-29,116906.89,1,1,1,77426.31,19,0.3748,-0.232,0,0,
CUST-104779,51,Female,France,845,3,40,2023-02-28,0.0,2,1,1,41151.24,28,0.2516,0.0,0,0,
CUST-104780,49,Male,Germany,623,6,79,2019-11-29,329630.56,2,0,0,33604.45,7,0.2705,0.1057,0,0,
CUST-104781,53,Female,France,648,3,41,2022-09-29,0.0,1,0,1,40338.95,13,0.7241,0.0,0,1,2026-02-28
CUST-104782,31,Female,Spain,609,5,65,2021-01-28,0.0,2,1,1,47442.15,30,0.1231,0.0,0,0,
CUST-104783,37,Female,Spain,594,5,68,2020-10-29,68987.73,2,1,1,58813.48,11,0.3786,-0.2873,0,0,
CUST-104784,55,Female,Germany,583,5,65,2021-01-28,100842.91,1,0,0,91011.59,5,0.6383,-0.4283,1,0,
CUST-104785,31,Male,Spain,648,1,18,2024-12-29,68833.69,2,1,1,66150.46,40,0.1232,-0.0978,0,0,
CUST-104786,51,Male,Spain,575,3,43,2022-11-29,0.0,1,1,0,140726.91,15,0.1547,0.0,1,0,
CUST-104787,50,Female,France,578,3,39,2023-03-30,0.0,2,1,1,101311.93,32,0.1516,0.0,1,0,
CUST-104788,37,Female,Germany,350,3,40,2023-02-28,216086.8,2,1,1,60674.7,16,0.0,-0.0347,0,0,
CUST-104789,59,Male,France,783,3,45,2022-09-29,29623.87,2,0,1,92178.97,11,0.5709,-0.1924,0,0,
CUST-104790,50,Female,Germany,808,1,13,2022-11-29,98810.47,1,1,0,68019.28,4,0.5853,-0.3923,0,1,2023-12-29
CUST-104791,28,Female,France,712,6,79,2019-11-29,35764.99,1,0,1,52065.28,19,0.4296,-0.2232,0,0,
CUST-104792,56,Female,France,566,6,81,2019-09-29,0.0,2,0,1,74358.49,32,0.0,0.0,2,0,
CUST-104793,37,Female,France,529,0,9,2025-09-29,23279.94,2,1,1,90462.74,19,0.1384,-0.0045,0,0,
CUST-104794,41,Female,Spain,500,8,107,2017-07-30,88099.21,1,1,0,125032.47,7,0.1833,-0.0134,0,0,
CUST-104795,41,Male,France,711,5,66,2020-12-29,0.0,2,1,1,242158.81,26,0.1572,0.0,1,0,
CUST-104796,44,Female,France,771,4,55,2021-11-28,97675.98,1,1,0,145016.36,12,0.3319,-0.0237,2,0,
CUST-104797,55,Male,France,666,4,50,2022-04-30,0.0,2,1,1,41593.46,23,0.1096,0.0,0,0,
CUST-104798,41,Male,France,732,5,64,2017-11-28,0.0,1,1,0,29936.71,6,0.7987,0.0,1,1,2023-03-30
CUST-104799,36,Female,Spain,693,2,24,2021-04-29,15915.89,1,1,1,146670.54,23,0.3781,-0.3204,2,1,2023-04-30
CUST-104800,30,Female,Spain,576,1,16,2025-02-28,22497.01,1,1,0,67247.7,11,0.3014,0.068,0,0,
CUST-104801,33,Male,France,747,2,33,2023-09-29,0.0,1,1,1,48879.54,35,0.1212,0.0,0,0,
CUST-104802,49,Female,France,741,7,95,2017-09-29,0.0,2,1,0,176628.59,10,0.1257,0.0,0,1,2025-08-29
CUST-104803,53,Male,France,555,0,3,2026-03-30,0.0,2,0,0,64930.5,17,0.2172,0.0,0,0,
CUST-104804,34,Male,France,727,1,21,2024-09-28,0.0,2,0,1,67752.11,34,0.0,0.0,1,0,
CUST-104805,46,Female,Spain,636,1,15,2025-03-30,0.0,1,1,0,50669.43,6,0.1904,0.0,0,0,
CUST-104806,33,Female,Germany,625,4,54,2018-09-29,216996.12,2,0,0,23522.26,13,0.4266,-0.2699,0,1,2023-03-30
CUST-104807,25,Male,France,687,7,87,2019-03-30,52877.53,2,0,1,43346.59,22,0.3543,-0.1342,0,0,
CUST-104808,27,Male,Germany,685,5,65,2021-01-28,26408.24,2,1,1,50747.81,15,0.1438,-0.1523,0,0,
CUST-104809,51,Female,France,735,3,45,2022-09-29,114347.45,2,1,1,29216.48,26,0.1134,0.0005,0,0,
CUST-104810,25,Male,Germany,568,0,8,2025-10-29,88781.65,1,1,1,75223.68,35,0.1182,-0.0864,1,0,
CUST-104811,45,Female,Germany,704,1,18,2024-12-29,173459.77,2,1,0,83382.08,12,0.187,-0.012,1,0,
CUST-104812,40,Male,Germany,539,7,90,2018-12-29,37872.05,1,1,0,118750.86,13,0.053,-0.0073,0,0,
CUST-104813,52,Female,Germany,633,4,54,2021-12-29,91170.25,2,1,1,47488.84,23,0.1716,-0.0878,1,0,
CUST-104814,39,Male,Spain,639,7,85,2016-12-29,51019.9,1,1,0,25708.74,9,0.6668,-0.4214,2,1,2024-01-29
CUST-104815,43,Male,France,743,7,92,2018-10-29,107226.28,1,1,1,60128.99,36,0.1761,-0.03,0,0,
CUST-104816,40,Male,France,651,3,36,2018-06-30,50023.01,1,1,0,36183.77,9,0.4497,-0.2281,1,1,2021-06-29
CUST-104817,41,Female,France,625,3,40,2018-03-30,88895.76,3,0,1,70962.32,23,0.3034,0.089,0,1,2021-07-30
CUST-104818,37,Female,Germany,787,2,34,2023-08-30,221055.95,2,1,0,116031.64,17,0.2672,0.0223,0,0,
CUST-104819,43,Male,Germany,609,1,20,2024-10-29,92518.53,1,0,0,53781.76,6,0.1431,-0.2594,1,0,
CUST-104820,35,Male,Germany,605,8,100,2018-02-28,67525.54,2,1,1,69212.89,12,0.0675,-0.0311,0,0,
CUST-104821,48,Male,Germany,470,0,9,2025-09-29,272302.22,1,1,1,23328.08,21,0.1286,0.3009,0,0,
CUST-104822,39,Female,France,629,9,116,2016-10-29,0.0,2,1,1,58129.52,23,0.1812,0.0,1,0,
CUST-104823,47,Male,Germany,560,0,1,2026-05-30,106026.8,2,1,1,174005.18,24,0.0942,0.2181,0,0,
CUST-104824,31,Female,Germany,626,6,72,2020-06-29,172944.69,2,1,0,97861.79,6,0.0444,0.066,0,0,
CUST-104825,34,Male,France,673,7,88,2019-02-28,0.0,1,1,0,46848.5,9,0.1745,0.0,0,0,
CUST-104826,27,Female,France,546,1,15,2018-06-30,0.0,2,1,0,38834.1,5,0.3427,0.0,1,1,2019-09-29
CUST-104827,42,Female,France,571,1,14,2025-04-29,0.0,2,1,0,70996.96,6,0.3845,0.0,0,0,
CUST-104828,41,Male,France,496,7,84,2019-06-30,112962.42,1,1,1,95253.35,22,0.014,0.136,0,0,
CUST-104829,33,Male,Spain,601,6,73,2020-05-30,607696.11,2,1,0,47208.24,15,0.5032,-0.4821,1,0,
CUST-104830,38,Female,Spain,559,0,10,2025-08-29,0.0,1,1,1,64714.98,40,0.1064,0.0,1,0,
CUST-104831,30,Male,Germany,850,1,20,2024-10-29,198275.19,1,0,0,24896.12,12,0.0301,-0.0653,0,0,
CUST-104832,50,Female,France,794,1,14,2025-04-29,0.0,2,0,0,112580.17,10,0.3075,0.0,0,0,
CUST-104833,49,Female,Germany,779,5,61,2019-09-29,62650.92,2,1,0,44956.94,8,0.6415,-0.2405,0,1,2024-10-29
CUST-104834,37,Male,Germany,526,4,56,2021-10-29,139610.73,2,1,1,102034.5,26,0.0,0.0714,0,0,
CUST-104835,36,Female,France,633,9,116,2016-10-29,0.0,2,1,0,87208.54,9,0.1426,0.0,0,0,
CUST-104836,26,Male,Spain,534,3,37,2023-05-30,0.0,2,1,1,92835.79,20,0.0726,0.0,0,0,
CUST-104837,47,Female,France,827,5,67,2020-11-28,229706.76,1,1,1,62450.25,31,0.0926,-0.0167,0,0,
CUST-104838,31,Male,France,730,10,120,2016-06-29,0.0,1,0,0,177950.83,11,0.2584,0.0,0,0,
CUST-104839,48,Male,France,549,2,27,2024-03-30,0.0,1,1,1,50334.24,23,0.0796,0.0,1,0,
CUST-104840,27,Male,France,685,1,13,2025-05-30,155009.3,2,1,1,179451.42,36,0.2297,0.0401,0,0,
CUST-104841,29,Male,Spain,508,4,49,2022-05-30,0.0,1,1,0,82782.75,12,0.286,0.0,0,0,
CUST-104842,28,Male,France,637,9,113,2017-01-28,0.0,1,1,1,77068.07,21,0.083,0.0,0,0,
CUST-104843,30,Male,France,633,7,88,2019-02-28,490584.78,2,1,1,63424.81,34,0.0701,0.0508,0,0,
CUST-104844,71,Female,France,721,6,78,2019-12-29,0.0,2,1,1,76581.34,24,0.0706,0.0,0,0,
CUST-104845,36,Male,France,745,7,90,2018-12-29,75581.49,1,0,1,72389.87,27,0.0336,-0.0439,0,0,
CUST-104846,45,Male,France,652,8,106,2017-08-29,0.0,2,1,1,187780.07,25,0.2175,0.0,1,0,
CUST-104847,29,Male,France,628,0,8,2025-10-29,0.0,1,1,1,36923.29,28,0.0436,0.0,0,0,
CUST-104848,31,Male,Germany,350,0,6,2025-12-29,92110.07,2,1,1,64703.53,20,0.1105,-0.0473,0,0,
CUST-104849,61,Male,France,800,2,35,2018-07-30,73953.13,1,1,1,42783.19,26,0.1838,-0.0099,0,1,2021-06-29
CUST-104850,37,Male,Spain,587,3,39,2023-03-30,312480.35,2,0,1,52469.96,20,0.0144,0.1023,1,0,
CUST-104851,39,Female,France,660,2,35,2023-07-30,65062.26,1,1,0,72694.0,5,0.1165,0.0863,0,0,
CUST-104852,42,Female,Germany,850,2,32,2023-10-30,72208.71,2,0,1,164723.17,32,0.2209,0.0785,0,0,
CUST-104853,59,Female,Spain,535,9,116,2016-10-29,83698.81,2,0,1,93889.81,20,0.0169,0.0036,0,0,
CUST-104854,23,Male,France,652,6,77,2017-02-28,0.0,1,1,0,42545.75,10,0.4756,0.0,1,1,2023-07-30
CUST-104855,51,Female,France,698,9,108,2017-06-29,239702.63,2,1,1,61267.81,31,0.0,0.0687,1,0,
CUST-104856,54,Female,Spain,755,1,16,2016-06-29,0.0,2,1,0,135714.82,6,0.7268,0.0,0,1,2017-10-29
CUST-104857,43,Female,France,650,0,6,2025-12-29,63267.59,1,1,1,52206.33,18,0.1847,0.0628,0,0,
CUST-104858,35,Male,Germany,763,5,70,2019-01-29,170452.81,1,1,0,77558.09,2,0.767,-0.3115,0,1,2024-11-28
CUST-104859,41,Male,France,610,9,109,2017-05-30,0.0,1,1,1,90156.37,25,0.035,0.0,1,0,
CUST-104860,29,Male,France,702,5,67,2020-11-28,0.0,2,0,1,63817.49,35,0.175,0.0,0,0,
CUST-104861,24,Male,Germany,690,9,108,2017-06-29,43292.47,2,0,1,43579.15,18,0.0757,0.2446,0,0,
CUST-104862,39,Female,Spain,641,1,16,2024-12-29,52174.09,1,1,1,82681.93,15,0.4028,-0.1588,0,1,2026-04-30
CUST-104863,21,Male,France,681,9,115,2016-11-28,0.0,1,1,1,255817.62,39,0.0,0.0,0,0,
CUST-104864,33,Male,Spain,566,7,84,2019-06-30,0.0,2,1,0,55720.46,11,0.2228,0.0,1,0,
CUST-104865,29,Male,Germany,621,2,32,2023-10-30,24621.56,2,0,0,53631.12,6,0.1695,-0.082,0,0,
CUST-104866,35,Male,France,526,4,56,2019-11-29,0.0,1,1,0,108257.99,8,0.2951,0.0,0,1,2024-07-29
CUST-104867,36,Male,France,608,1,15,2025-03-30,28268.66,1,1,1,267069.99,28,0.1385,-0.108,0,0,
CUST-104868,28,Male,France,759,9,115,2016-11-28,0.0,2,0,1,45108.43,24,0.1792,0.0,1,0,
CUST-104869,43,Male,France,690,1,20,2024-06-29,75383.18,3,0,1,37583.78,32,0.2752,-0.2182,0,1,2026-02-28
CUST-104870,53,Male,Germany,680,2,25,2024-05-30,214898.04,2,1,0,111565.9,7,0.0971,-0.1445,0,0,
CUST-104871,29,Female,France,497,1,20,2024-10-29,91568.42,2,0,1,112985.56,19,0.1889,0.0317,1,0,
CUST-104872,28,Female,France,681,7,88,2019-02-28,0.0,1,1,0,42088.14,18,0.1947,0.0,0,0,
CUST-104873,37,Female,Germany,644,1,19,2024-11-28,128513.84,2,0,0,61139.34,12,0.2393,-0.2161,2,0,
CUST-104874,25,Female,Germany,702,2,29,2024-01-29,90841.33,2,1,1,38077.74,17,0.0,0.0585,0,0,
CUST-104875,37,Male,Germany,783,9,114,2016-12-29,105248.84,2,1,0,58845.36,9,0.2544,-0.119,0,0,
CUST-104876,51,Female,Germany,611,6,78,2016-07-29,81832.44,2,0,0,61435.85,6,0.7638,-0.4393,3,1,2023-01-29
CUST-104877,28,Female,France,620,4,51,2022-03-30,0.0,2,1,0,121510.89,3,0.5483,0.0,1,0,
CUST-104878,57,Male,Germany,738,1,18,2016-12-29,52034.22,1,0,0,141175.74,4,0.4779,-0.3681,0,1,2018-06-30
CUST-104879,34,Male,France,592,4,59,2021-07-30,0.0,1,1,1,68300.14,13,0.0848,0.0,0,0,
CUST-104880,35,Female,France,658,3,43,2022-11-29,118918.57,1,1,0,164515.84,6,0.4037,0.0758,0,0,
CUST-104881,32,Male,France,458,1,22,2024-08-29,0.0,2,1,1,122034.69,13,0.1239,0.0,0,0,
CUST-104882,46,Female,Germany,620,4,52,2022-02-28,51237.01,2,0,0,34841.59,6,0.4598,-0.2365,0,0,
CUST-104883,38,Male,Germany,775,6,80,2019-10-30,436882.14,2,1,0,134236.25,14,0.1578,0.0279,0,0,
CUST-104884,34,Male,France,682,5,61,2021-05-30,144702.91,1,1,1,112341.64,30,0.2607,0.0543,0,0,
CUST-104885,31,Female,Spain,736,6,72,2020-06-29,418759.67,1,1,0,207200.94,5,0.1051,0.0759,0,0,
CUST-104886,40,Female,Spain,742,1,19,2024-11-28,67475.4,1,1,0,83376.93,10,0.4389,0.0632,0,0,
CUST-104887,54,Female,France,780,3,37,2023-02-28,38340.21,2,1,0,190918.41,4,0.6822,-0.2932,3,1,2026-03-30
CUST-104888,35,Female,Germany,617,2,28,2023-06-30,79809.14,1,1,1,27758.67,23,0.1968,0.0221,0,1,2025-10-29
CUST-104889,38,Female,France,740,8,101,2018-01-28,169529.59,2,1,0,56426.85,11,0.5806,-0.396,0,0,
CUST-104890,26,Male,Spain,850,6,82,2019-08-30,0.0,1,1,0,24215.42,6,0.1021,0.0,1,0,
CUST-104891,38,Female,France,647,1,16,2025-02-28,0.0,1,1,0,60778.67,15,0.1482,0.0,1,0,
CUST-104892,72,Male,France,523,4,49,2022-03-30,213405.25,1,1,0,78886.33,7,0.5882,-0.2555,1,1,2026-04-30
CUST-104893,28,Male,France,593,0,8,2025-10-29,0.0,1,1,1,70999.66,18,0.2896,0.0,0,0,
CUST-104894,41,Female,France,695,6,79,2019-11-29,0.0,2,0,1,120147.62,21,0.1519,0.0,1,0,
CUST-104895,33,Male,Germany,490,0,1,2026-05-30,36479.43,1,0,1,281386.47,16,0.6261,-0.2777,1,0,
CUST-104896,26,Female,France,577,7,93,2018-09-29,48388.78,2,1,0,59100.9,7,0.1878,-0.0462,0,0,
CUST-104897,34,Male,France,618,4,58,2021-08-29,0.0,1,1,1,144934.91,12,0.5076,0.0,2,0,
CUST-104898,66,Male,Germany,661,2,27,2023-07-30,87400.45,3,1,0,106444.95,6,0.3119,-0.0829,0,1,2025-10-29
CUST-104899,41,Male,Spain,822,9,118,2016-08-29,195829.08,1,1,1,88380.75,22,0.0,0.1846,0,0,
CUST-104900,40,Female,Spain,716,5,63,2018-11-29,246670.15,2,0,1,115316.8,20,0.6856,-0.1288,1,1,2024-02-28
CUST-104901,28,Female,France,543,9,117,2016-09-28,51850.71,2,1,0,59689.39,6,0.5307,0.0747,0,0,
CUST-104902,49,Male,France,850,0,9,2018-11-29,125837.21,4,0,1,128747.13,3,0.498,-0.2276,1,1,2019-08-30
CUST-104903,55,Male,France,648,9,114,2016-09-28,0.0,2,1,1,32567.24,19,0.4679,0.0,1,1,2026-03-30
CUST-104904,55,Male,Spain,489,2,25,2024-05-30,0.0,2,1,1,78570.74,24,0.0,0.0,0,0,
CUST-104905,48,Male,Germany,550,3,42,2022-12-29,112596.19,2,0,0,60860.82,16,0.0973,0.1283,0,0,
CUST-104906,30,Female,Germany,551,0,3,2026-03-30,20287.99,2,0,1,283037.87,24,0.2823,-0.1357,1,0,
CUST-104907,29,Female,Spain,521,3,39,2023-03-30,0.0,2,1,0,39833.96,17,0.2533,0.0,0,0,
CUST-104908,24,Male,France,699,8,104,2017-10-29,0.0,2,0,0,94472.32,7,0.384,0.0,0,0,
CUST-104909,29,Male,Germany,394,3,42,2022-12-29,141545.11,2,0,1,144364.22,27,0.3951,-0.0083,0,0,
CUST-104910,40,Female,France,744,8,102,2017-12-29,155907.6,2,1,0,52912.1,5,0.3501,-0.053,0,0,
CUST-104911,29,Male,France,728,5,68,2019-01-29,265284.28,1,0,0,73551.22,7,0.1833,-0.0528,0,1,2024-09-28
CUST-104912,50,Male,France,606,0,6,2025-12-29,93333.38,2,1,0,54490.48,11,0.3972,-0.3249,1,0,
CUST-104913,52,Female,France,738,3,42,2017-07-30,0.0,1,0,1,56741.83,15,0.3328,0.0,1,1,2021-01-28
CUST-104914,52,Male,Spain,545,0,3,2024-02-28,0.0,1,1,0,182347.8,9,0.4625,0.0,1,1,2024-05-30
CUST-104915,25,Male,France,569,4,48,2022-06-30,0.0,2,1,1,25525.9,23,0.0814,0.0,0,0,
CUST-104916,40,Male,Spain,703,3,45,2022-09-29,57938.74,1,1,1,83896.3,26,0.1475,-0.2547,0,0,
CUST-104917,38,Female,Germany,630,7,94,2018-08-29,79391.28,1,0,1,22891.72,26,0.2341,-0.0678,0,0,
CUST-104918,51,Male,Germany,590,9,112,2017-02-28,446996.01,2,1,0,121765.32,13,0.1893,-0.0034,0,0,
CUST-104919,26,Female,Spain,639,1,17,2025-01-28,98166.94,1,1,1,58373.62,30,0.0,-0.0072,0,0,
CUST-104920,38,Male,France,777,0,5,2026-01-28,259924.17,1,1,0,27916.85,5,0.3047,-0.1198,0,0,
CUST-104921,26,Male,France,773,3,47,2022-07-30,141963.97,1,1,1,66509.53,35,0.2477,0.1946,0,0,
CUST-104922,49,Female,France,691,9,117,2016-09-28,0.0,3,1,1,37123.86,31,0.3213,0.0,0,0,
CUST-104923,22,Male,France,616,0,10,2024-01-29,102502.6,1,1,0,124552.77,3,0.7471,-0.5507,2,1,2024-11-28
CUST-104924,65,Male,Spain,700,2,33,2023-09-29,0.0,2,1,1,127843.83,24,0.1411,0.0,0,0,
CUST-104925,43,Male,France,567,4,56,2021-10-29,101018.63,1,1,0,38480.87,10,0.1503,-0.0975,0,0,
CUST-104926,37,Female,France,762,2,33,2022-01-28,46978.81,1,0,1,97382.54,12,0.5017,-0.2656,2,1,2024-10-29
CUST-104927,32,Male,France,741,0,8,2025-10-29,55065.63,1,1,1,50584.31,38,0.3617,0.0428,0,0,
CUST-104928,52,Female,France,835,0,1,2026-05-30,0.0,1,0,1,61558.71,18,0.5516,0.0,0,0,
CUST-104929,26,Male,Germany,573,8,101,2018-01-28,95931.98,2,0,0,215973.37,8,0.2943,-0.0318,1,0,
CUST-104930,22,Male,France,561,1,16,2025-02-28,17588.78,2,0,1,58721.06,31,0.1378,-0.0081,0,0,
CUST-104931,42,Male,Spain,703,7,87,2018-10-29,39023.29,1,1,0,161634.15,2,0.7425,-0.3532,3,1,2026-01-28
CUST-104932,36,Male,Germany,624,2,26,2024-04-29,142855.19,2,0,1,190949.01,27,0.109,-0.0878,0,0,
CUST-104933,40,Female,Spain,746,8,104,2017-10-29,0.0,1,0,1,60757.36,39,0.2454,0.0,0,0,
CUST-104934,39,Male,France,777,9,118,2016-08-29,23886.18,2,1,0,84560.51,11,0.1176,0.0778,1,0,
CUST-104935,44,Female,Germany,813,5,61,2021-05-30,101413.17,2,0,0,55858.88,12,0.2246,0.2192,0,0,
CUST-104936,37,Male,France,656,9,119,2016-07-29,1365237.07,2,1,0,73143.5,10,0.2107,-0.1607,1,0,
CUST-104937,33,Male,France,735,8,106,2017-08-29,0.0,2,1,0,104210.69,16,0.1774,0.0,0,0,
CUST-104938,37,Male,Germany,600,2,31,2023-11-29,34508.32,2,1,1,69283.61,18,0.1523,-0.0628,0,0,
CUST-104939,46,Female,Germany,671,5,70,2020-06-29,100441.2,1,1,1,90108.02,12,0.7351,-0.4043,1,1,2026-04-30
CUST-104940,47,Male,France,645,8,106,2017-08-29,0.0,1,0,0,49563.42,6,0.2578,0.0,0,0,
CUST-104941,41,Female,Spain,640,6,83,2019-07-30,74981.38,2,1,1,44353.37,21,0.2233,-0.0922,0,0,
CUST-104942,23,Female,France,825,1,13,2025-05-30,0.0,1,0,1,59359.93,22,0.0505,0.0,0,0,
CUST-104943,40,Female,Germany,521,7,90,2018-07-30,220258.1,1,1,0,78616.8,7,0.8432,-0.3322,3,1,2026-01-28
CUST-104944,25,Male,Spain,650,4,51,2022-03-30,57243.72,2,0,0,147892.99,16,0.1656,0.085,0,0,
CUST-104945,48,Female,Germany,655,1,22,2019-11-29,146405.71,1,1,1,65750.74,12,0.5745,-0.4596,0,1,2021-09-29
CUST-104946,46,Male,Spain,712,2,29,2021-03-30,49743.98,1,1,0,91155.66,4,0.1231,-0.135,0,1,2023-08-30
CUST-104947,30,Male,Germany,545,9,115,2016-11-28,80228.78,2,1,1,43334.56,19,0.2324,-0.0284,0,0,
CUST-104948,44,Male,Spain,621,1,19,2024-11-28,0.0,1,1,0,116659.13,9,0.142,0.0,0,0,
CUST-104949,38,Female,Germany,593,3,41,2023-01-29,42007.88,2,0,1,58696.19,31,0.1748,0.0452,1,0,
CUST-104950,31,Male,Germany,434,6,74,2020-04-29,170984.43,1,1,0,64355.73,13,0.2329,-0.0858,0,0,
CUST-104951,43,Female,France,762,3,37,2023-05-30,0.0,2,1,1,75200.67,19,0.0389,0.0,0,0,
CUST-104952,57,Female,Germany,509,4,59,2021-07-30,54504.51,2,1,1,53925.39,25,0.0,-0.0346,1,0,
CUST-104953,33,Male,France,496,4,49,2018-05-30,51655.56,1,1,1,39485.51,11,0.6516,-0.3736,2,1,2022-06-30
CUST-104954,41,Male,Spain,741,10,120,2016-06-29,43912.51,2,1,0,93404.55,8,0.2131,0.1006,1,0,
CUST-104955,29,Female,France,618,8,107,2017-07-30,0.0,2,0,0,119773.68,12,0.1085,0.0,0,0,
CUST-104956,32,Male,France,621,2,30,2023-12-29,31373.12,2,0,1,34901.14,24,0.3865,-0.2221,0,0,
CUST-104957,37,Male,Spain,623,7,94,2018-08-29,0.0,1,0,0,83378.66,5,0.273,0.0,0,0,
CUST-104958,31,Male,France,753,4,48,2016-12-29,0.0,2,1,0,82690.27,5,0.2181,0.0,0,1,2020-12-29
CUST-104959,30,Female,France,597,1,19,2019-06-30,42029.51,3,0,1,59612.56,4,0.7562,-0.3327,0,1,2021-01-28
CUST-104960,28,Male,Germany,707,3,47,2022-07-30,84652.77,2,1,1,59458.42,28,0.0,-0.0849,1,0,
CUST-104961,52,Male,France,540,4,51,2022-03-30,256631.25,2,1,1,130923.5,23,0.1542,-0.1405,0,0,
CUST-104962,46,Male,France,682,9,111,2016-12-29,129896.64,1,0,1,239504.07,3,0.5897,-0.1236,2,1,2026-03-30
CUST-104963,37,Male,France,737,4,55,2021-11-28,113237.73,2,0,1,148478.26,19,0.0795,-0.1936,2,0,
CUST-104964,47,Female,France,785,5,65,2021-01-28,49847.97,2,1,0,97831.11,7,0.2972,0.069,0,0,
CUST-104965,49,Male,France,501,1,21,2017-05-30,126814.66,1,1,0,139126.11,9,0.1463,0.2093,0,1,2019-02-28
CUST-104966,36,Female,France,622,4,56,2021-10-29,0.0,2,1,0,94175.96,12,0.1868,0.0,0,0,
CUST-104967,29,Female,France,803,4,52,2020-12-29,0.0,1,1,0,49777.06,4,0.8495,0.0,2,1,2025-04-29
CUST-104968,41,Male,France,738,0,7,2025-11-28,0.0,2,0,1,88628.12,18,0.452,0.0,1,0,
CUST-104969,53,Female,France,631,3,36,2023-06-30,66190.94,2,1,0,34632.44,6,0.246,0.0176,0,0,
CUST-104970,45,Female,Germany,650,4,58,2019-02-28,67291.54,2,1,0,48165.18,12,0.1515,0.0298,0,1,2023-12-29
CUST-104971,56,Female,Germany,679,8,99,2018-03-30,116509.76,2,1,1,121550.49,22,0.1421,-0.2184,0,0,
CUST-104972,48,Female,France,614,1,20,2024-10-29,30947.15,2,0,1,65232.41,18,0.2766,0.0092,0,0,
CUST-104973,68,Male,France,703,9,108,2017-06-29,56469.55,1,1,1,45878.26,13,0.0,-0.0894,0,0,
CUST-104974,42,Female,Spain,697,7,91,2018-11-29,77377.06,2,1,0,51911.43,9,0.398,-0.135,0,0,
CUST-104975,35,Male,Germany,543,3,46,2022-08-29,52449.36,1,1,0,36921.57,11,0.2925,-0.0447,0,0,
CUST-104976,46,Female,France,603,6,75,2020-03-30,0.0,2,1,1,86297.2,37,0.0138,0.0,0,0,
CUST-104977,53,Male,France,606,5,67,2016-08-29,45670.7,1,1,1,57091.26,20,0.6187,-0.0881,0,1,2022-03-30
CUST-104978,40,Female,France,625,2,29,2017-11-28,53915.3,2,1,0,63047.77,8,0.6662,-0.1807,1,1,2020-04-29
CUST-104979,49,Female,Spain,676,8,99,2016-10-29,0.0,1,1,1,90578.82,8,0.5833,0.0,0,1,2025-01-28
CUST-104980,34,Female,Spain,667,0,3,2021-09-29,0.0,3,1,0,86959.31,8,0.3456,0.0,0,1,2021-12-29
CUST-104981,48,Male,Spain,581,1,17,2025-01-28,152920.99,2,0,0,37540.14,9,0.2701,-0.0921,0,0,
CUST-104982,79,Female,France,779,6,74,2020-04-29,0.0,2,0,0,38229.25,16,0.2707,0.0,0,0,
CUST-104983,34,Female,France,650,7,84,2019-06-30,0.0,1,1,1,69313.3,13,0.1646,0.0,2,0,
CUST-104984,40,Female,France,791,4,52,2022-02-28,59322.77,2,1,0,103002.69,10,0.1029,-0.0182,0,0,
CUST-104985,44,Female,France,788,4,56,2021-10-29,0.0,2,1,0,49855.53,8,0.6159,0.0,4,0,
CUST-104986,37,Female,France,548,5,66,2020-12-29,23359.49,1,1,1,53820.11,21,0.0606,-0.0028,1,0,
CUST-104987,34,Female,Germany,603,1,17,2018-07-30,53199.22,2,1,0,77818.53,5,0.689,-0.1345,0,1,2019-12-29
CUST-104988,38,Male,France,610,4,48,2022-06-30,0.0,2,1,1,77056.95,26,0.1649,0.0,0,0,
CUST-104989,51,Male,Spain,680,9,108,2017-06-29,0.0,1,1,0,70006.26,6,0.3786,0.0,1,0,
CUST-104990,26,Female,France,720,7,87,2019-03-30,74618.18,1,0,0,88949.33,9,0.2708,-0.0053,0,0,
CUST-104991,30,Female,France,664,9,115,2016-11-28,0.0,2,1,0,43731.24,8,0.2495,0.0,0,0,
CUST-104992,36,Male,Spain,597,5,68,2020-10-29,0.0,1,0,0,165579.91,17,0.2294,0.0,0,0,
CUST-104993,49,Male,Germany,809,3,42,2018-12-29,190925.25,2,1,0,61056.56,6,0.7037,-0.292,0,1,2022-06-30
CUST-104994,38,Male,France,608,2,26,2024-04-29,55905.73,2,1,0,181463.01,8,0.2166,-0.1167,2,0,
CUST-104995,32,Female,Germany,721,1,23,2024-07-29,354843.21,1,1,0,21750.38,14,0.2362,-0.0571,1,0,
CUST-104996,58,Female,France,646,0,4,2016-12-29,63345.85,3,1,0,28359.17,7,0.4068,-0.0076,0,1,2017-04-29
CUST-104997,40,Female,France,644,6,82,2019-08-30,207153.48,1,1,0,68788.45,12,0.2707,-0.1935,3,0,
CUST-104998,34,Male,France,715,3,41,2023-01-29,74615.06,1,1,0,124857.88,16,0.2339,0.1153,1,0,
CUST-104999,44,Male,France,798,8,103,2017-11-28,0.0,1,1,1,81865.03,27,0.3468,0.0,0,0,
CUST-105000,44,Female,Germany,679,0,4,2019-10-30,105175.12,3,0,0,67859.04,6,0.7341,-0.3047,2,1,2020-02-28
CUST-105001,40,Male,France,603,3,36,2023-06-30,88086.56,1,1,1,84227.22,19,0.032,0.0439,1,0,
CUST-105002,32,Male,Germany,792,4,53,2022-01-28,114942.04,1,1,1,71171.41,20,0.2882,-0.0981,1,0,
CUST-105003,49,Male,Spain,697,5,64,2018-10-29,0.0,1,0,0,211881.69,5,0.7897,0.0,0,1,2024-02-28
CUST-105004,61,Female,France,666,9,118,2016-08-29,0.0,2,1,0,54247.27,8,0.4097,0.0,1,0,
CUST-105005,42,Male,France,749,9,117,2016-09-28,285719.47,1,0,1,145131.88,21,0.2318,0.2476,1,0,
CUST-105006,27,Male,France,681,6,75,2020-03-30,0.0,1,1,1,47920.62,33,0.0615,0.0,0,0,
CUST-105007,71,Male,Spain,850,2,35,2019-07-30,0.0,2,0,1,61248.05,13,0.4225,0.0,0,1,2022-06-30
CUST-105008,44,Female,Germany,650,3,47,2022-07-30,53239.46,2,1,0,42210.35,15,0.215,-0.182,0,0,
CUST-105009,30,Male,Germany,760,7,90,2018-12-29,161727.46,2,0,1,115087.11,27,0.0282,-0.1831,0,0,
CUST-105010,48,Male,France,692,5,66,2020-12-29,0.0,2,1,0,140290.86,6,0.3221,0.0,1,0,
CUST-105011,53,Male,France,692,7,87,2019-03-30,435985.09,2,1,1,65432.08,31,0.3545,-0.2835,0,0,
CUST-105012,39,Male,Germany,615,9,116,2016-10-29,44695.37,2,0,0,97186.8,4,0.3298,-0.0253,1,0,
CUST-105013,25,Female,France,616,9,118,2016-08-29,0.0,2,0,1,77243.23,22,0.5711,0.0,1,0,
CUST-105014,41,Female,Germany,698,6,82,2019-08-30,101791.92,2,1,1,99827.74,18,0.0823,-0.244,1,0,
CUST-105015,29,Male,France,567,7,84,2019-06-30,161101.7,1,1,1,137978.07,25,0.2033,-0.072,0,0,
CUST-105016,45,Female,France,595,4,50,2022-04-30,0.0,2,0,0,38403.9,9,0.1643,0.0,1,0,
CUST-105017,32,Male,Germany,651,1,20,2024-10-29,242550.94,2,1,0,40278.81,12,0.2724,-0.0135,1,0,
CUST-105018,43,Female,France,769,3,45,2022-09-29,53149.47,2,1,0,53177.44,8,0.411,-0.0385,0,0,
CUST-105019,34,Male,Germany,658,2,31,2021-05-30,66492.65,1,1,0,56519.43,0,0.7268,-0.6482,0,1,2023-12-29
CUST-105020,42,Male,France,656,2,26,2024-04-29,0.0,1,1,0,80815.61,13,0.2178,0.0,0,0,
CUST-105021,49,Female,Spain,548,2,25,2024-05-30,55595.98,3,1,1,72456.19,9,0.3025,-0.0808,0,0,
CUST-105022,49,Female,Spain,813,4,48,2022-06-30,0.0,1,1,1,64492.17,26,0.1262,0.0,0,0,
CUST-105023,31,Female,Spain,756,3,43,2022-11-29,30967.46,2,1,0,69128.37,11,0.3245,-0.0346,1,0,
CUST-105024,35,Female,Germany,767,3,43,2016-09-28,26724.88,1,0,0,81347.71,3,0.6031,-0.2442,1,1,2020-04-29
CUST-105025,36,Female,Germany,511,2,27,2024-03-30,49013.85,1,1,0,47223.7,6,0.5303,-0.0572,0,0,
CUST-105026,41,Female,Germany,684,2,29,2019-02-28,34912.83,1,1,0,22476.25,12,0.0914,0.213,0,1,2021-07-30
CUST-105027,54,Male,France,560,9,111,2017-03-30,0.0,2,1,0,43752.2,9,0.2527,0.0,0,0,
CUST-105028,37,Male,France,724,6,83,2019-07-30,0.0,1,0,1,132461.87,29,0.1288,0.0,0,0,
CUST-105029,43,Female,Germany,681,8,96,2018-06-30,34202.7,1,0,1,17330.43,20,0.2103,0.0549,0,0,
CUST-105030,36,Female,France,700,5,68,2020-10-29,78686.89,2,1,1,134338.44,25,0.2481,-0.2668,0,0,
CUST-105031,32,Female,France,581,4,56,2021-10-29,59107.93,2,1,1,52706.05,24,0.1797,0.0106,2,0,
CUST-105032,27,Male,Spain,550,8,99,2018-03-30,262588.77,2,1,0,115005.56,10,0.0605,-0.0443,0,0,
CUST-105033,34,Male,France,588,1,18,2022-05-30,31982.22,3,1,1,41057.58,2,0.6726,-0.4848,0,1,2023-11-29
CUST-105034,28,Male,Germany,680,10,120,2016-06-29,124402.63,1,1,1,18134.67,17,0.0,0.1425,0,0,
CUST-105035,29,Female,Germany,627,7,94,2018-08-29,83513.99,2,1,0,44900.28,11,0.3635,-0.189,0,0,
CUST-105036,42,Male,France,674,9,110,2017-04-29,0.0,1,1,0,66961.66,17,0.1566,0.0,1,0,
CUST-105037,43,Female,Spain,552,1,17,2022-05-30,80897.26,1,0,1,89080.55,6,0.5433,-0.3427,0,1,2023-10-30
CUST-105038,50,Male,France,649,1,22,2024-08-29,121148.66,2,0,1,33089.12,17,0.092,-0.0789,0,0,
CUST-105039,25,Male,Spain,784,2,29,2022-12-29,0.0,1,0,1,88599.88,25,0.2178,0.0,0,1,2025-05-30
CUST-105040,47,Female,Spain,682,0,11,2019-01-29,0.0,1,0,0,73095.53,13,0.2048,0.0,1,1,2019-12-29
CUST-105041,22,Male,France,688,1,22,2024-08-29,89342.98,1,1,1,51275.79,34,0.1254,0.0774,0,0,
CUST-105042,32,Female,France,689,5,65,2021-01-28,0.0,1,0,0,76777.94,4,0.2749,0.0,1,0,
CUST-105043,36,Male,France,601,9,115,2016-11-28,0.0,2,1,1,75633.13,24,0.1871,0.0,0,0,
CUST-105044,32,Male,France,807,6,72,2020-06-29,0.0,2,1,0,96194.63,10,0.2771,0.0,0,0,
CUST-105045,38,Female,France,684,7,85,2019-05-30,213625.46,2,1,1,80410.12,29,0.1002,-0.0865,0,0,
CUST-105046,40,Female,Spain,667,5,66,2020-12-29,73534.64,1,1,0,76296.41,10,0.3229,0.1574,0,0,
CUST-105047,21,Male,France,716,3,46,2022-08-29,269945.69,1,1,1,213689.1,26,0.0643,0.0689,0,0,
CUST-105048,44,Male,Spain,740,6,77,2017-04-29,103407.14,2,1,0,24698.44,4,0.3588,-0.2262,3,1,2023-09-29
CUST-105049,33,Female,France,530,1,20,2024-10-29,0.0,1,1,1,35165.21,25,0.1631,0.0,0,0,
CUST-105050,47,Female,Spain,655,3,46,2021-01-28,83379.01,1,1,1,131128.6,19,0.2556,0.1687,1,1,2024-11-28
CUST-105051,47,Female,France,850,0,10,2025-08-29,119538.37,2,0,0,32142.36,9,0.0393,-0.1315,0,0,
CUST-105052,39,Female,France,809,1,12,2025-06-29,21453.55,1,1,1,117894.64,38,0.0331,0.0672,0,0,
CUST-105053,49,Male,Germany,640,1,20,2023-04-30,103963.52,1,1,1,85833.77,15,0.4086,-0.2032,1,1,2024-12-29
CUST-105054,30,Female,France,720,8,97,2018-05-30,0.0,2,1,1,35078.29,19,0.2598,0.0,0,0,
CUST-105055,32,Female,Spain,619,5,64,2021-02-28,142754.62,2,0,1,124140.2,25,0.1189,-0.2505,0,0,
CUST-105056,24,Female,France,684,3,42,2022-12-29,22357.58,1,1,0,138420.8,14,0.2632,-0.1304,0,0,
CUST-105057,44,Female,Germany,606,6,80,2019-10-30,65235.14,2,1,1,73248.45,29,0.0855,-0.1449,0,0,
CUST-105058,38,Female,Germany,604,0,7,2025-11-28,46542.82,1,1,0,68189.61,3,0.2757,-0.0727,0,0,
CUST-105059,36,Female,Germany,593,4,53,2022-01-28,84868.26,2,1,1,146981.8,20,0.3533,-0.2827,0,0,
CUST-105060,36,Male,France,812,4,51,2022-03-30,15732.19,1,0,0,28289.71,8,0.0461,0.1852,0,0,
CUST-105061,34,Male,France,604,7,92,2018-10-29,48929.75,2,0,1,105515.54,20,0.079,-0.1655,1,0,
CUST-105062,29,Female,France,760,8,99,2018-03-30,93486.53,2,1,0,32581.21,12,0.1048,0.1008,1,0,
CUST-105063,28,Male,France,609,5,66,2017-09-29,60577.94,1,0,0,99083.83,12,0.257,-0.0934,0,1,2023-03-30
CUST-105064,61,Male,France,598,1,21,2021-04-29,338979.35,1,1,1,67062.85,21,0.2218,-0.0432,1,1,2023-01-29
CUST-105065,43,Male,Spain,687,1,17,2022-12-29,0.0,1,0,1,70662.96,11,0.5301,0.0,0,1,2024-05-30
CUST-105066,36,Female,Germany,525,0,7,2025-11-28,82877.87,1,1,1,178081.71,31,0.0341,-0.0089,1,0,
CUST-105067,35,Female,Germany,714,3,40,2023-02-28,22385.68,1,1,0,30431.67,13,0.3103,0.0525,0,0,
CUST-105068,41,Female,France,637,9,114,2016-12-29,0.0,1,0,0,106908.81,12,0.6792,0.0,0,0,
CUST-105069,52,Male,France,597,10,120,2016-06-29,171963.69,2,1,1,69235.0,28,0.2551,0.0431,0,0,
CUST-105070,39,Male,Germany,577,7,84,2018-04-30,54362.1,2,1,1,76068.94,15,0.5117,-0.2119,0,1,2025-04-29
CUST-105071,69,Male,France,839,0,8,2024-01-29,0.0,1,1,1,115444.28,11,0.8613,0.0,1,1,2024-09-28
CUST-105072,44,Female,France,647,2,33,2023-09-29,56708.66,1,1,1,112271.59,16,0.4703,-0.1345,0,0,
CUST-105073,33,Male,France,643,7,87,2019-03-30,151733.14,1,1,1,101424.06,28,0.42,-0.1447,1,0,
CUST-105074,27,Female,Germany,734,7,87,2019-03-30,33571.35,1,1,0,44608.76,9,0.5308,-0.3592,3,0,
CUST-105075,51,Female,Spain,569,0,2,2026-04-30,0.0,1,0,0,101135.72,3,0.5683,0.0,0,0,
CUST-105076,30,Female,France,759,9,117,2016-09-28,123314.26,1,0,1,109412.69,18,0.0335,0.0303,0,0,
CUST-105077,47,Female,France,647,4,51,2022-03-30,67356.45,1,1,1,94955.22,24,0.2006,0.0768,0,0,
CUST-105078,42,Female,France,517,1,23,2024-07-29,0.0,1,1,1,101930.09,30,0.0831,0.0,0,0,
CUST-105079,26,Female,France,599,4,55,2021-11-28,81773.08,1,0,0,75934.41,11,0.2794,-0.052,2,0,
CUST-105080,41,Male,Germany,545,0,7,2017-03-30,22501.85,3,1,1,38002.99,21,0.5315,-0.2409,0,1,2017-10-29
CUST-105081,43,Male,France,658,5,70,2020-08-29,83075.51,2,1,1,57633.25,23,0.1712,0.0405,3,0,
CUST-105082,35,Female,Germany,574,1,23,2024-07-29,171019.16,1,1,1,55702.4,28,0.2329,0.362,0,0,
CUST-105083,34,Male,France,563,6,77,2020-01-29,53703.19,2,1,1,73164.1,13,0.1042,-0.0566,0,0,
CUST-105084,35,Female,France,678,2,29,2024-01-29,194818.34,2,1,0,57852.23,14,0.3928,0.0187,0,0,
CUST-105085,51,Male,Spain,654,3,42,2019-02-28,0.0,1,1,1,194440.57,8,0.7397,0.0,1,1,2022-08-29
CUST-105086,34,Female,France,766,4,55,2021-11-28,167700.51,2,0,1,92496.95,21,0.1312,-0.3172,0,0,
CUST-105087,25,Male,Spain,762,1,20,2024-10-29,0.0,1,1,0,69749.91,9,0.3499,0.0,1,0,
CUST-105088,38,Female,France,656,0,2,2026-04-30,0.0,1,1,0,84148.98,11,0.3498,0.0,0,0,
CUST-105089,24,Male,Spain,698,4,56,2021-10-29,0.0,2,0,1,90970.57,15,0.1664,0.0,1,0,
CUST-105090,41,Male,France,515,3,44,2021-06-29,0.0,1,1,0,237595.13,2,0.8392,0.0,1,1,2025-02-28
CUST-105091,29,Male,France,717,1,20,2024-10-29,20634.93,2,0,0,92334.84,3,0.2032,0.0224,0,0,
CUST-105092,36,Female,Spain,689,3,38,2023-04-30,0.0,2,1,0,57742.49,10,0.3393,0.0,0,0,
CUST-105093,29,Male,France,742,1,13,2025-05-30,177211.18,1,1,0,41019.85,2,0.6708,-0.3265,2,0,
CUST-105094,56,Female,France,621,0,8,2025-10-29,251948.49,2,1,0,81705.38,9,0.6652,-0.0099,1,0,
CUST-105095,42,Female,Spain,621,4,58,2021-08-29,18687.18,1,0,1,222667.46,21,0.2163,0.1863,1,0,
CUST-105096,29,Female,Germany,622,4,59,2021-07-30,72169.94,2,1,0,66136.24,13,0.1785,0.088,0,0,
CUST-105097,39,Female,Germany,788,3,38,2023-04-30,60007.44,1,0,1,43115.43,26,0.329,-0.1204,0,0,
CUST-105098,28,Female,Germany,677,2,34,2021-03-30,38316.01,2,1,1,124362.51,13,0.4862,-0.3373,1,1,2024-01-29
CUST-105099,35,Female,Spain,506,1,23,2024-07-29,97106.91,1,0,1,76985.23,26,0.0,-0.0106,0,0,
CUST-105100,52,Male,Spain,712,8,99,2018-03-30,0.0,2,1,1,29368.32,24,0.0804,0.0,0,0,
CUST-105101,42,Female,Germany,606,3,44,2022-10-29,67768.47,2,0,1,80805.97,30,0.0,0.1176,0,0,
CUST-105102,30,Male,France,754,10,120,2016-06-29,316459.94,1,1,0,134888.94,7,0.1615,-0.0856,1,0,
CUST-105103,27,Female,France,702,0,11,2025-07-30,0.0,2,1,0,22687.58,8,0.3342,0.0,1,0,
CUST-105104,43,Male,Germany,769,2,29,2017-05-30,120283.68,2,0,0,106910.81,8,0.2463,0.1171,1,1,2019-10-30
CUST-105105,60,Male,Spain,750,1,21,2024-09-28,0.0,2,1,1,36184.41,31,0.317,0.0,0,0,
CUST-105106,36,Female,France,740,1,22,2024-08-29,93220.05,2,1,0,64383.58,5,0.4227,-0.189,1,0,
CUST-105107,51,Male,France,759,4,54,2021-12-29,0.0,1,0,0,55488.85,17,0.0524,0.0,0,0,
CUST-105108,42,Male,France,728,8,104,2017-10-29,0.0,1,0,1,132703.93,22,0.0709,0.0,1,0,
CUST-105109,43,Male,Germany,583,0,6,2019-03-30,67800.72,1,0,0,124679.58,6,0.606,-0.3654,0,1,2019-09-29
CUST-105110,28,Female,Spain,540,7,90,2018-12-29,97456.44,1,1,0,34196.35,5,0.5168,-0.4286,1,0,
CUST-105111,35,Male,France,570,1,23,2024-07-29,14093.46,1,1,1,24093.66,22,0.1394,-0.103,0,0,
CUST-105112,36,Male,Germany,720,8,99,2018-03-30,214891.75,1,1,1,31307.8,48,0.0849,-0.0092,0,0,
CUST-105113,23,Female,Spain,437,6,74,2020-04-29,0.0,2,1,0,90987.97,12,0.4066,0.0,0,0,
CUST-105114,32,Female,Spain,649,2,31,2023-11-29,0.0,1,1,0,20521.51,9,0.3332,0.0,0,0,
CUST-105115,32,Male,France,624,7,89,2019-01-29,97947.27,1,0,1,50525.4,32,0.1144,-0.0962,1,0,
CUST-105116,29,Male,Spain,767,4,57,2019-02-28,0.0,2,1,0,120109.55,8,0.323,0.0,0,1,2023-11-29
CUST-105117,35,Male,Germany,639,3,45,2020-08-29,59679.22,1,1,1,100084.21,9,0.7251,-0.4932,2,1,2024-05-30
CUST-105118,46,Female,Spain,615,6,83,2019-07-30,48059.26,1,0,0,28318.01,10,0.4483,0.1528,0,0,
CUST-105119,46,Male,France,776,10,120,2016-06-29,42439.36,2,1,0,80290.37,8,0.2333,0.0589,0,0,
CUST-105120,54,Male,Germany,641,5,61,2021-05-30,100072.19,1,1,1,42521.1,35,0.0152,0.105,1,0,
CUST-105121,48,Male,Germany,626,3,47,2020-07-29,269174.89,1,1,1,50474.55,9,0.5344,-0.2561,0,1,2024-06-29
CUST-105122,40,Female,France,603,8,100,2018-02-28,0.0,2,1,1,52562.06,18,0.1255,0.0,0,0,
CUST-105123,55,Male,France,677,7,89,2019-01-29,96581.69,2,1,1,56072.45,31,0.2194,-0.2222,1,0,
CUST-105124,33,Female,Germany,618,2,34,2023-08-30,75359.6,2,1,1,68666.21,17,0.5464,-0.3046,1,0,
CUST-105125,37,Male,Germany,619,6,77,2020-01-29,74604.92,2,1,0,48005.38,6,0.3264,0.0413,4,0,
CUST-105126,61,Female,France,789,4,49,2022-05-30,69154.32,2,1,1,49068.54,25,0.1319,-0.3164,0,0,
CUST-105127,33,Female,France,655,8,96,2018-06-30,0.0,1,0,1,117634.5,32,0.2503,0.0,0,0,
CUST-105128,22,Male,France,607,4,49,2022-05-30,80740.91,1,1,1,72175.63,33,0.0,-0.1227,0,0,
CUST-105129,27,Male,Spain,554,7,94,2018-08-29,179911.69,2,1,0,39520.79,9,0.3462,-0.0495,0,0,
CUST-105130,36,Male,Spain,669,5,69,2020-09-28,84169.51,1,0,0,76126.86,10,0.1872,-0.0915,0,0,
CUST-105131,29,Female,France,596,3,40,2023-02-28,0.0,2,1,0,31786.27,10,0.3333,0.0,1,0,
CUST-105132,26,Male,France,615,0,4,2026-02-28,246613.86,2,0,1,76674.34,30,0.2075,-0.144,0,0,
CUST-105133,47,Female,France,568,2,34,2023-08-30,0.0,2,0,1,97979.2,38,0.0203,0.0,0,0,
CUST-105134,42,Male,France,669,4,57,2021-09-29,0.0,1,0,0,112217.28,10,0.4105,0.0,0,0,
CUST-105135,23,Female,Spain,525,1,13,2025-05-30,145592.46,2,1,0,90812.3,7,0.201,-0.1638,1,0,
CUST-105136,50,Female,Germany,690,1,12,2025-06-29,59707.24,2,1,1,39705.93,31,0.0,-0.0195,0,0,
CUST-105137,67,Male,France,598,5,62,2018-01-28,0.0,1,1,0,52746.51,6,0.7975,0.0,0,1,2023-03-30
CUST-105138,31,Male,France,719,1,13,2025-05-30,0.0,2,1,1,134746.22,20,0.0,0.0,1,0,
CUST-105139,42,Female,France,697,2,31,2023-11-29,124499.88,1,1,1,60561.87,14,0.1829,0.1292,0,0,
CUST-105140,29,Male,Spain,660,7,92,2018-10-29,54490.83,2,0,0,68649.61,8,0.2337,-0.0798,0,0,
CUST-105141,39,Female,Germany,731,4,51,2022-03-30,27314.56,1,0,1,104518.22,24,0.11,0.0263,0,0,
CUST-105142,43,Female,Germany,799,3,40,2023-02-28,59828.42,2,1,1,165006.02,24,0.0,0.0401,0,0,
CUST-105143,36,Male,France,772,2,28,2024-02-28,0.0,2,1,0,69048.92,21,0.2113,0.0,0,0,
CUST-105144,30,Male,Spain,524,1,21,2024-09-28,0.0,1,1,1,58095.09,30,0.1004,0.0,0,0,
CUST-105145,33,Male,France,592,7,84,2019-06-30,0.0,2,0,1,204152.84,25,0.1657,0.0,0,0,
CUST-105146,24,Male,Spain,604,7,95,2018-07-30,0.0,2,1,1,212357.52,30,0.3871,0.0,0,0,
CUST-105147,38,Female,Spain,711,4,48,2020-08-29,102680.32,1,1,0,73497.35,8,0.2935,-0.1142,1,1,2024-08-29
CUST-105148,58,Female,France,600,1,20,2024-10-29,25996.82,1,0,0,72763.34,15,0.1292,0.1469,0,0,
CUST-105149,27,Male,Spain,596,9,111,2017-03-30,0.0,2,0,0,118601.45,13,0.0609,0.0,0,0,
CUST-105150,54,Female,France,580,3,47,2022-07-30,0.0,1,1,0,91606.59,17,0.1538,0.0,0,0,
CUST-105151,34,Male,Germany,679,3,37,2019-02-28,121086.37,1,1,0,73132.64,2,0.7674,-0.0327,1,1,2022-03-30
CUST-105152,24,Female,France,711,5,70,2018-12-29,0.0,1,1,0,108035.73,5,0.8343,0.0,1,1,2024-10-29
CUST-105153,47,Female,France,534,2,31,2019-03-30,141558.57,1,0,1,50443.36,14,0.0219,0.0144,3,1,2021-10-29
CUST-105154,38,Male,France,601,9,118,2016-08-29,18870.98,2,1,0,132832.13,16,0.0,-0.0699,0,0,
CUST-105155,28,Female,France,468,6,77,2020-01-29,15026.02,1,1,0,103714.82,3,0.219,0.0666,0,0,
CUST-105156,31,Female,France,420,7,86,2019-04-30,124937.89,1,1,1,92393.11,29,0.4997,-0.0433,1,0,
CUST-105157,32,Male,France,697,9,109,2017-05-30,151267.4,2,0,1,67857.38,36,0.0,-0.205,1,0,
CUST-105158,35,Male,Germany,680,6,83,2019-07-30,127321.52,1,1,0,51161.98,10,0.2927,-0.335,0,0,
CUST-105159,39,Female,France,667,0,6,2025-12-29,111497.54,1,1,1,27268.35,17,0.2249,-0.2062,0,0,
CUST-105160,39,Male,France,802,2,29,2024-01-29,0.0,2,1,0,27305.81,9,0.3746,0.0,0,0,
CUST-105161,45,Male,Spain,489,7,88,2019-02-28,120489.04,2,1,1,28696.87,26,0.0917,0.136,0,0,
CUST-105162,37,Male,Spain,450,6,82,2019-08-30,0.0,2,1,1,141072.26,20,0.0402,0.0,0,0,
CUST-105163,41,Female,France,542,2,35,2023-07-30,59579.54,1,0,1,50153.15,28,0.2602,-0.1838,1,0,
CUST-105164,38,Male,France,447,3,39,2016-11-28,45938.29,2,0,0,37019.64,3,0.3113,0.0105,0,1,2020-02-28
CUST-105165,76,Male,Germany,591,1,17,2025-01-28,29488.9,2,1,1,68504.01,31,0.1103,-0.0189,0,0,
CUST-105166,21,Male,Germany,706,0,7,2025-11-28,30610.86,2,0,0,42687.18,6,0.1525,0.1011,0,0,
CUST-105167,27,Male,France,678,8,102,2017-12-29,62214.87,1,1,0,58012.84,18,0.1992,0.2795,2,0,
CUST-105168,29,Female,Germany,749,3,43,2022-11-29,101060.55,1,1,1,97727.01,17,0.6184,-0.3708,0,0,
CUST-105169,37,Male,France,686,5,60,2021-06-29,269014.14,2,1,1,60072.74,39,0.2753,0.1517,0,0,
CUST-105170,38,Female,France,611,2,29,2024-01-29,0.0,2,1,0,60103.96,20,0.2609,0.0,0,0,
CUST-105171,35,Male,Germany,600,4,55,2021-11-28,33349.96,1,1,0,71197.44,7,0.2475,0.1472,0,0,
CUST-105172,42,Female,Germany,692,1,15,2025-03-30,108317.09,2,1,0,33366.45,12,0.3703,-0.2268,0,0,
CUST-105173,44,Male,Spain,503,7,87,2019-03-30,0.0,1,1,0,84408.72,6,0.2207,0.0,0,0,
CUST-105174,35,Female,France,350,3,39,2023-03-30,235289.73,2,1,0,157762.35,22,0.1427,0.0418,0,0,
CUST-105175,46,Male,France,687,5,68,2020-10-29,0.0,1,1,0,58857.6,10,0.0801,0.0,0,0,
CUST-105176,34,Female,France,672,5,71,2020-07-29,0.0,1,1,1,76004.37,38,0.0,0.0,0,0,
CUST-105177,40,Male,France,801,2,31,2023-11-29,28744.3,2,1,1,45439.65,32,0.0503,0.2341,1,0,
CUST-105178,22,Male,France,717,3,45,2022-09-29,53931.82,1,0,1,48415.88,18,0.3136,-0.2233,0,0,
CUST-105179,36,Female,Germany,680,2,34,2023-08-30,197084.16,1,0,1,123669.88,27,0.1024,0.0917,0,0,
CUST-105180,46,Male,Germany,620,3,39,2019-06-30,72868.05,1,1,1,78662.12,11,0.7257,-0.4918,0,1,2022-09-29
CUST-105181,22,Male,Germany,572,7,95,2018-07-30,14875.02,2,1,0,103660.4,10,0.3311,-0.2223,0,0,
CUST-105182,37,Female,France,623,6,73,2020-05-30,0.0,2,1,0,83395.51,9,0.0,0.0,0,0,
CUST-105183,28,Female,France,742,2,28,2024-02-28,68360.38,2,0,0,66051.29,9,0.3043,0.0995,0,0,
CUST-105184,39,Female,Germany,695,1,15,2025-03-30,112647.94,2,0,0,140293.03,5,0.2772,0.0467,0,0,
CUST-105185,34,Female,France,740,1,19,2024-11-28,122383.13,2,1,1,26966.33,25,0.2918,0.0432,0,0,
CUST-105186,40,Male,Spain,660,1,20,2024-10-29,79251.33,2,1,0,46157.97,8,0.2306,0.0162,0,0,
CUST-105187,30,Male,France,564,0,7,2025-11-28,0.0,1,1,0,58427.3,11,0.3146,0.0,0,0,
CUST-105188,35,Female,Germany,761,1,20,2024-10-29,76898.91,1,0,1,73818.03,30,0.3324,0.0645,0,0,
CUST-105189,28,Male,Spain,753,4,57,2021-09-29,0.0,2,1,1,61114.75,14,0.043,0.0,2,0,
CUST-105190,32,Male,Germany,668,5,70,2020-08-29,625521.59,2,1,1,80779.17,29,0.0612,0.217,0,0,
CUST-105191,38,Male,Germany,703,4,48,2022-06-30,23900.23,2,1,0,152902.18,19,0.4523,-0.1351,0,0,
CUST-105192,25,Male,Germany,698,9,115,2016-11-28,100041.62,1,1,0,38229.32,5,0.333,0.071,0,0,
CUST-105193,36,Male,France,605,8,104,2017-10-29,0.0,2,1,1,166449.01,29,0.4499,0.0,0,0,
CUST-105194,27,Male,Germany,625,5,66,2020-12-29,143400.57,1,1,0,63873.06,7,0.0806,-0.1489,0,0,
CUST-105195,34,Female,Spain,563,4,49,2022-05-30,418836.4,2,1,1,80090.35,17,0.0,0.0761,0,0,
CUST-105196,26,Female,Spain,625,8,96,2018-06-30,0.0,2,1,0,72965.18,8,0.3168,0.0,0,0,
CUST-105197,64,Female,France,749,1,15,2025-03-30,0.0,1,0,1,83938.55,17,0.0191,0.0,0,0,
CUST-105198,46,Male,France,731,5,64,2021-02-28,0.0,2,1,1,139535.85,27,0.0487,0.0,0,0,
CUST-105199,34,Male,Spain,704,7,84,2018-02-28,84401.42,1,0,0,38280.77,5,0.6993,-0.4103,2,1,2025-02-28
CUST-105200,54,Female,Germany,742,0,2,2021-06-29,225106.95,3,1,1,48495.99,5,0.7745,-0.2318,0,1,2021-08-29
CUST-105201,31,Male,France,615,5,69,2020-09-28,0.0,1,0,0,101655.13,10,0.4492,0.0,0,0,
CUST-105202,50,Male,France,537,8,100,2018-02-28,74661.7,2,1,1,46330.1,20,0.3268,-0.065,0,0,
CUST-105203,41,Female,France,635,5,71,2016-06-29,60627.59,1,1,1,25758.33,25,0.1117,0.0262,0,1,2022-05-30
CUST-105204,31,Female,France,643,2,31,2023-11-29,121684.41,1,1,0,102714.79,19,0.1093,-0.1037,0,0,
CUST-105205,43,Male,France,715,4,55,2021-11-28,0.0,1,1,0,47115.25,11,0.406,0.0,0,0,
CUST-105206,47,Female,France,699,1,18,2024-12-29,0.0,1,0,0,116810.65,11,0.2263,0.0,0,0,
CUST-105207,36,Female,France,747,5,70,2020-08-29,0.0,1,0,1,56259.5,26,0.2436,0.0,1,0,
CUST-105208,45,Female,Spain,457,1,13,2025-05-30,0.0,1,1,0,134835.79,8,0.3117,0.0,0,0,
CUST-105209,44,Male,France,573,1,18,2024-12-29,0.0,2,1,1,82818.95,26,0.0042,0.0,1,0,
CUST-105210,39,Female,France,641,1,19,2020-03-30,0.0,1,1,0,49039.78,3,0.6539,0.0,1,1,2021-10-29
CUST-105211,26,Female,France,696,2,31,2023-11-29,0.0,2,1,0,36705.03,6,0.4684,0.0,0,0,
CUST-105212,39,Male,France,850,2,27,2024-03-30,0.0,2,1,0,63352.32,5,0.3455,0.0,0,0,
CUST-105213,21,Female,Spain,556,9,108,2017-06-29,70517.04,2,1,0,74242.89,6,0.3122,-0.0915,0,0,
CUST-105214,36,Female,Spain,582,1,12,2025-06-29,159103.65,1,0,0,50596.27,6,0.3786,0.033,0,0,
CUST-105215,42,Male,France,609,5,62,2021-04-29,0.0,1,0,0,35360.26,11,0.173,0.0,0,0,
CUST-105216,29,Male,France,578,6,83,2017-05-30,133330.49,1,1,0,63484.11,8,0.3726,0.1112,0,1,2024-04-29
CUST-105217,46,Male,France,565,2,27,2024-03-30,166415.71,1,1,1,167629.5,24,0.2154,-0.1316,0,0,
CUST-105218,32,Female,France,654,0,1,2026-05-30,0.0,2,1,1,82521.9,37,0.04,0.0,1,0,
CUST-105219,29,Male,France,744,5,65,2021-01-28,293274.8,2,1,0,50431.25,7,0.3304,0.1464,0,0,
CUST-105220,44,Male,France,661,6,82,2019-08-30,46822.87,2,1,1,78039.2,22,0.0,-0.1497,0,0,
CUST-105221,54,Male,France,567,9,116,2016-10-29,112067.55,2,1,0,101785.24,13,0.3854,-0.1275,0,0,
CUST-105222,38,Female,Germany,631,7,93,2018-09-29,37563.05,2,1,0,43255.52,14,0.3131,0.0432,0,0,
CUST-105223,53,Female,France,550,2,30,2023-12-29,45404.92,1,1,1,62494.41,16,0.6705,-0.3941,1,0,
CUST-105224,31,Male,France,744,5,69,2020-09-28,0.0,2,1,1,66402.22,32,0.0781,0.0,1,0,
CUST-105225,30,Male,France,791,7,86,2019-04-30,0.0,1,1,1,57728.97,38,0.2161,0.0,1,0,
CUST-105226,49,Male,France,497,9,115,2016-11-28,184932.54,2,1,1,36542.65,34,0.0475,0.0831,0,0,
CUST-105227,42,Male,France,672,7,84,2019-06-30,0.0,2,1,0,103583.8,5,0.2303,0.0,1,0,
CUST-105228,27,Female,France,575,0,11,2017-08-29,0.0,2,0,1,22610.2,28,0.2899,0.0,0,1,2018-07-30
CUST-105229,56,Male,France,656,0,4,2026-02-28,0.0,2,1,1,50101.2,34,0.0012,0.0,0,0,
CUST-105230,36,Female,France,642,8,104,2017-10-29,101634.61,2,1,1,48281.23,20,0.0407,-0.0252,0,0,
CUST-105231,36,Female,Spain,521,5,61,2021-05-30,0.0,2,1,1,52939.2,20,0.0576,0.0,0,0,
CUST-105232,59,Female,Spain,766,7,85,2017-08-29,64985.8,2,0,0,160707.1,4,0.7508,-0.2398,2,1,2024-09-28
CUST-105233,53,Male,France,635,3,46,2018-05-30,128417.6,1,1,1,60746.22,18,0.5039,-0.3511,1,1,2022-03-30
CUST-105234,52,Male,France,605,6,80,2019-10-30,40658.3,2,1,1,129379.74,20,0.0,-0.1132,0,0,
CUST-105235,31,Male,Germany,661,8,97,2017-03-30,80373.27,1,1,0,77486.1,11,0.1269,0.2094,1,1,2025-04-29
CUST-105236,39,Female,Germany,566,1,13,2025-05-30,59169.34,1,1,0,92099.25,6,0.1737,0.2136,1,0,
CUST-105237,41,Female,France,632,0,1,2026-05-30,126845.73,1,1,1,61188.13,22,0.0,-0.1026,0,0,
CUST-105238,29,Female,France,474,2,35,2023-07-30,85655.17,1,1,0,107167.6,7,0.3116,-0.0277,0,0,
CUST-105239,27,Female,France,424,8,105,2017-09-29,49809.57,1,1,1,51311.88,17,0.0959,-0.0184,0,0,
CUST-105240,35,Male,Germany,557,8,99,2018-03-30,28751.42,1,1,1,56369.98,36,0.1442,0.1834,1,0,
CUST-105241,45,Female,France,599,1,20,2024-10-29,408621.03,2,1,1,54088.06,21,0.2037,-0.0652,0,0,
CUST-105242,22,Female,France,481,5,71,2020-07-29,51380.91,2,1,0,40509.54,11,0.3573,-0.2876,0,0,
CUST-105243,37,Male,France,602,4,52,2022-02-28,42022.9,1,0,1,71160.02,15,0.1256,-0.2462,0,0,
CUST-105244,28,Female,France,599,2,25,2024-05-30,223173.54,2,1,0,116048.33,8,0.1922,-0.2689,1,0,
CUST-105245,47,Female,France,644,2,24,2024-06-29,0.0,2,1,0,59776.14,12,0.126,0.0,1,0,
CUST-105246,40,Female,Germany,709,4,58,2017-10-29,185170.21,1,0,1,46401.46,10,0.6376,-0.4628,1,1,2022-08-29
CUST-105247,27,Female,Germany,814,2,28,2024-02-28,86515.57,1,1,1,210423.86,20,0.1112,0.0298,1,0,
CUST-105248,47,Male,France,691,6,77,2020-01-29,0.0,2,0,1,58104.79,37,0.0657,0.0,0,0,
CUST-105249,40,Female,France,556,4,48,2017-08-29,0.0,1,1,0,107645.38,9,0.4057,0.0,3,1,2021-08-29
CUST-105250,34,Male,Spain,714,2,24,2024-06-29,83740.69,2,1,0,72186.77,6,0.4285,0.078,0,0,
CUST-105251,64,Female,France,784,0,9,2025-02-28,38766.01,3,0,1,130114.09,23,0.136,-0.0889,0,1,2025-11-28
CUST-105252,35,Male,France,542,3,47,2018-10-29,60507.72,1,1,0,69984.71,6,0.5146,-0.2997,1,1,2022-09-29
CUST-105253,32,Female,France,548,9,110,2017-04-29,15378.54,1,1,1,70102.05,21,0.0362,-0.1946,0,0,
CUST-105254,43,Male,Spain,514,1,16,2024-11-28,147832.01,3,1,1,69752.89,8,0.6171,-0.3679,0,1,2026-03-30
CUST-105255,57,Male,Spain,596,5,71,2020-07-29,0.0,1,1,1,62575.88,20,0.2309,0.0,1,0,
CUST-105256,22,Male,Spain,686,3,46,2022-08-29,0.0,1,1,0,74497.43,8,0.29,0.0,0,0,
CUST-105257,50,Female,Germany,792,2,27,2024-03-30,144533.24,1,1,1,47137.1,31,0.0169,0.0132,0,0,
CUST-105258,43,Male,France,736,5,64,2021-02-28,85746.02,2,1,0,94563.67,13,0.3492,-0.0094,0,0,
CUST-105259,54,Male,France,687,9,111,2017-03-30,215591.82,2,1,1,320164.63,37,0.2118,-0.0082,0,0,
CUST-105260,51,Male,France,654,4,51,2022-03-30,15939.78,2,1,1,43059.05,30,0.0,-0.1828,0,0,
CUST-105261,41,Male,Germany,688,3,37,2018-01-28,65477.2,1,1,0,85670.17,3,0.7824,-0.4905,0,1,2021-02-28
CUST-105262,43,Female,Germany,693,7,90,2017-04-29,54142.96,2,0,0,72637.41,8,0.5034,-0.2949,0,1,2024-10-29
CUST-105263,38,Male,France,775,8,97,2018-05-30,162923.9,2,0,1,38631.03,28,0.0,-0.1017,0,0,
CUST-105264,55,Male,Spain,648,1,19,2024-11-28,101226.97,1,1,0,110633.28,10,0.0973,-0.2161,0,0,
CUST-105265,31,Male,France,675,3,43,2022-11-29,0.0,2,1,1,56414.21,22,0.0781,0.0,0,0,
CUST-105266,38,Male,France,611,5,68,2020-10-29,0.0,1,0,1,49320.35,33,0.2153,0.0,0,0,
CUST-105267,45,Male,France,661,5,70,2020-08-29,0.0,1,1,1,152749.25,34,0.1755,0.0,0,0,
CUST-105268,47,Male,Spain,625,2,29,2024-01-29,0.0,1,1,1,59678.87,21,0.013,0.0,0,0,
CUST-105269,47,Male,Spain,536,8,102,2017-12-29,28708.32,2,1,0,136827.41,8,0.0146,0.0435,1,0,
CUST-105270,42,Male,France,734,2,31,2023-11-29,0.0,2,1,0,96912.76,10,0.3088,0.0,0,0,
CUST-105271,47,Male,Spain,793,2,26,2024-04-29,0.0,2,1,1,75862.94,21,0.1402,0.0,1,0,
CUST-105272,43,Female,Spain,646,8,107,2017-07-30,249468.57,2,0,0,102173.93,15,0.3298,-0.176,1,0,
CUST-105273,59,Male,Spain,682,3,37,2023-05-30,56663.93,2,1,1,110941.65,31,0.0615,0.0381,0,0,
CUST-105274,30,Female,Spain,733,5,67,2020-11-28,0.0,2,1,1,65385.6,29,0.0,0.0,0,0,
CUST-105275,47,Female,France,636,2,27,2024-03-30,0.0,2,1,1,58803.35,23,0.0,0.0,1,0,
CUST-105276,36,Female,Spain,668,3,40,2023-02-28,0.0,2,0,1,115394.65,29,0.1072,0.0,0,0,
CUST-105277,38,Male,Germany,629,4,54,2021-12-29,108569.37,1,0,1,331876.65,22,0.0372,0.2818,0,0,
CUST-105278,60,Female,Germany,597,0,8,2018-12-29,51846.6,1,1,1,29517.35,24,0.1882,0.1434,0,1,2019-08-30
CUST-105279,60,Female,France,700,2,29,2018-02-28,0.0,3,1,1,38994.83,15,0.5841,0.0,1,1,2020-07-29
CUST-105280,55,Female,Germany,699,4,53,2017-10-29,121481.03,1,1,1,42389.48,33,0.2702,-0.0585,0,1,2022-03-30
CUST-105281,33,Female,Spain,739,9,111,2017-03-30,140919.67,2,0,1,60231.84,25,0.0744,0.1165,0,0,
CUST-105282,32,Male,France,650,6,80,2019-10-30,59809.88,1,1,0,42120.67,11,0.2169,0.0079,0,0,
CUST-105283,27,Female,Spain,535,7,86,2019-04-30,176606.91,1,0,1,100817.81,27,0.1302,-0.0312,0,0,
CUST-105284,56,Female,France,756,0,4,2026-02-28,158052.88,1,1,0,32470.73,11,0.1465,0.0791,0,0,
CUST-105285,29,Male,France,579,2,28,2024-02-28,163448.44,1,0,0,56916.42,13,0.3001,-0.0931,1,0,
CUST-105286,35,Male,France,578,4,54,2021-12-29,0.0,2,1,1,54826.85,24,0.0,0.0,0,0,
CUST-105287,33,Female,Spain,599,2,31,2023-11-29,291747.43,2,1,1,124418.79,32,0.0,-0.1053,1,0,
CUST-105288,32,Male,Germany,483,6,82,2019-08-30,39586.65,2,1,0,70093.83,8,0.2295,-0.2596,0,0,
CUST-105289,25,Female,France,629,0,6,2025-12-29,101345.29,2,1,1,34475.43,23,0.0,0.1998,0,0,
CUST-105290,34,Male,Germany,709,7,89,2019-01-29,66185.99,1,1,0,84753.28,13,0.1993,-0.1123,0,0,
CUST-105291,39,Female,France,608,3,42,2020-02-28,116443.67,1,1,0,43258.07,5,0.6803,-0.215,0,1,2023-08-30
CUST-105292,28,Male,France,778,10,120,2016-06-29,214569.22,1,0,1,37367.15,21,0.1185,-0.106,0,0,
CUST-105293,31,Female,Spain,773,3,45,2022-09-29,0.0,2,1,0,132485.32,7,0.3596,0.0,1,0,
CUST-105294,54,Male,Germany,735,0,11,2025-07-30,88415.17,2,1,1,56800.44,9,0.4263,-0.1743,0,0,
CUST-105295,30,Female,Spain,464,2,28,2024-02-28,0.0,1,1,1,94300.16,36,0.3684,0.0,0,0,
CUST-105296,37,Male,Germany,788,7,89,2019-01-29,229244.72,2,1,0,55407.25,11,0.0982,0.0046,0,0,
CUST-105297,37,Male,Spain,627,0,1,2026-05-30,310870.54,1,1,0,82455.29,9,0.2952,-0.0505,0,0,
CUST-105298,31,Male,France,811,1,13,2020-09-28,0.0,3,1,0,155402.17,2,0.6668,0.0,1,1,2021-10-29
CUST-105299,49,Male,France,592,3,36,2022-03-30,142338.71,1,1,0,79862.88,7,0.6617,-0.5729,1,1,2025-03-30
CUST-105300,53,Female,France,637,0,6,2025-12-29,1269214.05,2,1,1,59047.47,38,0.1066,0.0338,0,0,
CUST-105301,27,Male,Germany,659,4,52,2022-02-28,104486.28,2,0,0,34879.97,8,0.361,0.2505,1,0,
CUST-105302,33,Male,Germany,560,1,17,2025-01-28,86116.46,2,1,0,117434.49,5,0.3199,0.1263,0,0,
CUST-105303,31,Female,Germany,494,5,62,2021-04-29,122823.81,2,1,0,93799.98,6,0.2977,-0.0773,0,0,
CUST-105304,35,Male,France,420,2,24,2018-07-30,183757.04,2,1,0,86077.35,4,0.6195,-0.384,3,1,2020-07-29
CUST-105305,37,Male,France,850,5,68,2020-10-29,270145.15,1,0,0,68898.08,11,0.2296,0.1297,0,0,
CUST-105306,25,Female,Germany,490,0,11,2025-07-30,309493.28,1,1,1,133566.47,28,0.1079,-0.3178,0,0,
CUST-105307,37,Male,Spain,491,3,40,2023-02-28,0.0,1,1,1,56583.2,25,0.235,0.0,0,0,
CUST-105308,24,Female,France,705,1,16,2020-01-29,226827.61,4,1,0,97484.24,2,0.54,-0.2689,1,1,2021-05-30
CUST-105309,60,Female,France,513,9,111,2017-03-30,0.0,2,1,1,195617.46,35,0.2796,0.0,0,0,
CUST-105310,51,Male,France,495,4,48,2022-06-30,76624.37,2,1,1,75258.97,33,0.1042,-0.0505,1,0,
CUST-105311,23,Female,France,374,9,110,2017-04-29,71437.86,1,1,0,59814.82,6,0.1777,-0.0234,0,0,
CUST-105312,39,Female,France,678,9,112,2017-02-28,160073.2,1,0,0,53055.0,7,0.1576,0.0901,0,0,
CUST-105313,26,Male,France,547,7,92,2018-10-29,58365.8,1,0,1,52679.17,26,0.2501,0.0993,0,0,
CUST-105314,47,Female,Germany,712,5,66,2020-12-29,261785.31,1,1,1,73464.93,18,0.1223,0.0572,0,0,
CUST-105315,34,Male,France,643,5,60,2021-06-29,0.0,2,0,1,178865.64,14,0.2253,0.0,1,0,
CUST-105316,50,Male,France,658,4,50,2018-05-30,0.0,1,1,0,91351.69,4,0.6362,0.0,0,1,2022-07-30
CUST-105317,47,Female,France,606,5,69,2020-09-28,138395.73,2,1,0,80558.73,6,0.3895,-0.0588,2,0,
CUST-105318,34,Male,Spain,624,2,35,2023-07-30,39472.69,1,0,0,77987.37,13,0.0173,-0.1197,1,0,
CUST-105319,36,Male,France,564,0,7,2025-11-28,0.0,1,1,1,30682.88,30,0.125,0.0,1,0,
CUST-105320,31,Male,France,573,1,14,2025-04-29,0.0,2,1,0,68264.03,16,0.3303,0.0,1,0,
CUST-105321,26,Female,France,545,0,8,2025-10-29,0.0,2,1,1,43256.12,30,0.2679,0.0,0,0,
CUST-105322,37,Female,Germany,795,6,78,2018-07-30,98786.86,1,0,1,164760.36,7,0.6497,-0.3399,3,1,2025-01-28
CUST-105323,45,Male,Spain,612,2,35,2023-07-30,0.0,2,1,0,44563.2,8,0.1446,0.0,1,0,
CUST-105324,38,Male,France,433,7,90,2017-04-29,63286.48,1,0,0,34552.67,18,0.2375,0.1267,0,1,2024-10-29
CUST-105325,36,Female,France,675,6,83,2019-07-30,119259.32,2,0,0,27923.76,12,0.2662,-0.0613,0,0,
CUST-105326,43,Male,France,573,3,46,2022-08-29,253128.4,2,0,0,47029.21,14,0.0029,-0.0006,0,0,
CUST-105327,36,Male,Germany,646,5,63,2021-03-30,135590.47,1,0,1,14573.47,24,0.1191,0.0462,0,0,
CUST-105328,39,Male,Spain,624,8,99,2018-03-30,29561.39,1,1,1,79777.15,25,0.1085,0.0239,0,0,
CUST-105329,34,Female,France,793,6,73,2020-05-30,0.0,1,1,0,81931.54,9,0.0442,0.0,0,0,
CUST-105330,37,Male,France,613,0,7,2025-11-28,172981.01,1,0,0,39548.41,12,0.2413,-0.1111,1,0,
CUST-105331,28,Female,Spain,728,0,5,2026-01-28,0.0,1,1,0,115710.61,11,0.2508,0.0,0,0,
CUST-105332,32,Female,Germany,718,3,42,2022-12-29,81078.69,2,0,0,65660.9,6,0.4264,-0.0041,0,0,
CUST-105333,59,Male,France,519,3,36,2023-06-30,0.0,1,0,0,66175.83,9,0.2526,0.0,0,0,
CUST-105334,27,Female,France,668,0,7,2025-11-28,0.0,1,0,0,116017.01,9,0.2285,0.0,0,0,
CUST-105335,61,Male,France,577,6,73,2017-01-28,39244.59,1,1,0,134131.21,4,0.5655,-0.3082,2,1,2023-02-28
CUST-105336,39,Male,Spain,534,1,18,2024-12-29,0.0,2,1,1,41132.95,16,0.2206,0.0,0,0,
CUST-105337,26,Female,Germany,534,9,118,2016-08-29,37869.8,1,0,0,32636.09,11,0.1799,0.0629,0,0,
CUST-105338,47,Male,Germany,729,2,24,2019-10-30,165526.49,2,1,0,58424.88,5,0.6569,-0.445,1,1,2021-10-29
CUST-105339,27,Female,Spain,850,3,39,2017-03-30,0.0,1,0,0,168869.34,10,0.5755,0.0,0,1,2020-06-29
CUST-105340,46,Female,France,573,5,69,2020-09-28,0.0,1,1,1,47045.8,22,0.1332,0.0,0,0,
CUST-105341,42,Male,France,671,6,75,2018-05-30,68244.38,2,1,0,122633.37,5,0.1466,-0.2542,0,1,2024-08-29
CUST-105342,38,Female,France,680,9,115,2016-11-28,0.0,2,1,0,42138.99,5,0.3923,0.0,0,0,
CUST-105343,40,Female,Spain,599,9,108,2017-06-29,64486.46,2,0,0,66164.89,11,0.1795,0.055,0,0,
CUST-105344,41,Male,Germany,785,4,52,2022-02-28,88269.29,2,1,1,52484.87,30,0.2174,0.1548,0,0,
CUST-105345,35,Male,France,850,7,87,2019-03-30,0.0,2,1,1,90308.13,31,0.3183,0.0,1,0,
CUST-105346,62,Female,France,593,6,75,2020-03-30,0.0,2,1,0,78109.39,13,0.3047,0.0,1,0,
CUST-105347,54,Male,Germany,817,1,18,2020-01-29,113576.05,1,1,0,44019.3,5,0.6765,-0.2492,0,1,2021-07-30
CUST-105348,46,Male,Germany,598,5,63,2017-09-29,92854.94,1,0,1,55200.21,27,0.1291,-0.0852,0,1,2022-12-29
CUST-105349,34,Male,Germany,557,0,6,2019-08-30,11945.89,3,0,0,40051.3,7,0.5755,-0.0208,3,1,2020-02-28
CUST-105350,33,Male,France,637,2,34,2023-08-30,90234.36,2,0,1,81703.56,35,0.058,-0.0662,0,0,
CUST-105351,41,Male,Spain,733,8,107,2017-07-30,0.0,2,1,0,41148.94,4,0.2649,0.0,0,0,
CUST-105352,33,Female,Spain,640,8,98,2018-04-30,0.0,1,1,1,75880.7,27,0.0191,0.0,1,0,
CUST-105353,35,Female,Germany,721,9,108,2017-06-29,86385.1,2,1,1,89580.68,25,0.1514,-0.0598,0,0,
CUST-105354,47,Female,Germany,672,6,82,2019-08-30,229199.7,2,1,1,103490.59,16,0.1357,-0.235,1,0,
CUST-105355,55,Male,Spain,780,2,32,2023-10-30,0.0,1,1,1,104265.96,25,0.3275,0.0,1,0,
CUST-105356,41,Male,Spain,701,1,20,2017-06-29,0.0,1,1,0,86611.44,13,0.2801,0.0,0,1,2019-02-28
CUST-105357,24,Male,Germany,797,3,38,2023-04-30,79178.74,1,0,0,39713.49,6,0.2339,-0.1698,0,0,
CUST-105358,39,Male,France,568,8,100,2018-02-28,321426.39,2,1,1,44688.72,25,0.2466,-0.0535,1,0,
CUST-105359,26,Female,France,630,0,11,2025-07-30,0.0,1,1,1,44579.05,25,0.0,0.0,0,0,
CUST-105360,46,Male,Spain,650,6,74,2020-04-29,0.0,2,1,0,69467.92,7,0.6772,0.0,0,0,
CUST-105361,48,Female,Germany,568,5,71,2020-07-29,19988.25,2,1,0,131191.0,17,0.3334,0.0337,0,0,
CUST-105362,51,Male,France,553,2,29,2017-12-29,44525.58,2,1,1,49062.72,18,0.4018,-0.4312,2,1,2020-05-30
CUST-105363,76,Female,France,687,2,26,2018-11-29,15432.22,2,1,0,60747.79,3,0.4477,-0.172,1,1,2021-01-28
CUST-105364,33,Female,Spain,714,4,53,2022-01-28,0.0,1,1,0,139338.4,9,0.1952,0.0,0,0,
CUST-105365,57,Female,Spain,661,9,117,2016-09-28,93256.94,2,1,1,33884.67,20,0.1211,0.1523,1,0,
CUST-105366,55,Female,Spain,752,2,25,2024-05-30,22413.44,2,1,0,166203.12,10,0.2787,0.057,0,0,
CUST-105367,40,Female,France,544,7,84,2017-05-30,179621.42,1,1,1,101374.43,11,0.484,-0.2935,2,1,2024-05-30
CUST-105368,27,Female,Spain,612,2,25,2024-05-30,101965.23,1,1,1,48981.49,15,0.528,-0.0837,1,0,
CUST-105369,53,Male,Spain,537,0,2,2026-04-30,20322.94,2,1,0,59684.59,5,0.3321,0.0873,0,0,
CUST-105370,58,Male,France,663,4,52,2022-02-28,104759.15,2,1,0,183146.75,12,0.1527,0.132,1,0,
CUST-105371,29,Female,France,697,4,56,2021-10-29,0.0,1,1,1,54682.68,24,0.1613,0.0,0,0,
CUST-105372,45,Male,Spain,779,4,59,2021-07-30,465814.25,1,1,0,106784.72,2,0.3858,-0.1288,1,0,
CUST-105373,39,Female,France,537,5,63,2021-03-30,31564.29,2,1,0,221083.23,8,0.2983,0.0487,0,0,
CUST-105374,38,Male,Germany,686,6,82,2017-06-29,41374.07,1,1,0,70357.2,9,0.1254,-0.1547,0,1,2024-04-29
CUST-105375,26,Female,Germany,788,7,87,2019-03-30,61445.11,2,0,0,71624.8,7,0.3102,0.105,0,0,
CUST-105376,53,Male,Germany,554,6,72,2017-09-29,96266.07,1,1,0,242795.65,4,0.5694,-0.4567,0,1,2023-09-29
CUST-105377,34,Female,France,531,3,45,2022-09-29,0.0,1,1,0,39565.42,12,0.071,0.0,0,0,
CUST-105378,65,Male,Germany,508,1,14,2021-09-29,24856.51,1,1,1,71266.48,14,0.5112,-0.4616,0,1,2022-11-29
CUST-105379,36,Male,France,710,9,117,2016-09-28,93559.34,1,1,1,91012.65,28,0.0,-0.0834,0,0,
CUST-105380,33,Female,Spain,580,0,9,2025-09-29,54884.92,1,0,0,30816.06,7,0.4678,-0.2936,2,0,
CUST-105381,34,Male,France,696,8,104,2017-10-29,54060.12,2,1,0,37999.73,11,0.2011,0.0215,0,0,
CUST-105382,36,Male,Germany,629,4,54,2020-07-29,313303.39,1,1,1,52593.76,25,0.2824,-0.1095,0,1,2025-01-28
CUST-105383,36,Female,Spain,823,8,101,2018-01-28,0.0,2,0,0,90121.6,11,0.1743,0.0,0,0,
CUST-105384,53,Female,France,726,6,79,2019-11-29,0.0,1,1,1,55153.34,29,0.2304,0.0,0,0,
CUST-105385,36,Male,France,573,5,70,2020-08-29,98582.98,2,1,0,68630.81,6,0.0602,-0.1261,0,0,
CUST-105386,56,Female,Spain,621,6,78,2019-12-29,129863.1,2,0,1,110668.14,29,0.0681,0.1573,0,0,
CUST-105387,52,Male,France,726,2,31,2016-08-29,0.0,1,1,0,100227.58,10,0.2135,0.0,0,1,2019-03-30
CUST-105388,50,Male,France,547,3,36,2023-06-30,0.0,2,1,0,23318.53,9,0.334,0.0,1,0,
CUST-105389,47,Female,France,763,5,63,2017-08-29,0.0,1,1,0,79588.96,7,0.6523,0.0,0,1,2022-11-29
CUST-105390,29,Male,Spain,626,5,70,2020-08-29,63903.23,2,0,1,97351.37,34,0.2507,-0.0338,1,0,
CUST-105391,48,Male,Germany,728,9,114,2016-12-29,33385.18,1,1,1,68838.95,29,0.097,-0.1956,0,0,
CUST-105392,52,Male,France,631,3,40,2017-04-29,31281.71,1,1,0,96127.53,9,0.2314,-0.1355,1,1,2020-08-29
CUST-105393,57,Female,Spain,600,1,21,2024-09-28,0.0,2,1,1,109935.5,22,0.1133,0.0,0,0,
CUST-105394,26,Female,France,584,3,41,2021-01-28,0.0,1,1,1,86070.49,10,0.2501,0.0,1,1,2024-06-29
CUST-105395,52,Male,France,816,1,22,2024-08-29,56617.88,3,1,0,68291.69,2,0.5149,-0.0661,1,0,
CUST-105396,26,Female,France,622,6,79,2019-11-29,0.0,1,1,1,82686.5,32,0.2307,0.0,1,0,
CUST-105397,46,Female,France,850,8,97,2018-05-30,0.0,1,1,1,20020.76,28,0.1625,0.0,0,0,
CUST-105398,43,Male,France,665,0,10,2025-08-29,132464.34,1,1,0,156443.61,13,0.0722,-0.0429,0,0,
CUST-105399,31,Female,Germany,568,1,14,2025-04-29,259011.2,1,1,0,149064.2,13,0.2365,-0.0924,0,0,
CUST-105400,39,Male,France,498,4,58,2021-08-29,0.0,2,1,1,143354.85,31,0.2981,0.0,2,0,
CUST-105401,37,Male,Germany,768,5,66,2020-12-29,151492.4,2,0,0,77258.65,12,0.2937,0.1357,0,0,
CUST-105402,44,Male,France,631,5,62,2021-04-29,73031.17,2,1,1,98594.87,34,0.0885,0.013,0,0,
CUST-105403,39,Male,France,729,5,66,2020-12-29,0.0,1,1,1,77769.11,20,0.1086,0.0,0,0,
CUST-105404,42,Female,France,850,1,22,2024-08-29,339003.29,2,1,1,85978.72,24,0.1632,-0.0794,0,0,
CUST-105405,36,Female,Germany,714,7,89,2019-01-29,102296.12,2,1,1,152787.89,15,0.1015,0.0535,0,0,
CUST-105406,73,Female,Germany,682,4,59,2017-03-30,31453.59,2,1,0,27194.07,0,0.7369,-0.4111,1,1,2022-02-28
CUST-105407,43,Male,France,768,2,30,2023-12-29,97132.46,1,1,0,91674.96,7,0.2939,-0.345,0,0,
CUST-105408,34,Male,France,727,1,23,2024-07-29,81780.37,1,1,1,45521.98,23,0.1663,0.0753,0,0,
CUST-105409,34,Male,France,529,0,6,2025-12-29,150838.05,1,1,0,38207.79,11,0.321,0.0352,0,0,
CUST-105410,48,Male,Spain,778,7,87,2019-03-30,66312.31,2,1,0,67144.8,6,0.3002,0.2298,1,0,
CUST-105411,87,Female,France,646,4,53,2022-01-28,95576.13,2,1,1,36148.95,17,0.6232,-0.1487,0,0,
CUST-105412,54,Female,Spain,798,7,84,2019-06-30,0.0,1,1,1,36110.8,21,0.1378,0.0,1,0,
CUST-105413,38,Female,France,699,6,78,2019-12-29,52106.05,2,0,1,28871.16,27,0.1139,-0.0734,1,0,
CUST-105414,25,Female,France,764,6,76,2020-02-28,113464.26,1,1,1,55232.25,25,0.2823,-0.0584,1,0,
CUST-105415,31,Male,Germany,628,6,73,2019-01-29,106220.42,1,1,1,96460.7,18,0.5783,-0.2937,0,1,2025-02-28
CUST-105416,33,Male,France,504,1,13,2025-05-30,14942.31,2,1,1,113366.97,22,0.0569,0.0184,0,0,
CUST-105417,25,Male,France,704,8,102,2017-12-29,78668.99,1,0,0,213691.88,5,0.178,-0.2041,0,0,
CUST-105418,37,Female,Spain,744,5,65,2021-01-28,27069.03,2,0,1,57627.98,25,0.2485,0.0527,0,0,
CUST-105419,46,Male,France,597,9,110,2017-04-29,0.0,2,0,1,111654.78,30,0.1087,0.0,1,0,
CUST-105420,35,Male,France,630,5,70,2019-08-30,0.0,1,0,1,79497.53,14,0.3476,0.0,0,1,2025-06-29
CUST-105421,49,Female,France,437,9,115,2016-11-28,60932.84,2,0,0,78230.42,13,0.2085,-0.2553,0,0,
CUST-105422,34,Male,France,635,9,116,2016-10-29,0.0,1,0,1,88432.04,31,0.0419,0.0,0,0,
CUST-105423,28,Male,Spain,530,0,2,2026-04-30,0.0,2,1,1,111868.29,17,0.2449,0.0,0,0,
CUST-105424,32,Male,France,700,6,74,2020-04-29,0.0,1,1,0,93655.91,15,0.2439,0.0,0,0,
CUST-105425,31,Male,Spain,682,2,28,2024-02-28,0.0,1,1,1,57913.02,22,0.2314,0.0,1,0,
CUST-105426,26,Male,Germany,651,2,29,2024-01-29,83597.02,1,0,1,99304.67,32,0.1615,-0.058,0,0,
CUST-105427,30,Female,Spain,777,7,95,2018-07-30,0.0,1,1,1,50940.01,25,0.1073,0.0,0,0,
CUST-105428,25,Female,Spain,673,7,86,2017-07-30,47164.18,1,1,0,99448.76,5,0.5632,-0.2528,0,1,2024-09-28
CUST-105429,24,Male,Spain,669,5,66,2020-12-29,0.0,1,1,0,76755.38,10,0.1895,0.0,0,0,
CUST-105430,35,Female,Germany,681,6,77,2020-01-29,51173.22,2,1,0,25762.67,6,0.2354,-0.0826,0,0,
CUST-105431,33,Female,France,594,1,18,2024-12-29,64326.65,1,0,0,66722.6,3,0.2511,-0.0742,0,0,
CUST-105432,68,Female,France,745,3,36,2016-07-29,354878.65,1,1,0,120198.07,8,0.4358,-0.3823,0,1,2019-07-30
CUST-105433,30,Female,Germany,562,1,21,2020-03-30,36545.24,1,0,1,67161.67,6,0.5772,-0.4088,0,1,2021-12-29
CUST-105434,34,Female,France,691,6,74,2020-04-29,0.0,2,1,0,81663.1,10,0.2266,0.0,0,0,
CUST-105435,40,Male,Germany,767,6,77,2020-01-29,69173.73,2,1,1,55333.41,36,0.2083,-0.2075,0,0,
CUST-105436,50,Male,France,551,9,116,2016-10-29,0.0,2,0,1,61927.35,20,0.0546,0.0,0,0,
CUST-105437,56,Male,Spain,521,6,79,2019-11-29,66589.07,2,1,1,121312.91,26,0.0397,0.0844,0,0,
CUST-105438,40,Male,France,550,3,38,2023-04-30,83111.31,2,1,1,56806.99,26,0.1955,-0.0823,1,0,
CUST-105439,37,Female,Spain,824,7,87,2017-01-28,318842.91,1,1,0,38231.83,3,0.7457,-0.1978,1,1,2024-04-29
CUST-105440,32,Female,France,592,5,68,2020-10-29,35975.56,2,0,1,21705.1,14,0.1098,0.197,0,0,
CUST-105441,39,Male,France,535,5,60,2021-06-29,74449.71,1,1,0,47360.89,12,0.3339,-0.0139,0,0,
CUST-105442,55,Female,Spain,685,3,39,2023-03-30,270787.14,2,1,0,39344.7,12,0.3334,-0.0608,0,0,
CUST-105443,39,Female,Spain,389,1,20,2024-10-29,0.0,2,1,0,31793.48,16,0.1284,0.0,0,0,
CUST-105444,43,Male,Germany,558,1,13,2025-05-30,115321.68,1,1,1,39895.46,20,0.053,0.2629,0,0,
CUST-105445,48,Female,Spain,786,3,44,2022-10-29,0.0,1,1,1,41758.68,34,0.0,0.0,0,0,
CUST-105446,42,Male,France,558,8,107,2017-07-30,0.0,1,0,0,40238.8,9,0.1751,0.0,0,0,
CUST-105447,44,Male,Spain,625,5,65,2021-01-28,0.0,2,1,1,154072.12,32,0.1492,0.0,0,0,
CUST-105448,42,Male,France,678,8,107,2017-07-30,117041.81,1,0,1,29052.65,33,0.0129,0.1087,0,0,
CUST-105449,29,Female,Germany,678,2,24,2024-06-29,62835.45,1,1,1,98929.25,32,0.1339,0.206,0,0,
CUST-105450,39,Male,France,599,0,7,2025-11-28,49627.23,1,0,1,96649.47,18,0.2442,0.0995,1,0,
CUST-105451,40,Male,France,702,3,36,2023-06-30,185575.53,2,1,1,100973.35,19,0.0,0.0008,0,0,
CUST-105452,62,Female,Germany,789,1,17,2019-05-30,123457.89,2,1,0,70134.1,11,0.2568,-0.1744,0,1,2020-10-29
CUST-105453,32,Female,Germany,548,7,95,2018-07-30,213973.04,2,1,1,144413.64,29,0.0,0.0212,0,0,
CUST-105454,40,Male,France,603,5,61,2021-05-30,71605.12,2,1,0,72024.06,6,0.3926,-0.2604,2,0,
CUST-105455,35,Male,Spain,640,4,48,2022-06-30,129319.27,1,1,1,64110.59,31,0.0874,-0.0134,1,0,
CUST-105456,60,Female,Germany,717,0,10,2024-01-29,38220.62,1,1,1,136735.95,28,0.1312,-0.1139,0,1,2024-11-28
CUST-105457,52,Female,France,653,2,31,2023-11-29,306622.24,2,1,0,65439.19,8,0.2116,-0.0262,0,0,
CUST-105458,40,Male,Germany,638,4,51,2019-03-30,371052.45,1,1,0,30015.46,8,0.694,-0.4665,2,1,2023-06-30
CUST-105459,21,Male,France,501,6,83,2019-07-30,86898.83,2,0,0,94840.91,9,0.5301,-0.2869,1,0,
CUST-105460,53,Male,France,541,2,26,2021-01-28,21042.95,2,0,0,130757.28,7,0.3203,-0.038,1,1,2023-03-30
CUST-105461,27,Female,Germany,668,8,100,2018-02-28,234931.28,1,0,1,84587.77,15,0.0132,-0.1282,0,0,
CUST-105462,25,Female,France,601,0,2,2026-04-30,464104.24,1,1,1,58999.3,43,0.1523,0.0241,0,0,
CUST-105463,49,Female,France,617,0,9,2018-06-30,0.0,4,1,1,83130.1,11,0.6491,0.0,1,1,2019-03-30
CUST-105464,43,Male,Germany,644,4,59,2021-07-30,66856.5,1,1,0,104821.01,9,0.1039,-0.1065,1,0,
CUST-105465,42,Female,France,850,1,21,2024-09-28,0.0,1,1,0,40805.72,8,0.4146,0.0,0,0,
CUST-105466,32,Male,Spain,602,4,50,2022-04-30,70352.26,1,1,0,23433.7,11,0.1872,-0.1529,0,0,
CUST-105467,26,Female,Spain,783,1,21,2024-01-29,214205.47,1,0,0,66770.5,4,0.1385,-0.1693,0,1,2025-10-29
CUST-105468,22,Male,France,776,7,86,2019-04-30,132368.26,1,1,1,127391.63,27,0.101,0.11,0,0,
CUST-105469,42,Male,Germany,727,0,9,2025-09-29,37416.05,1,1,0,38538.47,13,0.1937,0.2016,0,0,
CUST-105470,28,Male,France,569,3,36,2023-06-30,70675.58,1,1,1,35603.35,23,0.0,0.022,0,0,
CUST-105471,44,Male,Germany,663,9,112,2017-02-28,112026.97,1,1,1,80480.64,28,0.0532,0.1257,0,0,
CUST-105472,28,Male,France,613,7,88,2019-02-28,53082.15,2,1,1,63365.24,33,0.3101,-0.1202,0,0,
CUST-105473,40,Female,Spain,843,6,77,2020-01-29,0.0,2,0,0,49192.06,3,0.282,0.0,1,0,
CUST-105474,29,Female,France,689,1,13,2025-05-30,97146.94,2,0,0,136519.07,9,0.1423,-0.0879,0,0,
CUST-105475,48,Male,Germany,630,7,86,2019-04-30,215046.62,2,0,0,49769.66,12,0.1992,-0.0914,0,0,
CUST-105476,42,Male,France,821,5,68,2016-09-28,0.0,1,1,0,87706.26,9,0.179,0.0,1,1,2022-05-30
CUST-105477,39,Male,France,616,2,34,2019-09-29,0.0,1,0,0,114254.39,9,0.2808,0.0,0,1,2022-07-30
CUST-105478,30,Female,France,703,1,12,2024-05-30,91060.91,2,1,0,64227.17,3,0.8944,-0.2029,0,1,2025-05-30
CUST-105479,26,Male,Germany,717,0,1,2026-05-30,47676.49,1,1,1,114395.59,26,0.1658,0.0045,0,0,
CUST-105480,42,Male,Spain,683,7,91,2018-11-29,0.0,1,1,0,103974.41,7,0.0502,0.0,2,0,
CUST-105481,32,Male,France,640,8,102,2017-12-29,0.0,1,0,1,79644.8,27,0.1208,0.0,1,0,
CUST-105482,38,Male,France,730,4,50,2022-04-30,28856.96,1,1,1,58591.46,26,0.2395,-0.0375,1,0,
CUST-105483,38,Female,France,590,0,6,2025-12-29,0.0,1,1,0,158213.97,12,0.0,0.0,0,0,
CUST-105484,37,Male,France,757,4,52,2022-02-28,23965.18,2,1,1,118589.75,40,0.2599,0.0598,0,0,
CUST-105485,52,Male,Spain,623,9,109,2017-05-30,62612.41,2,0,0,108086.59,4,0.3984,-0.4115,0,0,
CUST-105486,37,Female,Spain,778,6,73,2016-09-28,0.0,1,1,0,74318.33,4,0.4165,0.0,1,1,2022-10-29
CUST-105487,29,Male,Spain,750,1,15,2025-03-30,175352.21,2,1,0,53519.71,14,0.1642,-0.0059,0,0,
CUST-105488,45,Female,France,703,5,68,2020-10-29,0.0,2,0,0,24842.24,10,0.1974,0.0,0,0,
CUST-105489,45,Male,France,641,3,37,2023-05-30,0.0,1,0,0,96040.93,9,0.0812,0.0,0,0,
CUST-105490,32,Female,Germany,756,7,93,2018-09-29,101278.96,2,1,0,59943.99,9,0.3152,0.0506,0,0,
CUST-105491,30,Female,France,705,1,13,2025-05-30,113727.59,1,1,0,81321.19,12,0.2874,-0.028,0,0,
CUST-105492,42,Male,Germany,350,8,96,2018-06-30,94242.13,2,1,1,279670.09,22,0.559,-0.0539,0,0,
CUST-105493,28,Female,France,571,1,23,2024-07-29,0.0,1,1,0,143239.59,9,0.0534,0.0,0,0,
CUST-105494,42,Male,France,666,7,94,2018-08-29,45868.28,1,1,1,92097.58,15,0.2549,-0.0223,0,0,
CUST-105495,57,Male,Spain,677,7,86,2019-04-30,0.0,2,1,1,68115.94,14,0.7126,0.0,0,1,2026-06-30
CUST-105496,45,Female,France,718,1,12,2025-06-29,0.0,2,0,0,110618.65,15,0.0814,0.0,0,0,
CUST-105497,58,Female,Spain,799,5,71,2017-07-30,41830.83,1,1,1,118462.95,5,0.4651,-0.4307,0,1,2023-06-30
CUST-105498,38,Male,France,706,5,66,2020-12-29,56375.39,2,1,1,58185.08,23,0.3153,0.0685,1,0,
CUST-105499,38,Male,France,450,2,26,2024-04-29,71241.35,2,1,0,62349.61,5,0.0796,0.013,0,0,
CUST-105500,40,Male,France,669,8,106,2017-08-29,0.0,2,1,0,81918.69,7,0.2682,0.0,0,0,
CUST-105501,43,Female,France,767,6,83,2019-07-30,64144.73,2,1,0,47489.74,7,0.0583,-0.1445,0,0,
CUST-105502,42,Female,Germany,661,6,80,2019-10-30,119188.85,2,1,1,49355.57,31,0.1235,0.0506,0,0,
CUST-105503,30,Male,France,670,6,72,2020-06-29,0.0,1,1,0,38727.78,9,0.072,0.0,0,0,
CUST-105504,37,Female,Germany,603,2,32,2023-10-30,59684.65,1,1,1,187688.85,27,0.0615,-0.0458,1,0,
CUST-105505,52,Male,Spain,741,8,107,2017-07-30,54790.5,2,1,1,34294.04,29,0.041,0.0647,0,0,
CUST-105506,29,Female,France,616,4,52,2022-02-28,146417.72,1,1,1,34990.15,25,0.4379,0.0325,0,0,
CUST-105507,20,Female,France,707,7,93,2018-09-29,23233.11,2,1,1,20518.75,33,0.0,0.0301,0,0,
CUST-105508,40,Female,France,691,3,37,2023-05-30,56070.39,1,1,0,101176.0,7,0.3547,-0.1208,1,0,
CUST-105509,43,Male,Spain,655,8,102,2017-12-29,0.0,1,0,1,42768.1,18,0.5817,0.0,1,0,
CUST-105510,43,Male,Germany,696,3,41,2023-01-29,214787.61,1,0,0,109209.74,6,0.5158,-0.0289,1,0,
CUST-105511,26,Male,France,669,7,94,2018-08-29,0.0,1,1,1,70090.67,21,0.0378,0.0,0,0,
CUST-105512,29,Female,Germany,773,4,54,2021-12-29,261080.94,2,0,1,144980.26,26,0.0275,-0.0367,2,0,
CUST-105513,51,Female,France,715,7,91,2018-11-29,0.0,1,1,0,45107.06,10,0.0427,0.0,0,0,
CUST-105514,51,Male,France,750,2,26,2024-04-29,0.0,2,0,1,74366.71,30,0.0,0.0,1,0,
CUST-105515,38,Male,France,577,7,90,2018-12-29,0.0,2,1,1,132670.73,24,0.0975,0.0,0,0,
CUST-105516,41,Male,Spain,571,6,76,2020-02-28,56252.18,1,1,1,140453.43,29,0.0443,0.0362,0,0,
CUST-105517,30,Female,France,656,2,29,2024-01-29,0.0,2,1,1,130861.64,31,0.105,0.0,0,0,
CUST-105518,27,Female,France,722,3,43,2022-11-29,102439.91,2,1,0,97664.99,10,0.0582,-0.0069,0,0,
CUST-105519,25,Male,France,701,5,69,2020-09-28,104946.83,1,1,1,70993.79,25,0.1625,0.0202,0,0,
CUST-105520,27,Female,Germany,578,0,3,2026-03-30,40464.73,1,1,0,99281.22,9,0.2814,-0.0551,0,0,
CUST-105521,41,Male,France,725,0,8,2025-10-29,9133.64,1,0,1,35036.12,26,0.0394,0.3098,0,0,
CUST-105522,36,Female,France,590,2,24,2024-06-29,119186.46,2,1,0,58503.26,2,0.1002,0.0349,1,0,
CUST-105523,39,Male,France,715,6,72,2020-01-29,196593.06,3,1,0,156393.34,12,0.1299,0.1451,1,1,2026-01-28
CUST-105524,39,Male,Germany,678,9,119,2016-07-29,95522.05,2,1,1,119596.74,26,0.0241,-0.2023,0,0,
CUST-105525,29,Female,France,628,8,105,2017-09-29,0.0,1,0,1,36810.33,21,0.0146,0.0,0,0,
CUST-105526,42,Female,Spain,599,8,98,2018-04-30,0.0,2,1,1,87381.51,16,0.3437,0.0,1,0,
CUST-105527,53,Male,France,663,2,28,2024-02-28,44483.71,1,1,0,43845.47,7,0.3935,0.0224,0,0,
CUST-105528,29,Female,France,658,5,60,2021-06-29,0.0,2,1,0,61564.7,15,0.1305,0.0,0,0,
CUST-105529,37,Male,Spain,550,0,9,2025-09-29,33754.12,2,1,1,162643.98,38,0.0931,-0.0002,0,0,
CUST-105530,46,Male,Spain,708,8,101,2018-01-28,198299.19,1,1,0,26466.59,7,0.1953,0.3783,0,0,
CUST-105531,51,Female,France,761,3,37,2023-05-30,13641.35,2,1,0,35659.57,9,0.4406,-0.3272,0,0,
CUST-105532,43,Female,Spain,733,3,38,2023-04-30,70295.95,1,0,1,78242.47,39,0.1444,-0.0593,1,0,
CUST-105533,30,Male,Germany,680,1,18,2024-12-29,349917.48,2,0,1,93221.38,26,0.179,0.0114,2,0,
CUST-105534,24,Female,France,607,3,43,2022-11-29,127365.26,2,1,1,61010.55,16,0.1121,-0.0333,0,0,
CUST-105535,35,Female,Spain,662,9,116,2016-10-29,0.0,1,0,1,136167.66,12,0.2027,0.0,0,0,
CUST-105536,36,Male,Spain,637,5,63,2021-03-30,0.0,2,1,0,63488.52,11,0.21,0.0,1,0,
CUST-105537,51,Male,France,662,1,18,2024-03-30,166169.87,1,0,0,83591.46,11,0.7801,-0.3831,1,1,2025-09-29
CUST-105538,34,Male,Germany,740,2,26,2024-04-29,99723.41,1,1,0,74326.8,5,0.0494,0.1144,0,0,
CUST-105539,29,Female,France,640,4,59,2021-07-30,0.0,1,1,0,62572.23,7,0.3037,0.0,0,0,
CUST-105540,31,Female,France,474,8,99,2018-03-30,0.0,2,0,0,108571.42,11,0.303,0.0,0,0,
CUST-105541,43,Male,Spain,727,6,76,2020-02-28,0.0,2,1,1,46180.59,24,0.2064,0.0,1,0,
CUST-105542,38,Male,Germany,688,4,57,2021-09-29,114440.67,2,0,1,146619.12,30,0.3829,0.1355,0,0,
CUST-105543,36,Male,Germany,664,8,97,2018-05-30,67530.47,1,1,1,122422.83,35,0.0525,-0.2036,0,0,
CUST-105544,51,Male,Germany,537,1,12,2025-06-29,61510.67,1,1,1,123475.81,13,0.1287,-0.1103,0,0,
CUST-105545,23,Female,Germany,570,8,97,2018-05-30,38810.25,1,1,1,252570.65,26,0.016,-0.1715,1,0,
CUST-105546,48,Male,France,581,2,28,2024-02-28,0.0,1,1,0,90784.33,8,0.5277,0.0,0,0,
CUST-105547,21,Female,Spain,594,1,17,2025-01-28,94764.13,2,1,1,77088.05,30,0.13,0.0585,0,0,
CUST-105548,48,Male,Germany,603,5,69,2020-09-28,191300.69,1,1,1,93146.99,34,0.1074,-0.2245,0,0,
CUST-105549,39,Female,Germany,537,2,28,2024-02-28,15251.3,1,1,1,57439.11,35,0.4188,-0.0522,1,1,2026-06-30
CUST-105550,39,Female,France,850,6,73,2020-05-30,0.0,1,1,0,68691.0,13,0.1873,0.0,0,0,
CUST-105551,39,Female,France,794,8,103,2017-11-28,35365.51,2,1,1,45570.76,16,0.1042,0.1484,0,0,
CUST-105552,48,Male,France,677,7,92,2018-10-29,0.0,1,1,1,152063.89,25,0.4399,0.0,1,0,
CUST-105553,28,Female,France,647,8,96,2018-06-30,102157.3,2,1,0,41414.41,13,0.1822,-0.108,0,0,
CUST-105554,44,Female,France,825,3,40,2022-05-30,0.0,1,0,1,45924.35,20,0.5141,0.0,0,1,2025-09-29
CUST-105555,48,Female,Germany,806,2,29,2024-01-29,375235.72,2,1,1,64066.79,19,0.0798,-0.1115,0,0,
CUST-105556,37,Female,Spain,579,6,82,2019-08-30,83097.41,2,1,1,39260.38,22,0.2557,0.0303,0,0,
CUST-105557,32,Female,France,674,2,32,2023-10-30,123126.59,1,0,0,50335.42,6,0.4837,-0.4146,1,0,
CUST-105558,25,Male,France,632,2,28,2024-02-28,0.0,1,0,1,59234.58,20,0.3142,0.0,1,0,
CUST-105559,81,Male,Germany,624,2,24,2023-09-29,90876.04,1,0,0,111529.35,7,0.6555,-0.41,2,1,2025-09-29
CUST-105560,39,Female,France,634,6,74,2020-04-29,86485.97,2,1,1,32483.22,36,0.109,-0.007,0,0,
CUST-105561,25,Male,Spain,642,7,90,2018-12-29,0.0,2,1,0,54051.05,11,0.4343,0.0,1,0,
CUST-105562,29,Female,France,670,3,47,2022-07-30,0.0,2,1,0,84919.69,14,0.0744,0.0,2,0,
CUST-105563,33,Female,France,671,6,81,2019-09-29,130413.21,1,0,0,94820.81,14,0.1118,0.0033,0,0,
CUST-105564,48,Female,France,788,7,94,2018-08-29,117956.3,2,0,0,299901.74,4,0.431,-0.1294,1,0,
CUST-105565,29,Female,Spain,573,6,73,2020-05-30,0.0,2,1,0,160993.27,7,0.1361,0.0,0,0,
CUST-105566,32,Female,France,743,4,48,2017-06-29,80696.75,1,1,1,178636.36,15,0.6617,-0.3352,2,1,2021-06-29
CUST-105567,46,Female,Germany,547,5,68,2020-10-29,57544.67,1,0,0,30947.07,9,0.3121,0.0124,0,0,
CUST-105568,34,Male,France,673,6,80,2019-01-29,449219.37,1,1,0,86565.44,6,0.7382,-0.3561,0,1,2025-09-29
CUST-105569,38,Male,France,750,3,39,2023-03-30,244996.99,1,1,1,101757.37,16,0.481,-0.0787,0,0,
CUST-105570,27,Male,Spain,705,6,76,2020-02-28,0.0,3,1,1,36752.76,14,0.0656,0.0,0,0,
CUST-105571,28,Male,France,620,0,8,2025-10-29,0.0,2,1,1,63238.01,18,0.0,0.0,0,0,
CUST-105572,29,Female,France,677,1,16,2025-02-28,384655.16,2,1,0,112515.52,6,0.184,-0.0847,0,0,
CUST-105573,37,Male,Germany,809,0,9,2016-08-29,66857.11,1,1,0,116130.31,4,0.6391,-0.5878,1,1,2017-05-30
CUST-105574,38,Female,Spain,593,6,79,2019-11-29,49874.71,1,1,0,145249.78,7,0.1921,-0.1053,0,0,
CUST-105575,39,Male,France,704,9,113,2017-01-28,539599.03,1,1,1,77435.53,20,0.0,0.0317,1,0,
CUST-105576,51,Male,France,743,5,65,2021-01-28,150134.69,2,1,0,53496.42,11,0.1773,-0.2708,1,0,
CUST-105577,32,Female,Spain,613,4,53,2022-01-28,0.0,1,0,1,100565.66,32,0.1882,0.0,0,0,
CUST-105578,26,Male,Germany,817,0,4,2026-02-28,64613.22,1,1,0,80518.25,11,0.1302,-0.1428,2,0,
CUST-105579,46,Female,Spain,849,1,16,2025-02-28,164293.58,2,1,1,93234.56,17,0.0011,0.0528,0,0,
CUST-105580,40,Male,Spain,755,1,15,2025-03-30,69175.53,1,1,0,25881.58,15,0.2262,0.2413,2,0,
CUST-105581,45,Male,Germany,755,0,2,2026-04-30,81979.05,2,1,0,72283.1,8,0.4128,-0.1051,0,0,
CUST-105582,40,Male,France,484,3,42,2022-12-29,0.0,2,1,1,91110.75,20,0.2393,0.0,0,0,
CUST-105583,33,Female,France,523,2,30,2023-12-29,51912.41,2,1,1,72234.08,25,0.0303,-0.145,0,0,
CUST-105584,33,Male,Germany,642,4,58,2021-08-29,60677.93,2,0,1,67035.82,25,0.0962,0.0476,1,0,
CUST-105585,31,Female,Germany,587,9,113,2017-01-28,824910.29,1,1,1,66986.46,37,0.1709,-0.0332,0,0,
CUST-105586,54,Female,Spain,710,1,16,2017-03-30,129046.13,1,1,0,44505.59,3,0.8567,-0.3164,2,1,2018-07-30
CUST-105587,69,Male,Germany,377,0,9,2021-09-29,131874.15,1,1,0,115738.89,3,0.5809,-0.2918,1,1,2022-06-30
CUST-105588,44,Male,France,709,2,24,2024-06-29,0.0,2,1,0,61272.59,10,0.0,0.0,0,0,
CUST-105589,35,Male,France,633,3,45,2022-09-29,139935.75,1,1,0,18096.37,15,0.0642,0.0263,0,0,
CUST-105590,32,Female,Germany,598,0,6,2025-12-29,254583.25,2,1,1,51461.18,23,0.1378,0.2084,0,0,
CUST-105591,42,Male,France,833,8,101,2018-01-28,0.0,1,1,1,47297.22,29,0.187,0.0,1,0,
CUST-105592,27,Male,Spain,620,7,89,2019-01-29,0.0,2,1,1,60215.17,18,0.1616,0.0,0,0,
CUST-105593,43,Male,Germany,495,1,18,2024-12-29,77500.33,2,1,0,50434.68,12,0.3114,0.0603,1,0,
CUST-105594,31,Male,France,694,7,88,2019-02-28,133350.66,1,0,0,67790.43,5,0.109,0.1118,0,0,
CUST-105595,21,Female,Germany,687,7,91,2018-11-29,15203.29,2,1,0,80269.61,12,0.4096,-0.0852,1,0,
CUST-105596,58,Male,Germany,633,7,94,2018-08-29,28098.57,2,1,1,46588.03,6,0.1849,-0.2795,1,0,
CUST-105597,47,Male,Spain,850,0,10,2018-06-30,0.0,1,0,0,74090.54,9,0.4261,0.0,1,1,2019-04-30
CUST-105598,26,Male,France,670,7,93,2018-09-29,0.0,1,0,1,103767.21,21,0.15,0.0,0,0,
CUST-105599,49,Female,Germany,747,8,100,2018-02-28,31110.58,2,0,1,59183.4,14,0.3686,-0.1558,0,0,
CUST-105600,31,Female,France,681,6,73,2020-05-30,56938.47,2,1,0,103484.68,12,0.3988,-0.1653,1,0,
CUST-105601,49,Male,Germany,772,6,83,2016-09-28,117669.4,2,1,0,149089.33,8,0.8277,-0.4971,0,1,2023-08-30
CUST-105602,37,Male,France,618,4,59,2021-05-30,81800.51,1,1,0,42873.5,0,0.716,-0.1568,2,1,2026-04-30
CUST-105603,38,Female,Spain,548,3,41,2023-01-29,202229.04,1,1,1,84709.33,24,0.2016,0.1272,0,0,
CUST-105604,38,Male,Spain,724,1,15,2025-03-30,220104.69,2,1,1,220582.86,23,0.0456,-0.0792,0,0,
CUST-105605,37,Female,Germany,679,3,45,2022-09-29,38035.45,2,1,0,82181.01,17,0.2234,-0.0588,1,0,
CUST-105606,29,Male,Germany,726,8,103,2017-11-28,82556.96,1,1,0,45704.46,8,0.2473,0.1129,0,0,
CUST-105607,58,Male,France,591,7,95,2018-07-30,0.0,2,1,0,94201.58,15,0.0607,0.0,0,0,
CUST-105608,44,Male,Germany,696,7,88,2019-02-28,243526.97,1,1,1,65644.87,30,0.0194,-0.0965,0,0,
CUST-105609,28,Male,France,497,5,65,2021-01-28,181618.49,1,0,1,35883.48,13,0.2713,-0.0245,0,0,
CUST-105610,32,Female,Germany,604,8,99,2018-03-30,41851.32,2,1,0,65587.43,14,0.3054,0.056,0,0,
CUST-105611,59,Male,France,582,4,54,2021-12-29,0.0,2,1,0,38341.05,11,0.0961,0.0,0,0,
CUST-105612,26,Male,Germany,698,10,120,2016-06-29,30677.15,2,0,0,29168.97,9,0.2113,-0.2862,0,0,
CUST-105613,43,Male,France,604,6,81,2019-09-29,61133.46,2,1,0,116024.6,8,0.1237,-0.0769,0,0,
CUST-105614,29,Male,Germany,518,2,29,2016-09-28,37080.06,1,0,0,19877.29,5,0.7756,-0.1704,0,1,2019-02-28
CUST-105615,31,Female,Germany,595,3,41,2022-08-29,61589.18,1,0,0,155233.57,0,0.8459,-0.3857,0,1,2026-01-28
CUST-105616,37,Female,France,707,2,31,2023-11-29,14765.63,2,1,0,98435.64,10,0.0466,0.009,0,0,
CUST-105617,42,Female,France,663,2,24,2024-06-29,0.0,2,0,0,163812.9,8,0.2379,0.0,0,0,
CUST-105618,39,Male,Spain,578,8,103,2017-11-28,22335.33,1,1,1,179945.76,19,0.122,-0.212,0,0,
CUST-105619,28,Male,Germany,731,8,103,2017-11-28,59887.24,2,0,1,133602.17,27,0.166,-0.2974,1,0,
CUST-105620,58,Male,France,800,7,86,2019-04-30,0.0,2,1,1,56894.57,34,0.2636,0.0,1,0,
CUST-105621,45,Female,France,737,2,28,2016-10-29,100191.14,1,0,0,51196.28,9,0.5458,-0.1719,1,1,2019-02-28
CUST-105622,52,Male,France,428,9,108,2017-06-29,0.0,1,0,0,76641.85,4,0.1902,0.0,0,0,
CUST-105623,36,Male,Germany,673,3,41,2022-04-30,208939.51,1,1,1,124381.61,16,0.2529,-0.009,0,1,2025-09-29
CUST-105624,46,Female,Germany,636,9,117,2016-09-28,204589.45,2,1,1,203954.14,23,0.2625,-0.3732,0,0,
CUST-105625,52,Male,France,455,5,70,2019-07-30,56731.94,1,1,0,41438.07,7,0.5577,-0.1541,1,1,2025-05-30
CUST-105626,41,Female,Germany,526,3,41,2022-09-29,70618.9,1,1,0,112507.7,8,0.4782,-0.2077,1,1,2026-02-28
CUST-105627,41,Male,Germany,727,3,44,2016-07-29,134535.24,2,0,1,73602.5,24,0.1642,-0.0368,0,1,2020-03-30
CUST-105628,43,Female,Spain,668,4,58,2021-08-29,0.0,1,1,1,73695.17,31,0.0,0.0,0,0,
CUST-105629,43,Female,France,658,2,30,2023-12-29,89046.58,2,0,1,102961.8,27,0.11,-0.0249,0,0,
CUST-105630,41,Male,France,588,1,18,2024-12-29,217656.63,2,0,1,17473.48,27,0.0665,-0.1122,0,0,
CUST-105631,48,Female,France,754,3,42,2022-12-29,0.0,1,0,1,73140.25,26,0.1016,0.0,0,0,
CUST-105632,36,Male,France,532,0,1,2026-05-30,0.0,2,0,1,36471.69,20,0.0463,0.0,0,0,
CUST-105633,56,Male,France,565,1,22,2024-08-29,153231.05,2,1,0,107859.86,14,0.1079,-0.0053,0,0,
CUST-105634,24,Female,France,619,8,101,2018-01-28,62800.84,2,1,0,85523.18,11,0.2887,0.1196,1,0,
CUST-105635,46,Female,France,504,4,49,2022-05-30,0.0,2,1,0,182792.27,13,0.3489,0.0,1,0,
CUST-105636,55,Female,Germany,565,8,107,2017-07-30,613659.08,1,1,1,163853.4,25,0.1446,0.0363,0,0,
CUST-105637,32,Female,France,752,4,48,2022-06-30,99265.68,2,1,0,51687.95,14,0.335,0.0363,1,0,
CUST-105638,34,Male,Germany,569,1,15,2025-03-30,472027.1,2,1,1,83817.39,36,0.0,0.04,0,0,
CUST-105639,57,Male,France,725,1,14,2025-04-29,48412.85,2,0,0,174820.47,6,0.1533,-0.0007,1,0,
CUST-105640,46,Male,Germany,711,1,18,2024-12-29,51609.57,2,0,0,93764.2,10,0.2993,0.0424,0,0,
CUST-105641,47,Male,France,634,8,105,2017-09-29,0.0,2,1,0,107254.03,10,0.1826,0.0,0,0,
CUST-105642,36,Male,Spain,514,1,18,2024-12-29,0.0,1,1,1,178790.35,30,0.183,0.0,0,0,
CUST-105643,35,Male,Spain,656,3,46,2022-08-29,69282.35,1,1,1,163899.05,31,0.2726,0.0209,0,0,
CUST-105644,36,Male,France,447,3,40,2023-02-28,39876.06,1,1,0,81388.36,16,0.1489,0.1134,1,0,
CUST-105645,35,Female,Germany,599,6,82,2019-02-28,187209.49,1,1,0,132214.94,12,0.2433,0.1398,0,1,2025-12-29
CUST-105646,36,Male,France,673,9,112,2017-02-28,0.0,2,0,0,120652.56,15,0.1761,0.0,0,0,
CUST-105647,44,Male,Germany,733,2,30,2023-12-29,173196.84,1,0,1,186597.88,25,0.1017,-0.198,0,0,
CUST-105648,34,Female,France,635,4,52,2022-02-28,114143.8,1,0,0,78075.02,9,0.0,-0.1142,0,0,
CUST-105649,29,Female,France,592,6,75,2020-03-30,0.0,2,0,1,148254.0,29,0.0142,0.0,0,0,
CUST-105650,54,Male,France,584,6,76,2020-02-28,0.0,2,1,1,59364.68,32,0.0,0.0,0,0,
CUST-105651,32,Female,Spain,605,7,92,2018-10-29,193588.57,1,1,1,96199.22,28,0.1917,0.0814,0,0,
CUST-105652,34,Female,France,710,0,9,2023-07-30,0.0,3,1,0,122029.39,13,0.4229,0.0,0,1,2024-04-29
CUST-105653,27,Female,Germany,684,8,96,2018-06-30,34795.72,1,1,0,109248.57,5,0.2311,0.1579,0,0,
CUST-105654,41,Male,France,648,0,8,2025-10-29,38140.61,1,1,1,88861.64,52,0.1028,-0.1639,1,0,
CUST-105655,32,Male,France,710,3,45,2022-09-29,0.0,1,1,0,73782.81,8,0.3885,0.0,0,0,
CUST-105656,29,Female,France,650,4,54,2021-12-29,0.0,2,1,0,111047.85,12,0.3463,0.0,0,0,
CUST-105657,49,Male,Spain,522,8,96,2018-06-30,69449.42,1,0,0,99611.76,9,0.1605,-0.1175,0,0,
CUST-105658,62,Female,Spain,543,4,56,2021-10-29,0.0,1,1,1,79593.05,12,0.6159,0.0,1,0,
CUST-105659,33,Female,France,708,2,28,2024-02-28,317553.28,1,1,1,108646.33,20,0.1396,0.1996,0,0,
CUST-105660,46,Female,Germany,518,4,52,2022-02-28,24682.88,2,1,0,32842.42,5,0.2446,-0.1812,0,0,
CUST-105661,42,Female,France,613,0,2,2026-04-30,25768.6,1,0,1,94442.37,36,0.1819,-0.2364,1,0,
CUST-105662,40,Female,France,639,2,28,2024-02-28,0.0,1,1,0,29231.09,8,0.4316,0.0,0,0,
CUST-105663,28,Female,Germany,551,4,51,2021-05-30,40589.2,1,1,0,45902.91,4,0.9761,-0.5247,1,1,2025-08-29
CUST-105664,41,Female,France,490,3,47,2022-07-30,26513.67,2,1,0,89404.49,15,0.3306,-0.1569,0,0,
CUST-105665,46,Male,France,537,4,54,2021-12-29,67534.9,1,1,1,72393.33,15,0.0446,0.2204,0,0,
CUST-105666,68,Female,Germany,476,0,4,2026-02-28,106491.2,2,1,0,29337.6,14,0.4169,-0.0471,3,0,
CUST-105667,24,Female,France,709,6,74,2020-04-29,0.0,2,1,1,26297.68,12,0.1383,0.0,0,0,
CUST-105668,46,Female,Spain,688,8,98,2018-04-30,0.0,2,1,1,61348.94,19,0.2344,0.0,0,0,
CUST-105669,40,Male,Germany,577,4,58,2019-09-29,89158.98,2,0,1,27179.21,17,0.3968,-0.3191,1,1,2024-07-29
CUST-105670,36,Male,Spain,519,5,65,2021-01-28,22203.93,1,1,0,34589.66,11,0.3252,-0.2151,1,0,
CUST-105671,54,Female,Germany,762,1,18,2024-12-29,155151.73,2,1,1,52945.63,26,0.2093,-0.12,0,0,
CUST-105672,33,Male,Spain,692,8,102,2017-12-29,0.0,1,1,1,118032.88,32,0.3555,0.0,0,0,
CUST-105673,62,Female,France,590,1,12,2023-03-30,0.0,1,1,0,38252.1,4,0.8117,0.0,0,1,2024-03-30
CUST-105674,24,Male,Germany,764,8,101,2018-01-28,93644.62,1,1,0,22149.19,11,0.2474,-0.0718,0,0,
CUST-105675,35,Male,Germany,663,2,24,2024-06-29,24481.86,2,0,0,151413.81,9,0.1429,0.0483,0,0,
CUST-105676,49,Male,Spain,681,6,83,2019-07-30,62216.08,2,1,1,115443.58,26,0.0621,-0.3945,0,0,
CUST-105677,40,Female,France,550,8,99,2018-03-30,266131.08,2,1,0,87983.34,15,0.3116,0.0626,1,0,
CUST-105678,32,Male,Germany,504,4,52,2022-02-28,143218.49,1,0,0,70687.34,10,0.2738,-0.1445,0,0,
CUST-105679,33,Female,Spain,499,3,37,2017-01-28,0.0,1,1,0,227621.12,6,0.7562,0.0,2,1,2020-02-28
CUST-105680,43,Female,France,850,2,24,2024-06-29,0.0,1,1,1,85963.85,19,0.0,0.0,0,0,
CUST-105681,31,Female,Spain,571,1,15,2025-03-30,200767.59,2,1,1,75485.0,18,0.0,-0.0003,0,0,
CUST-105682,57,Male,France,656,0,8,2021-12-29,270135.31,1,0,0,65321.41,2,0.6624,-0.4406,0,1,2022-08-29
CUST-105683,37,Male,France,694,6,81,2019-09-29,168098.55,2,0,0,91519.72,4,0.2833,-0.1374,0,0,
CUST-105684,36,Female,Germany,648,2,34,2020-09-28,290262.9,2,1,0,48180.19,5,0.8766,-0.4344,3,1,2023-07-30
CUST-105685,42,Male,France,635,7,85,2019-05-30,0.0,1,1,1,132897.58,26,0.2265,0.0,0,0,
CUST-105686,27,Male,France,633,4,53,2022-01-28,187792.1,1,0,0,147480.83,6,0.1785,0.123,0,0,
CUST-105687,40,Female,France,696,9,110,2017-04-29,0.0,2,1,1,145118.71,30,0.0315,0.0,0,0,
CUST-105688,72,Male,France,550,3,36,2018-09-29,0.0,2,1,1,70206.42,12,0.5502,0.0,0,1,2021-09-29
CUST-105689,37,Male,Spain,608,5,60,2021-06-29,0.0,1,1,0,88585.65,14,0.2564,0.0,0,0,
CUST-105690,40,Female,Spain,429,9,108,2017-06-29,0.0,1,1,0,34743.29,12,0.2411,0.0,0,0,
CUST-105691,47,Male,Germany,471,1,20,2024-10-29,242399.73,2,1,1,36140.5,25,0.0,0.0124,0,0,
CUST-105692,57,Male,France,525,4,50,2017-08-29,0.0,1,1,0,110017.04,11,0.5771,0.0,1,1,2021-10-29
CUST-105693,40,Male,Germany,732,7,84,2018-07-30,283826.41,1,0,1,119123.53,9,0.7218,-0.3339,2,1,2025-07-30
CUST-105694,36,Female,Spain,624,4,55,2021-11-28,0.0,2,0,1,27605.88,26,0.1206,0.0,0,0,
CUST-105695,49,Female,Germany,717,0,7,2019-12-29,112405.15,1,0,1,35532.16,14,0.71,-0.2687,1,1,2020-07-29
CUST-105696,31,Female,France,687,8,106,2017-08-29,0.0,1,0,0,43145.98,13,0.157,0.0,0,0,
CUST-105697,56,Female,France,675,2,33,2023-09-29,0.0,2,1,0,87105.47,7,0.2599,0.0,0,0,
CUST-105698,51,Male,Spain,559,4,59,2021-07-30,188511.13,2,1,1,56819.44,14,0.2358,-0.0542,0,0,
CUST-105699,48,Female,Spain,657,7,90,2018-12-29,88986.37,1,1,1,37963.7,29,0.2106,-0.1891,0,0,
CUST-105700,42,Male,France,674,3,42,2022-12-29,227549.09,2,1,1,60581.32,19,0.0,-0.0485,1,0,
CUST-105701,45,Female,Spain,850,0,5,2018-12-29,0.0,1,1,0,60055.39,7,0.5732,0.0,0,1,2019-05-30
CUST-105702,45,Female,France,617,8,102,2017-12-29,0.0,2,1,1,118655.51,28,0.0671,0.0,0,0,
CUST-105703,41,Male,France,720,2,31,2023-11-29,0.0,2,1,0,62199.89,2,0.4257,0.0,0,0,
CUST-105704,33,Female,Spain,638,6,83,2019-07-30,82072.14,2,1,0,160854.13,8,0.2118,0.0832,0,0,
CUST-105705,46,Female,Germany,583,4,55,2021-11-28,182453.84,1,0,1,23388.72,14,0.6515,-0.1879,2,0,
CUST-105706,28,Male,France,733,4,52,2022-02-28,94970.63,1,1,0,92583.98,11,0.1667,-0.0175,0,0,
CUST-105707,29,Female,Spain,832,0,7,2025-11-28,0.0,2,0,0,228478.78,7,0.4214,0.0,0,0,
CUST-105708,57,Female,Spain,675,3,39,2023-03-30,0.0,2,1,1,66829.05,27,0.0705,0.0,0,0,
CUST-105709,29,Male,France,584,6,73,2020-05-30,72476.52,2,1,0,61758.72,14,0.1188,-0.0462,0,0,
CUST-105710,53,Male,Germany,695,1,15,2025-03-30,171661.44,1,1,1,50005.5,31,0.04,0.0988,0,0,
CUST-105711,29,Female,Spain,677,0,3,2026-03-30,0.0,3,1,1,32330.07,28,0.1874,0.0,1,0,
CUST-105712,36,Male,Germany,850,2,32,2023-10-30,242601.37,1,0,1,128867.14,18,0.107,0.027,0,0,
CUST-105713,37,Male,Spain,721,9,118,2016-08-29,168380.5,1,1,0,46638.9,11,0.2229,-0.0265,2,0,
CUST-105714,26,Female,Germany,560,0,9,2025-09-29,105553.32,2,1,1,118522.89,26,0.0796,-0.0845,0,0,
CUST-105715,44,Female,France,772,7,89,2019-01-29,290379.74,1,1,1,89304.17,28,0.12,-0.1363,0,0,
CUST-105716,27,Male,France,724,4,48,2022-06-30,56821.47,1,0,0,103384.44,13,0.0,0.0409,0,0,
CUST-105717,28,Male,Spain,740,3,40,2023-02-28,103126.12,2,1,1,42824.5,24,0.0984,-0.122,0,0,
CUST-105718,27,Female,Spain,693,3,45,2022-09-29,0.0,1,1,0,86932.03,14,0.2762,0.0,0,0,
CUST-105719,24,Male,France,747,1,20,2022-05-30,125081.88,3,0,1,72182.44,10,0.5667,-0.416,0,1,2024-01-29
CUST-105720,48,Female,France,692,4,54,2021-12-29,58172.52,2,0,1,79962.03,30,0.0,0.0306,0,0,
CUST-105721,33,Female,Spain,626,3,38,2021-10-29,100381.88,2,0,0,18070.11,12,0.1313,-0.1591,0,1,2024-12-29
CUST-105722,35,Male,France,663,3,42,2020-05-30,0.0,1,1,1,96129.97,9,0.5508,0.0,0,1,2023-11-29
CUST-105723,36,Female,France,639,7,94,2018-08-29,0.0,1,0,1,245871.62,34,0.1928,0.0,0,0,
CUST-105724,34,Female,Spain,683,6,73,2019-08-30,0.0,2,1,1,35689.88,28,0.0534,0.0,0,1,2025-09-29
CUST-105725,29,Female,Spain,658,4,58,2021-08-29,111629.02,1,1,1,121165.19,27,0.0644,-0.0137,0,0,
CUST-105726,33,Male,Spain,620,1,23,2021-10-29,0.0,1,1,0,63250.03,15,0.2245,0.0,0,1,2023-09-29
CUST-105727,36,Male,Germany,633,2,35,2023-07-30,67791.5,2,1,1,40706.07,33,0.1041,0.1035,1,0,
CUST-105728,28,Female,France,650,8,99,2018-03-30,138265.43,2,0,0,48918.57,12,0.148,-0.3051,0,0,
CUST-105729,33,Female,Spain,479,4,49,2019-06-30,0.0,1,1,0,160612.78,4,0.6679,0.0,1,1,2023-07-30
CUST-105730,50,Female,France,748,2,31,2023-11-29,0.0,2,1,0,84416.48,6,0.3941,0.0,1,0,
CUST-105731,33,Male,France,683,2,34,2021-03-30,39900.03,3,1,0,67188.48,3,0.6339,-0.2331,3,1,2024-01-29
CUST-105732,42,Male,Spain,591,0,3,2026-03-30,0.0,1,0,1,30305.1,21,0.1797,0.0,1,0,
CUST-105733,20,Male,Germany,707,2,34,2023-08-30,26322.89,1,1,0,97440.92,15,0.2845,-0.0177,1,0,
CUST-105734,44,Female,Spain,601,2,31,2023-11-29,0.0,1,0,0,130384.92,7,0.2194,0.0,0,0,
CUST-105735,25,Female,France,601,4,55,2021-11-28,0.0,1,0,0,85003.18,18,0.3235,0.0,1,0,
CUST-105736,44,Female,Spain,686,0,7,2025-11-28,40144.48,2,1,1,38418.37,13,0.1169,0.0253,0,0,
CUST-105737,48,Male,Germany,787,5,65,2019-11-29,43807.08,1,1,0,96187.49,7,0.5172,-0.2419,0,1,2025-04-29
CUST-105738,43,Female,Germany,677,7,88,2019-02-28,243375.96,2,1,0,200276.86,11,0.1556,0.236,1,0,
CUST-105739,34,Male,Spain,576,5,66,2020-12-29,341301.04,2,1,1,65953.68,25,0.0143,-0.1228,0,0,
CUST-105740,27,Male,France,616,4,53,2022-01-28,0.0,1,1,1,127275.74,28,0.1563,0.0,1,0,
CUST-105741,43,Female,Germany,732,0,9,2025-09-29,60432.71,1,1,0,63719.74,6,0.3922,-0.1135,0,0,
CUST-105742,33,Male,Germany,689,5,60,2021-06-29,11261.5,1,1,1,65250.2,17,0.3344,0.0524,0,0,
CUST-105743,35,Female,Spain,742,8,98,2018-04-30,46352.09,1,1,1,80608.69,31,0.1162,0.0227,2,0,
CUST-105744,30,Female,Spain,688,0,3,2026-03-30,0.0,1,1,0,59040.81,11,0.2406,0.0,0,0,
CUST-105745,36,Male,Germany,724,1,18,2024-12-29,51626.78,1,1,1,56000.47,31,0.0864,0.2502,1,0,
CUST-105746,36,Male,France,843,2,28,2024-02-28,68139.0,1,0,0,72749.12,15,0.1919,-0.0931,0,0,
CUST-105747,29,Male,France,520,6,77,2020-01-29,0.0,2,1,0,122480.33,3,0.0221,0.0,0,0,
CUST-105748,42,Female,Spain,850,2,35,2023-07-30,0.0,1,0,0,75373.48,12,0.237,0.0,0,0,
CUST-105749,57,Male,Spain,740,7,91,2017-09-29,61057.7,1,1,1,70596.94,28,0.1817,-0.0584,0,1,2025-04-29
CUST-105750,49,Male,Spain,850,5,63,2021-03-30,0.0,1,1,1,80246.72,18,0.0,0.0,0,0,
CUST-105751,59,Male,France,556,3,40,2023-02-28,78692.54,1,0,1,172256.9,29,0.1871,-0.0308,4,0,
CUST-105752,33,Female,France,687,4,50,2022-04-30,0.0,2,1,0,41909.6,8,0.436,0.0,0,0,
CUST-105753,30,Male,Spain,665,3,47,2022-07-30,0.0,1,1,1,104171.72,24,0.231,0.0,0,0,
CUST-105754,25,Male,Spain,735,4,54,2021-12-29,0.0,2,0,0,114417.58,11,0.3165,0.0,0,0,
CUST-105755,35,Male,France,695,2,30,2023-12-29,0.0,1,1,1,65794.63,26,0.1589,0.0,1,0,
CUST-105756,36,Male,Germany,684,2,26,2024-04-29,422342.19,1,1,1,141571.46,29,0.0854,-0.1106,1,0,
CUST-105757,38,Male,France,725,3,38,2023-04-30,54475.97,2,1,0,120700.81,7,0.4175,0.1706,0,0,
CUST-105758,29,Male,France,640,3,40,2023-02-28,0.0,1,1,1,114082.43,31,0.0341,0.0,0,0,
CUST-105759,40,Female,France,600,3,40,2017-04-29,0.0,1,1,1,35781.99,21,0.135,0.0,0,1,2020-08-29
CUST-105760,37,Male,France,694,3,41,2023-01-29,0.0,2,1,1,53638.92,28,0.0762,0.0,0,0,
CUST-105761,40,Male,France,600,6,75,2020-03-30,52399.88,2,0,0,49882.3,6,0.1011,0.0777,0,0,
CUST-105762,42,Female,Spain,638,4,53,2022-01-28,19645.21,1,0,0,107216.33,7,0.4201,-0.0618,1,0,
CUST-105763,30,Male,Germany,512,5,70,2020-08-29,142915.81,2,1,1,118247.03,29,0.0,0.0546,0,0,
CUST-105764,38,Male,Spain,655,9,108,2017-06-29,0.0,1,1,0,62669.26,8,0.1734,0.0,0,0,
CUST-105765,49,Male,France,561,4,53,2022-01-28,49306.0,2,0,0,62771.33,5,0.3248,0.0081,2,0,
CUST-105766,41,Male,France,647,8,106,2017-08-29,0.0,1,1,0,244318.15,13,0.3097,0.0,0,0,
CUST-105767,37,Male,France,546,4,50,2022-04-30,98466.15,1,0,1,80428.22,24,0.2647,-0.0127,0,0,
CUST-105768,31,Female,Germany,648,9,117,2016-09-28,47459.19,1,1,1,92682.76,16,0.4889,-0.3291,0,0,
CUST-105769,35,Male,France,736,3,40,2023-02-28,28123.18,2,1,0,63327.31,8,0.1891,-0.0099,1,0,
CUST-105770,27,Female,Germany,593,9,108,2017-06-29,62436.81,1,1,1,149892.3,23,0.3369,-0.0803,0,0,
CUST-105771,46,Female,Spain,560,9,115,2016-11-28,0.0,2,0,0,90418.33,9,0.0968,0.0,0,0,
CUST-105772,31,Male,Spain,725,5,69,2020-09-28,0.0,2,1,0,79626.74,9,0.0008,0.0,0,0,
CUST-105773,30,Female,France,738,3,39,2023-03-30,119778.22,1,1,1,81493.69,28,0.2222,0.0118,0,0,
CUST-105774,27,Male,Germany,691,4,53,2022-01-28,124127.73,2,1,1,57428.6,22,0.0905,0.045,0,0,
CUST-105775,31,Male,France,605,6,82,2019-08-30,44675.49,2,1,0,42876.51,9,0.0164,0.0681,0,0,
CUST-105776,33,Female,France,590,2,26,2024-04-29,59936.63,2,0,0,72341.41,13,0.2479,-0.284,0,0,
CUST-105777,52,Male,Germany,618,0,10,2021-07-30,92752.6,1,1,0,169373.78,7,0.3011,0.1547,0,1,2022-05-30
CUST-105778,31,Female,Germany,644,7,88,2019-02-28,83857.0,2,1,0,61496.93,10,0.0983,-0.0729,0,0,
CUST-105779,56,Female,Germany,484,6,79,2019-11-29,37708.22,2,1,1,128716.25,32,0.1122,0.022,0,0,
CUST-105780,52,Male,France,556,1,20,2019-06-30,36087.94,1,1,0,58097.59,6,0.1617,-0.0416,0,1,2021-02-28
CUST-105781,52,Male,Spain,770,0,2,2026-04-30,0.0,2,1,0,25676.36,11,0.1891,0.0,0,0,
CUST-105782,43,Female,Spain,670,4,49,2022-05-30,59320.68,1,0,0,54040.61,10,0.621,-0.169,2,0,
CUST-105783,26,Male,France,768,5,65,2021-01-28,70485.83,2,0,1,29500.13,43,0.0,0.0985,0,0,
CUST-105784,50,Male,Spain,748,4,57,2016-06-29,75254.64,2,1,1,108729.75,9,0.3938,-0.3063,0,1,2021-03-30
CUST-105785,26,Male,France,620,0,8,2025-10-29,269661.65,2,1,1,26278.15,18,0.1797,-0.223,1,0,
CUST-105786,29,Male,Germany,621,0,4,2026-02-28,61212.14,2,1,1,75385.4,20,0.0781,-0.0535,0,0,
CUST-105787,33,Female,Spain,743,9,112,2017-02-28,0.0,1,1,1,47671.27,15,0.093,0.0,0,0,
CUST-105788,32,Male,Spain,723,6,81,2019-09-29,0.0,2,1,0,51147.29,8,0.3785,0.0,0,0,
CUST-105789,47,Male,Spain,745,3,42,2022-12-29,266348.56,2,1,1,116075.1,26,0.1101,-0.0974,0,0,
CUST-105790,45,Female,France,649,2,27,2024-03-30,0.0,2,1,0,67513.19,11,0.2931,0.0,0,0,
CUST-105791,36,Female,Spain,664,2,29,2020-03-30,0.0,1,0,0,70866.44,11,0.2438,0.0,0,1,2022-08-29
CUST-105792,43,Female,Germany,625,1,15,2018-01-28,32294.38,1,1,1,68437.06,17,0.539,-0.05,0,1,2019-04-30
CUST-105793,39,Female,France,645,5,66,2020-09-28,22079.56,2,0,1,57971.53,21,0.1249,-0.0909,0,1,2026-03-30
CUST-105794,37,Male,France,584,6,76,2020-02-28,101929.85,1,0,1,46475.56,19,0.171,0.0131,1,0,
CUST-105795,34,Male,Spain,643,2,30,2023-12-29,0.0,2,1,0,28799.52,8,0.4553,0.0,1,0,
CUST-105796,31,Female,Germany,635,7,90,2018-12-29,270431.5,2,1,0,88920.13,8,0.0655,-0.1731,0,0,
CUST-105797,22,Male,Germany,606,2,28,2024-02-28,111493.58,1,0,1,84995.45,31,0.1529,-0.0788,1,0,
CUST-105798,46,Female,Spain,726,2,26,2023-10-30,0.0,1,1,1,135171.77,13,0.3242,0.0,1,1,2025-12-29
CUST-105799,31,Male,Germany,515,6,75,2020-03-30,182466.68,2,1,0,89915.89,11,0.1381,0.1186,0,0,
CUST-105800,32,Female,France,682,5,70,2020-08-29,16532.86,1,1,0,56256.27,7,0.2301,-0.2469,0,0,
CUST-105801,31,Female,France,562,9,110,2017-04-29,0.0,2,0,1,65981.49,25,0.1765,0.0,0,0,
CUST-105802,40,Female,Germany,569,6,77,2020-01-29,93992.45,1,1,1,98723.65,20,0.3421,-0.1089,0,0,
CUST-105803,42,Male,Spain,577,5,62,2021-04-29,0.0,1,0,0,132015.35,15,0.0581,0.0,0,0,
CUST-105804,32,Female,Germany,695,7,87,2019-03-30,57170.9,1,1,0,57781.97,10,0.1585,-0.0771,0,0,
CUST-105805,37,Female,Germany,433,0,9,2016-11-28,78038.1,1,1,1,132484.07,13,0.7139,-0.4371,1,1,2017-08-29
CUST-105806,33,Female,Germany,666,6,81,2019-09-29,58106.95,2,1,1,69156.64,26,0.2565,-0.2232,0,0,
CUST-105807,46,Female,Germany,654,8,102,2017-12-29,132069.12,2,1,1,50073.49,10,0.6773,-0.6002,1,0,
CUST-105808,41,Male,Spain,557,0,7,2023-10-30,159728.37,1,0,0,50719.94,3,0.6169,-0.1078,1,1,2024-05-30
CUST-105809,24,Male,France,667,3,39,2023-03-30,0.0,1,1,0,61603.05,8,0.1993,0.0,1,0,
CUST-105810,42,Male,Spain,534,6,81,2019-09-29,157083.15,2,0,1,71585.51,30,0.0,0.0072,0,0,
CUST-105811,38,Female,Germany,646,0,8,2025-10-29,33697.58,1,1,1,135621.97,25,0.0,-0.0972,1,0,
CUST-105812,30,Female,France,530,8,107,2017-07-30,0.0,1,0,1,203556.66,20,0.12,0.0,1,0,
CUST-105813,29,Male,Germany,847,3,40,2023-02-28,179654.09,2,0,1,64083.46,21,0.0,0.2536,0,0,
CUST-105814,45,Female,Germany,733,3,37,2016-09-28,60546.04,1,1,1,33700.58,18,0.258,-0.1733,1,1,2019-10-30
CUST-105815,46,Male,Germany,674,3,36,2023-06-30,59757.06,1,1,1,52056.17,33,0.0,-0.0677,0,0,
CUST-105816,39,Female,Spain,558,3,44,2022-10-29,102718.61,1,0,1,61080.8,13,0.5267,-0.3373,1,0,
CUST-105817,32,Male,France,624,2,26,2024-04-29,7689.72,1,1,1,84021.56,16,0.3202,-0.3107,1,0,
CUST-105818,30,Male,France,628,4,50,2022-04-30,50053.6,1,1,0,26847.36,5,0.7396,-0.2049,0,0,
CUST-105819,30,Male,France,673,3,38,2023-04-30,0.0,1,1,0,128880.63,10,0.3455,0.0,0,0,
CUST-105820,34,Female,France,688,2,32,2023-02-28,0.0,1,1,0,43958.08,5,0.3553,0.0,0,1,2025-10-29
CUST-105821,49,Female,Germany,672,0,11,2025-07-30,104108.95,2,0,1,85329.47,27,0.1322,0.1351,0,0,
CUST-105822,25,Male,Spain,683,7,94,2018-08-29,85096.39,1,1,1,67374.07,22,0.0864,-0.1067,0,0,
CUST-105823,37,Male,Germany,634,4,53,2022-01-28,233739.8,2,1,0,49913.7,14,0.1651,-0.0467,0,0,
CUST-105824,34,Female,France,683,4,53,2022-01-28,356406.45,1,0,0,150709.81,13,0.2006,0.0221,0,0,
CUST-105825,41,Male,France,589,4,52,2022-02-28,0.0,1,1,1,56284.69,23,0.3317,0.0,0,0,
CUST-105826,29,Female,France,548,0,6,2025-12-29,0.0,1,1,0,42630.5,10,0.5261,0.0,1,0,
CUST-105827,35,Male,Germany,827,9,112,2017-02-28,238832.91,2,1,0,96610.95,13,0.1884,0.117,1,0,
CUST-105828,45,Female,France,690,7,89,2019-01-29,71475.93,1,1,1,116944.69,25,0.177,0.051,0,0,
CUST-105829,39,Female,Germany,823,2,34,2017-10-29,52832.28,1,1,0,64648.07,8,0.6192,-0.6643,0,1,2020-08-29
CUST-105830,33,Male,Spain,624,8,106,2017-08-29,0.0,2,0,0,79731.56,12,0.3425,0.0,0,0,
CUST-105831,30,Female,Germany,850,4,48,2022-06-30,89201.4,1,1,0,122333.23,13,0.2555,0.0572,0,0,
CUST-105832,52,Male,France,658,6,83,2019-07-30,173593.58,2,0,0,64209.29,5,0.0,0.1453,1,0,
CUST-105833,27,Female,France,760,4,51,2022-03-30,0.0,1,1,1,62946.59,21,0.0203,0.0,1,0,
CUST-105834,54,Female,Germany,653,0,6,2025-12-29,70229.97,2,1,0,111111.42,7,0.2342,0.075,1,0,
CUST-105835,38,Male,Germany,666,8,98,2017-04-29,172850.77,2,1,1,66423.55,34,0.0392,-0.0925,0,1,2025-06-29
CUST-105836,36,Female,France,639,1,18,2024-12-29,15014.65,1,1,1,47117.72,27,0.0,-0.1854,0,0,
CUST-105837,48,Male,Spain,603,5,68,2020-10-29,60520.98,1,1,1,71939.64,23,0.1869,-0.2595,0,0,
CUST-105838,49,Female,Germany,744,2,31,2023-11-29,197643.21,2,1,1,42462.92,12,0.363,-0.0651,2,0,
CUST-105839,38,Female,France,649,8,99,2018-03-30,72025.98,1,1,0,69462.19,5,0.6458,-0.3499,2,0,
CUST-105840,41,Female,France,730,4,50,2022-04-30,0.0,1,0,1,122741.36,18,0.2195,0.0,0,0,
CUST-105841,28,Male,France,737,3,43,2022-11-29,48717.23,1,1,1,36875.27,34,0.2049,-0.0366,0,0,
CUST-105842,35,Female,France,786,8,104,2017-10-29,0.0,1,1,0,70338.52,5,0.4796,0.0,0,0,
CUST-105843,31,Male,France,690,0,7,2025-11-28,69497.49,2,1,1,100051.65,28,0.1403,-0.3707,0,0,
CUST-105844,52,Male,Germany,505,4,59,2018-10-29,23768.33,1,1,1,69759.41,22,0.3099,-0.5095,1,1,2023-09-29
CUST-105845,51,Female,France,619,7,85,2019-05-30,67443.91,2,1,0,155075.41,13,0.0997,-0.1343,0,0,
CUST-105846,28,Male,Spain,648,4,54,2021-12-29,60759.19,1,1,1,74375.31,31,0.1418,-0.0555,0,0,
CUST-105847,28,Male,Spain,651,4,56,2021-10-29,0.0,2,1,1,89347.25,18,0.0,0.0,0,0,
CUST-105848,35,Male,France,777,6,74,2020-04-29,0.0,2,1,0,154401.63,15,0.1914,0.0,0,0,
CUST-105849,55,Female,France,759,6,74,2020-04-29,0.0,1,1,1,95784.81,32,0.0825,0.0,0,0,
CUST-105850,33,Female,Spain,636,8,98,2018-04-30,51041.18,2,0,1,71438.84,28,0.0,-0.1061,0,0,
CUST-105851,67,Male,Spain,850,4,53,2022-01-28,114351.69,1,1,1,56887.88,21,0.1055,-0.1465,0,0,
CUST-105852,27,Male,Spain,617,7,91,2018-11-29,79576.96,1,0,0,66303.45,2,0.3323,-0.1425,0,0,
CUST-105853,31,Female,France,624,3,36,2023-06-30,171120.13,1,1,1,87092.02,33,0.0929,0.1298,0,0,
CUST-105854,28,Male,France,545,6,76,2019-02-28,0.0,1,1,0,47164.14,4,0.5799,0.0,3,1,2025-06-29
CUST-105855,38,Female,France,500,9,119,2016-07-29,303175.67,1,0,0,148752.76,6,0.5208,0.0183,0,0,
CUST-105856,33,Female,Spain,537,1,12,2025-06-29,0.0,1,1,0,255790.65,6,0.2524,0.0,0,0,
CUST-105857,53,Female,Germany,747,1,13,2021-02-28,137840.95,1,1,0,72506.45,3,0.513,-0.2931,2,1,2022-03-30
CUST-105858,32,Male,Germany,721,7,89,2019-01-29,226427.19,2,0,0,28135.47,13,0.0,-0.0656,0,0,
CUST-105859,46,Female,Germany,565,0,1,2026-05-30,69788.46,2,0,1,110551.15,25,0.4001,0.293,0,0,
CUST-105860,28,Female,France,660,9,108,2017-06-29,0.0,2,0,1,76499.06,23,0.2571,0.0,0,0,
CUST-105861,34,Male,Germany,727,1,18,2024-10-29,90226.36,1,1,0,104132.73,3,0.799,-0.4513,2,1,2026-04-30
CUST-105862,24,Female,France,455,0,5,2026-01-28,31562.71,2,1,0,70849.67,7,0.2022,-0.037,0,0,
CUST-105863,55,Male,Germany,820,0,5,2025-04-29,431327.3,3,1,0,121642.97,4,0.0095,-0.1575,2,1,2025-09-29
CUST-105864,35,Female,Germany,751,2,35,2023-07-30,22089.41,2,1,1,48612.37,27,0.1652,0.0657,0,0,
CUST-105865,46,Female,Germany,728,1,14,2025-04-29,29292.73,2,1,1,90813.42,23,0.0,-0.0509,0,0,
CUST-105866,26,Male,France,765,9,111,2017-03-30,0.0,1,0,1,86033.81,20,0.0,0.0,0,0,
CUST-105867,27,Male,Spain,454,1,17,2025-01-28,183418.36,2,1,0,90097.27,6,0.1835,0.1767,0,0,
CUST-105868,29,Male,Germany,629,3,38,2022-07-30,140719.3,1,1,1,111111.85,11,0.5543,-0.1476,0,1,2025-09-29
CUST-105869,32,Male,France,771,0,4,2026-02-28,0.0,2,1,0,119801.34,11,0.4284,0.0,1,0,
CUST-105870,49,Female,France,649,1,16,2022-09-29,197226.03,1,1,0,38694.23,10,0.3546,-0.0469,0,1,2024-01-29
CUST-105871,33,Male,Germany,721,2,31,2023-11-29,100909.12,1,1,0,111919.84,16,0.3528,-0.0563,0,0,
CUST-105872,42,Female,France,789,3,46,2020-06-29,0.0,3,1,1,79882.79,29,0.2702,0.0,0,1,2024-04-29
CUST-105873,60,Male,France,718,6,81,2019-09-29,70301.62,2,1,1,64867.7,21,0.2182,0.0509,0,0,
CUST-105874,34,Female,France,625,5,63,2021-03-30,0.0,2,0,0,84326.7,10,0.2511,0.0,0,0,
CUST-105875,26,Female,France,705,1,22,2024-08-29,59517.15,1,1,1,82293.39,19,0.1895,-0.0493,1,0,
CUST-105876,29,Female,France,490,4,49,2018-02-28,207677.18,1,1,1,76104.39,4,0.4697,-0.3183,0,1,2022-03-30
CUST-105877,43,Female,Germany,697,1,13,2020-03-30,66096.13,1,1,1,27373.68,14,0.6437,-0.298,0,1,2021-04-29
CUST-105878,31,Female,France,722,0,4,2026-02-28,0.0,2,1,1,77844.73,25,0.0119,0.0,0,0,
CUST-105879,26,Female,Germany,664,9,111,2017-03-30,30277.04,1,1,1,64603.87,28,0.2239,-0.0785,0,0,
CUST-105880,77,Female,France,762,1,21,2019-07-30,0.0,1,0,1,87159.16,9,0.5718,0.0,1,1,2021-04-29
CUST-105881,50,Male,France,677,5,62,2018-11-29,128836.43,1,1,0,69973.65,3,0.6135,-0.3208,0,1,2024-01-29
CUST-105882,30,Male,France,664,4,49,2022-05-30,0.0,1,0,0,232102.0,12,0.0359,0.0,1,0,
CUST-105883,65,Male,Spain,826,6,73,2016-09-28,89376.09,1,1,0,64592.32,7,0.5443,-0.3512,2,1,2022-10-29
CUST-105884,71,Female,Spain,558,4,55,2021-11-28,119867.43,2,0,0,31127.29,14,0.2066,0.1043,0,0,
CUST-105885,61,Female,France,784,5,69,2020-09-28,0.0,2,1,0,68254.36,12,0.3113,0.0,0,0,
CUST-105886,34,Female,France,776,5,60,2021-06-29,0.0,1,0,1,56387.64,32,0.2123,0.0,0,0,
CUST-105887,36,Female,France,731,3,39,2023-03-30,0.0,1,1,0,80740.47,9,0.3074,0.0,0,0,
CUST-105888,43,Male,France,611,3,46,2018-05-30,0.0,3,1,1,56236.18,12,0.514,0.0,1,1,2022-03-30
CUST-105889,30,Female,Spain,683,2,24,2021-02-28,0.0,1,0,0,102059.63,6,0.6596,0.0,0,1,2023-02-28
CUST-105890,49,Male,France,573,5,68,2020-10-29,0.0,2,1,0,71479.29,11,0.2221,0.0,1,0,
CUST-105891,40,Male,Spain,596,8,107,2017-07-30,0.0,1,1,1,87495.16,16,0.3721,0.0,1,0,
CUST-105892,48,Female,Germany,663,2,30,2023-12-29,94089.49,1,0,0,161880.33,7,0.6519,-0.34,2,0,
CUST-105893,33,Male,Germany,565,3,45,2022-09-29,149946.35,1,1,0,74728.16,9,0.254,-0.1374,0,0,
CUST-105894,39,Female,Spain,628,3,39,2023-03-30,0.0,1,1,1,34583.5,19,0.006,0.0,0,0,
CUST-105895,27,Female,France,544,5,65,2021-01-28,34144.31,1,1,1,55301.77,32,0.0818,-0.0122,0,0,
CUST-105896,32,Female,Spain,713,8,101,2018-01-28,0.0,1,1,1,33753.32,34,0.0611,0.0,0,0,
CUST-105897,33,Male,France,807,1,19,2024-11-28,0.0,1,1,0,52061.47,16,0.073,0.0,0,0,
CUST-105898,43,Male,Spain,850,4,48,2022-06-30,0.0,2,1,0,12000.0,7,0.5728,0.0,0,0,
CUST-105899,47,Male,Germany,551,1,15,2018-01-28,75172.37,1,0,0,114209.87,5,0.2904,0.0478,0,1,2019-04-30
CUST-105900,28,Male,France,568,4,56,2019-02-28,60969.67,1,1,0,31824.18,11,0.0377,0.0125,1,1,2023-10-30
CUST-105901,52,Male,Spain,645,9,109,2017-05-30,27656.22,1,1,0,107058.01,7,0.3239,-0.0887,0,0,
CUST-105902,41,Male,France,729,6,73,2020-02-28,275966.52,1,1,0,50596.55,7,0.5429,-0.2029,1,1,2026-03-30
CUST-105903,44,Female,France,641,4,58,2021-08-29,0.0,1,1,1,62040.46,18,0.173,0.0,0,0,
CUST-105904,47,Female,Spain,753,1,16,2023-07-30,362044.88,1,0,1,176149.27,25,0.1085,0.0067,0,1,2024-11-28
CUST-105905,29,Female,France,712,7,94,2016-09-28,0.0,2,1,0,60619.71,9,0.3446,0.0,0,1,2024-07-29
CUST-105906,52,Male,Spain,491,1,23,2024-07-29,0.0,1,1,0,42174.08,10,0.219,0.0,0,0,
CUST-105907,31,Female,Germany,666,7,89,2018-12-29,39717.02,1,1,1,54664.33,36,0.2219,-0.096,0,1,2026-05-30
CUST-105908,36,Male,Germany,542,6,83,2019-07-30,65987.3,2,0,1,36319.7,22,0.0587,0.2827,0,0,
CUST-105909,34,Male,France,607,2,30,2023-12-29,74413.47,1,0,0,114896.81,2,0.5973,-0.3047,2,0,
CUST-105910,66,Male,France,621,5,63,2021-03-30,0.0,2,1,0,97460.14,6,0.3315,0.0,0,0,
CUST-105911,30,Female,Spain,732,3,45,2022-09-29,0.0,2,0,0,61032.81,7,0.2571,0.0,1,0,
CUST-105912,61,Female,France,658,7,90,2018-12-29,107746.52,1,1,1,109835.48,33,0.2479,0.0739,0,0,
CUST-105913,56,Male,Germany,616,0,9,2025-09-29,43152.62,1,0,1,100036.07,30,0.1894,0.2972,0,0,
CUST-105914,27,Female,France,850,7,87,2019-03-30,400385.49,2,1,1,61850.15,33,0.1449,-0.0698,0,0,
CUST-105915,31,Female,France,575,1,16,2025-02-28,0.0,2,0,1,82324.25,20,0.1402,0.0,0,0,
CUST-105916,31,Male,Germany,688,3,43,2022-11-29,130369.74,2,1,1,63156.86,19,0.023,-0.0366,0,0,
CUST-105917,44,Female,Spain,725,1,20,2017-06-29,0.0,2,0,0,50070.49,9,0.0806,0.0,0,1,2019-02-28
CUST-105918,52,Male,Spain,677,10,120,2016-06-29,0.0,1,1,1,17669.9,23,0.223,0.0,0,0,
CUST-105919,31,Male,Spain,574,2,34,2023-08-30,0.0,2,1,0,61430.09,13,0.3045,0.0,0,0,
CUST-105920,26,Female,France,570,9,111,2017-03-30,75801.86,1,1,1,71362.2,22,0.1815,-0.1854,0,0,
CUST-105921,44,Male,France,720,7,85,2017-11-28,76250.4,1,0,1,33261.58,5,0.5768,-0.4115,0,1,2024-12-29
CUST-105922,38,Female,France,761,4,54,2021-12-29,118981.21,2,1,0,113653.32,15,0.1932,0.0215,1,0,
CUST-105923,27,Male,Germany,656,2,32,2023-10-30,30342.78,2,0,0,63165.28,20,0.0936,-0.1432,0,0,
CUST-105924,43,Female,France,534,3,43,2022-11-29,0.0,1,1,0,90002.12,11,0.157,0.0,0,0,
CUST-105925,37,Female,Germany,662,2,35,2023-07-30,169635.28,1,1,1,82984.05,27,0.1245,-0.0248,0,0,
CUST-105926,28,Female,France,806,4,53,2022-01-28,150105.68,1,0,0,67128.64,2,0.3727,-0.0158,0,0,
CUST-105927,33,Female,Spain,564,9,109,2017-05-30,90994.85,2,1,0,51953.47,8,0.1956,-0.0091,0,0,
CUST-105928,60,Female,Spain,630,1,17,2025-01-28,0.0,2,1,0,48097.62,17,0.3274,0.0,0,0,
CUST-105929,22,Male,Spain,666,8,102,2017-12-29,180497.59,2,1,1,27986.97,27,0.1124,0.0807,0,0,
CUST-105930,29,Male,France,765,6,72,2020-06-29,50463.16,2,0,0,159050.69,5,0.2265,0.127,0,0,
CUST-105931,26,Female,Spain,610,6,81,2019-09-29,103330.32,2,0,1,85043.58,19,0.1869,-0.0507,1,0,
CUST-105932,35,Male,France,707,9,112,2017-02-28,195235.39,1,1,0,41670.91,10,0.2375,0.2322,0,0,
CUST-105933,39,Male,France,794,5,60,2021-06-29,327211.91,1,1,1,96917.13,27,0.0231,0.1253,2,0,
CUST-105934,36,Female,France,518,1,22,2024-06-29,0.0,1,1,1,37523.29,26,0.0,0.0,1,1,2026-04-30
CUST-105935,37,Male,France,535,4,55,2021-11-28,44300.51,1,1,1,98877.09,14,0.0,-0.0835,0,0,
CUST-105936,40,Male,Germany,652,7,84,2019-04-30,38788.97,1,1,1,90038.0,3,0.5806,-0.346,1,1,2026-04-30
CUST-105937,32,Female,France,755,4,55,2021-11-28,0.0,2,0,1,49669.03,21,0.2239,0.0,0,0,
CUST-105938,73,Female,France,693,6,73,2020-05-30,0.0,1,1,1,29710.32,16,0.6671,0.0,1,1,2026-06-30
CUST-105939,38,Female,Germany,763,3,36,2018-03-30,52635.78,1,1,0,53892.02,14,0.0931,-0.1151,0,1,2021-03-30
CUST-105940,27,Male,Spain,497,1,21,2024-09-28,141409.02,2,0,0,75021.43,10,0.1567,0.0404,1,0,
CUST-105941,36,Male,Germany,694,6,76,2020-02-28,55019.56,2,0,1,29958.53,26,0.0691,0.209,0,0,
CUST-105942,44,Female,Germany,387,5,60,2021-05-30,36115.0,1,1,1,48384.58,10,0.6142,-0.3304,3,1,2026-05-30
CUST-105943,46,Male,France,788,4,48,2022-06-30,191310.37,1,1,1,145334.27,25,0.2116,-0.1143,0,0,
CUST-105944,43,Female,Spain,775,9,118,2016-08-29,0.0,2,1,1,68124.53,25,0.339,0.0,0,0,
CUST-105945,39,Male,France,629,2,32,2023-10-30,0.0,1,0,1,303627.75,20,0.1141,0.0,0,0,
CUST-105946,29,Male,France,439,3,37,2023-05-30,59297.69,1,0,1,90167.79,26,0.35,-0.0289,0,0,
CUST-105947,41,Male,France,641,6,80,2019-10-30,355781.59,2,1,0,63787.13,7,0.2559,0.2495,2,0,
CUST-105948,36,Male,Germany,768,9,115,2016-11-28,118380.94,1,0,1,43245.46,29,0.108,-0.1405,0,0,
CUST-105949,31,Male,France,700,6,76,2020-02-28,0.0,2,1,0,37796.29,10,0.4494,0.0,2,0,
CUST-105950,38,Female,Germany,838,5,61,2021-05-30,23890.06,1,0,1,77075.8,10,0.4145,-0.4763,0,0,
CUST-105951,47,Female,France,632,0,2,2026-04-30,0.0,2,0,0,54431.58,11,0.0,0.0,0,0,
CUST-105952,26,Male,France,850,9,110,2017-04-29,0.0,2,1,1,59442.77,34,0.0,0.0,0,0,
CUST-105953,29,Female,France,466,3,47,2019-09-29,156564.76,1,1,0,78639.29,7,0.7666,-0.357,1,1,2023-08-30
CUST-105954,20,Male,France,588,8,99,2016-11-28,21187.06,1,1,1,48774.37,20,0.5782,-0.4506,0,1,2025-02-28
CUST-105955,45,Male,France,536,2,25,2024-05-30,21673.54,1,1,0,114057.96,13,0.0477,0.0436,0,0,
CUST-105956,28,Female,Germany,731,3,44,2022-10-29,20848.85,2,0,1,82776.66,27,0.1803,0.0123,2,0,
CUST-105957,51,Female,Germany,544,2,33,2016-07-29,42051.75,1,1,1,51383.99,24,0.0591,-0.0102,0,1,2019-04-30
CUST-105958,35,Female,France,757,7,88,2019-02-28,143791.04,2,0,0,80835.78,9,0.1576,0.2202,0,0,
CUST-105959,42,Male,Germany,726,5,65,2019-04-30,89582.64,2,1,0,20217.24,15,0.1918,0.0302,0,1,2024-09-28
CUST-105960,45,Male,France,678,6,79,2019-11-29,0.0,1,0,1,88230.77,20,0.2272,0.0,0,0,
CUST-105961,37,Female,France,650,2,33,2023-09-29,26216.58,1,0,1,87422.33,37,0.0227,0.108,0,0,
CUST-105962,52,Female,France,559,5,69,2020-09-28,0.0,1,1,1,23035.66,27,0.0567,0.0,0,0,
CUST-105963,38,Female,France,718,0,7,2025-11-28,220936.26,1,1,1,25728.01,32,0.0,0.0189,0,0,
CUST-105964,39,Female,France,611,2,29,2024-01-29,133136.1,2,1,0,60197.15,9,0.2822,0.1093,1,0,
CUST-105965,27,Male,Germany,734,5,64,2021-02-28,306702.0,1,1,0,50425.73,18,0.1481,-0.1312,0,0,
CUST-105966,60,Female,France,804,5,69,2020-09-28,121750.77,2,0,1,69374.06,17,0.2894,-0.1165,0,0,
CUST-105967,47,Female,Spain,630,4,58,2021-08-29,0.0,1,0,1,73754.02,14,0.3853,0.0,1,0,
CUST-105968,29,Male,France,787,1,13,2025-05-30,614324.76,1,1,1,166220.43,23,0.452,0.0825,0,0,
CUST-105969,27,Male,Germany,678,5,65,2018-11-29,75181.64,1,1,0,58796.42,3,0.4755,-0.3188,1,1,2024-04-29
CUST-105970,34,Female,Spain,717,7,89,2019-01-29,156575.92,2,0,1,100070.77,27,0.1797,-0.0469,1,0,
CUST-105971,35,Male,France,533,4,51,2022-03-30,15741.71,2,1,1,55280.09,32,0.2164,0.067,0,0,
CUST-105972,37,Female,France,594,2,31,2017-01-28,158421.15,1,0,1,88699.6,23,0.2886,-0.1176,1,1,2019-08-30
CUST-105973,51,Female,Germany,593,0,7,2025-01-28,37689.12,2,1,0,57011.09,10,0.2566,-0.1366,0,1,2025-08-29
CUST-105974,52,Male,Spain,789,3,36,2023-06-30,0.0,1,1,0,34707.0,13,0.2312,0.0,0,0,
CUST-105975,47,Male,Spain,626,4,54,2021-12-29,0.0,1,1,1,51074.63,44,0.0,0.0,0,0,
CUST-105976,24,Female,France,720,4,51,2022-03-30,126864.25,1,0,1,88234.5,18,0.1521,-0.1311,1,0,
CUST-105977,57,Male,Spain,652,1,22,2024-08-29,34279.01,1,0,1,37838.87,7,0.5617,-0.1748,2,0,
CUST-105978,49,Female,France,626,2,35,2023-07-30,66495.89,2,0,1,74757.25,26,0.0026,0.1391,1,0,
CUST-105979,43,Male,France,518,3,40,2023-02-28,161689.43,1,1,1,85396.84,21,0.1124,0.0097,0,0,
CUST-105980,35,Female,Germany,476,1,18,2022-05-30,117666.1,2,1,0,86158.11,2,0.64,-0.3786,2,1,2023-11-29
CUST-105981,42,Male,Germany,627,0,2,2023-05-30,18750.88,3,1,0,107548.92,4,0.7337,-0.2726,2,1,2023-07-30
CUST-105982,26,Male,Germany,633,3,45,2022-09-29,78678.27,1,1,1,219014.55,24,0.2529,0.0927,0,0,
CUST-105983,42,Female,Spain,575,5,69,2020-09-28,0.0,2,0,1,35516.06,17,0.0988,0.0,1,0,
CUST-105984,48,Male,France,674,6,83,2016-08-29,0.0,3,1,1,58054.69,14,0.5352,0.0,0,1,2023-07-30
CUST-105985,40,Male,Germany,848,5,60,2018-03-30,49878.34,1,0,0,69333.89,5,0.8239,-0.3335,1,1,2023-03-30
CUST-105986,35,Male,France,803,0,3,2026-03-30,163457.34,1,1,0,54228.18,13,0.3572,0.4336,0,0,
CUST-105987,53,Female,France,658,4,52,2022-02-28,0.0,1,1,1,136132.19,20,0.0467,0.0,0,0,
CUST-105988,69,Female,France,661,0,7,2019-08-30,144230.29,1,1,0,141909.32,3,0.5355,-0.3012,3,1,2020-03-30
CUST-105989,43,Male,Spain,717,6,74,2020-04-29,53068.32,2,1,0,245159.1,7,0.3499,-0.1069,0,0,
CUST-105990,22,Male,France,680,7,93,2018-09-29,91573.96,1,1,0,66235.12,5,0.5169,-0.3488,1,0,
CUST-105991,48,Male,France,718,3,42,2022-12-29,91234.56,1,0,1,38052.48,19,0.1792,-0.1355,0,0,
CUST-105992,37,Female,Germany,682,1,20,2024-10-29,183252.38,1,0,1,63117.35,31,0.4672,-0.0093,1,0,
CUST-105993,33,Male,Spain,665,1,22,2024-08-29,0.0,1,1,0,42082.28,8,0.3062,0.0,0,0,
CUST-105994,49,Female,Spain,593,5,64,2021-02-28,0.0,2,1,1,113100.59,7,0.176,0.0,2,0,
CUST-105995,63,Male,Germany,689,0,8,2025-05-30,92763.7,2,1,1,108495.48,35,0.1322,0.2648,1,1,2026-01-28
CUST-105996,31,Female,France,437,3,40,2023-02-28,135114.03,2,1,0,109537.86,10,0.3115,-0.0304,0,0,
CUST-105997,29,Female,Germany,680,8,100,2018-02-28,180818.17,1,1,0,226261.24,7,0.2168,0.1441,0,0,
CUST-105998,33,Male,Spain,456,2,26,2024-04-29,36975.21,2,1,0,72320.92,10,0.1819,0.0567,0,0,
CUST-105999,31,Female,Spain,680,8,96,2018-01-28,77550.61,3,1,0,50381.97,5,0.7577,-0.5068,1,1,2026-01-28
CUST-106000,54,Male,Spain,561,3,46,2022-08-29,0.0,2,0,1,70016.87,32,0.1911,0.0,0,0,
CUST-106001,52,Female,France,777,2,24,2024-06-29,0.0,3,0,0,42074.22,10,0.6807,0.0,0,0,
CUST-106002,32,Male,France,663,1,18,2024-12-29,0.0,2,0,0,49106.6,9,0.4205,0.0,0,0,
CUST-106003,40,Male,Germany,655,0,8,2025-10-29,48701.22,2,1,0,72308.08,2,0.47,-0.0623,2,0,
CUST-106004,29,Male,France,693,4,54,2018-09-29,0.0,1,1,0,94185.7,7,0.6722,0.0,1,1,2023-03-30
CUST-106005,37,Male,France,572,0,1,2026-05-30,98655.45,1,1,0,45390.61,13,0.2552,0.0299,0,0,
CUST-106006,29,Female,France,762,0,2,2026-04-30,142468.51,2,1,0,34864.99,5,0.2281,0.0798,0,0,
CUST-106007,35,Female,Germany,721,1,13,2018-02-28,50334.18,1,0,0,106274.53,8,0.2879,-0.2551,0,1,2019-03-30
CUST-106008,29,Male,Spain,602,7,92,2018-10-29,56223.64,2,1,1,44330.36,31,0.2725,0.1457,0,0,
CUST-106009,53,Male,Spain,553,0,9,2025-09-29,54480.51,2,1,1,77928.62,23,0.157,0.2064,0,0,
CUST-106010,40,Female,Spain,614,0,10,2025-08-29,0.0,2,1,0,134662.8,5,0.2284,0.0,0,0,
CUST-106011,42,Male,Spain,640,6,76,2020-02-28,62849.56,1,0,1,112098.1,27,0.1463,-0.1444,0,0,
CUST-106012,31,Male,Germany,546,4,54,2021-12-29,119616.22,2,1,1,99467.62,15,0.1334,0.0195,1,0,
CUST-106013,34,Female,France,606,0,6,2025-12-29,185484.57,1,0,0,130659.7,12,0.2706,-0.0329,0,0,
CUST-106014,39,Male,Germany,593,2,32,2023-10-30,55302.82,2,1,0,81861.28,2,0.4028,-0.2521,2,0,
CUST-106015,63,Male,France,631,5,61,2021-05-30,0.0,1,1,1,39070.11,44,0.1407,0.0,0,0,
CUST-106016,38,Male,France,631,6,77,2020-01-29,0.0,2,0,0,277919.65,14,0.3499,0.0,0,0,
CUST-106017,56,Male,France,697,2,27,2020-10-29,0.0,2,1,0,91661.26,3,0.6535,0.0,1,1,2023-01-29
CUST-106018,35,Female,Spain,653,4,57,2016-10-29,0.0,3,1,0,93287.92,4,0.7997,0.0,1,1,2021-07-30
CUST-106019,38,Female,Germany,689,1,23,2023-11-29,82048.7,1,1,1,79103.85,21,0.1045,-0.1677,0,1,2025-10-29
CUST-106020,52,Female,Spain,674,2,25,2024-05-30,102882.86,2,1,0,28171.06,6,0.1963,-0.2182,0,0,
CUST-106021,46,Male,Spain,631,7,86,2019-04-30,0.0,1,0,1,44468.66,25,0.124,0.0,0,0,
CUST-106022,31,Female,Spain,716,6,78,2019-12-29,0.0,1,1,0,176996.78,11,0.3523,0.0,0,0,
CUST-106023,42,Female,France,387,7,92,2018-10-29,0.0,1,1,0,24915.29,8,0.2595,0.0,0,0,
CUST-106024,43,Female,Spain,616,5,60,2021-06-29,0.0,2,1,1,67348.92,36,0.0992,0.0,1,0,
CUST-106025,45,Female,Spain,595,6,72,2020-06-29,0.0,2,0,1,83348.25,19,0.0828,0.0,0,0,
CUST-106026,32,Female,Spain,661,7,94,2018-08-29,0.0,2,0,1,59257.82,25,0.2156,0.0,0,0,
CUST-106027,28,Female,France,589,5,67,2020-11-28,84113.4,1,1,1,218664.38,33,0.0395,-0.1221,0,0,
CUST-106028,57,Female,France,703,3,46,2020-11-28,290752.74,1,1,0,30847.34,10,0.4573,-0.3863,1,1,2024-09-28
CUST-106029,70,Female,Spain,720,1,13,2021-12-29,16374.25,1,1,0,48181.0,5,0.6505,-0.1649,0,1,2023-01-29
CUST-106030,44,Male,France,517,0,10,2021-09-29,0.0,1,0,0,85814.67,5,0.4359,0.0,2,1,2022-07-30
CUST-106031,34,Female,France,671,3,43,2022-11-29,145903.5,2,1,0,89418.91,4,0.1366,0.0934,0,0,
CUST-106032,54,Female,France,527,3,41,2018-04-30,28241.64,1,0,1,75977.58,17,0.3435,-0.2489,1,1,2021-09-29
CUST-106033,30,Male,France,696,2,32,2023-10-30,491679.64,2,1,0,83428.33,8,0.421,0.0047,0,0,
CUST-106034,31,Male,France,605,9,115,2016-11-28,287018.67,1,1,1,50616.99,26,0.2055,0.0173,0,0,
CUST-106035,58,Male,Spain,573,0,7,2024-12-29,65744.29,1,0,1,59636.19,17,0.3488,-0.021,0,1,2025-07-30
CUST-106036,67,Female,Spain,486,4,58,2016-12-29,0.0,1,1,1,40358.7,18,0.6182,0.0,1,1,2021-10-29
CUST-106037,33,Male,Spain,641,9,117,2016-09-28,165142.85,1,1,1,89524.53,33,0.2054,0.0799,1,0,
CUST-106038,31,Male,France,539,1,13,2025-05-30,0.0,2,0,0,28185.51,10,0.1864,0.0,0,0,
CUST-106039,38,Male,France,508,7,88,2019-02-28,0.0,2,0,0,33916.09,10,0.1471,0.0,0,0,
CUST-106040,30,Male,France,668,9,110,2017-04-29,47850.47,2,1,0,116517.16,2,0.3822,0.0447,1,0,
CUST-106041,27,Female,France,743,1,21,2024-09-28,100547.72,1,1,1,51947.55,12,0.4139,-0.4763,0,0,
CUST-106042,27,Male,France,688,6,77,2020-01-29,45907.38,1,1,1,270936.23,20,0.0328,0.0086,0,0,
CUST-106043,42,Male,Spain,513,8,99,2018-03-30,88098.5,1,1,1,55715.0,18,0.1703,0.1237,0,0,
CUST-106044,37,Male,Spain,637,4,56,2017-01-28,0.0,2,1,0,55886.53,4,0.7961,0.0,0,1,2021-09-29
CUST-106045,51,Female,Germany,715,6,73,2017-05-30,104605.84,2,1,0,148440.53,8,0.4464,-0.5015,1,1,2023-06-30
CUST-106046,58,Female,France,637,2,34,2019-04-30,87105.64,2,0,0,123250.41,6,0.7999,-0.2789,1,1,2022-02-28
CUST-106047,44,Male,France,681,2,29,2024-01-29,0.0,1,1,1,64616.19,24,0.1003,0.0,0,0,
CUST-106048,30,Male,France,608,2,24,2024-06-29,0.0,2,1,1,68405.04,28,0.077,0.0,0,0,
CUST-106049,24,Female,France,613,9,117,2016-09-28,0.0,2,1,1,125073.42,30,0.1562,0.0,1,0,
CUST-106050,35,Female,Germany,587,4,52,2018-12-29,43627.85,1,1,0,80422.82,7,0.3024,-0.0566,0,1,2023-04-30
CUST-106051,34,Female,France,709,2,35,2023-07-30,86766.02,1,0,0,59889.5,11,0.3811,0.0883,0,0,
CUST-106052,30,Male,Germany,715,1,18,2024-12-29,64047.12,1,1,1,65041.51,26,0.1549,-0.2499,1,0,
CUST-106053,43,Female,Spain,597,0,5,2026-01-28,28381.85,1,1,1,212991.29,16,0.0,-0.061,0,0,
CUST-106054,44,Female,France,722,1,19,2021-08-29,0.0,1,0,0,60635.42,12,0.2226,0.0,1,1,2023-03-30
CUST-106055,41,Male,France,513,4,58,2021-08-29,0.0,2,1,0,60534.78,9,0.1964,0.0,0,0,
CUST-106056,69,Female,France,634,1,12,2024-10-29,0.0,1,1,1,70388.43,10,0.8904,0.0,1,1,2025-10-29
CUST-106057,27,Female,France,520,1,20,2024-10-29,0.0,2,1,0,74428.2,8,0.0882,0.0,1,0,
CUST-106058,35,Female,Germany,541,7,86,2019-04-30,70933.45,1,1,1,47894.4,24,0.0031,-0.0207,1,0,
CUST-106059,38,Female,Spain,519,2,30,2023-12-29,0.0,1,1,1,173270.56,26,0.0891,0.0,1,0,
CUST-106060,34,Male,Spain,587,3,47,2022-07-30,119658.96,2,1,0,58887.92,14,0.108,-0.0925,0,0,
CUST-106061,33,Male,Germany,709,3,36,2023-06-30,31095.89,1,1,0,94950.81,3,0.0,-0.1588,0,0,
CUST-106062,47,Male,France,642,10,120,2016-06-29,0.0,1,1,1,177999.31,32,0.0,0.0,0,0,
CUST-106063,32,Female,France,594,0,1,2026-05-30,0.0,2,1,0,60073.72,17,0.3336,0.0,0,0,
CUST-106064,30,Male,France,633,7,86,2019-04-30,54224.79,1,1,1,90063.93,11,0.2468,-0.0105,0,0,
CUST-106065,44,Male,France,453,5,65,2021-01-28,0.0,1,1,1,36835.3,25,0.1662,0.0,0,0,
CUST-106066,44,Female,Spain,705,5,65,2016-12-29,83084.58,1,1,0,47239.15,4,0.6557,-0.3607,2,1,2022-05-30
CUST-106067,27,Male,France,434,1,12,2025-06-29,0.0,2,1,0,78308.26,13,0.3442,0.0,0,0,
CUST-106068,52,Female,France,582,9,119,2016-07-29,0.0,2,0,1,58276.75,35,0.1595,0.0,0,0,
CUST-106069,65,Male,France,642,0,6,2021-07-30,0.0,1,1,0,109957.12,5,0.909,0.0,3,1,2022-01-28
CUST-106070,25,Male,France,693,8,101,2018-01-28,0.0,2,1,1,54788.83,21,0.2628,0.0,0,0,
CUST-106071,47,Male,Spain,673,1,16,2025-02-28,0.0,2,0,0,63006.8,7,0.2583,0.0,0,0,
CUST-106072,41,Male,France,645,6,79,2019-11-29,0.0,2,0,0,51616.76,15,0.218,0.0,0,0,
CUST-106073,39,Male,France,790,1,17,2017-05-30,0.0,1,1,1,134063.76,8,0.5851,0.0,1,1,2018-10-29
CUST-106074,53,Male,France,843,6,73,2020-05-30,0.0,2,1,1,65285.4,24,0.142,0.0,0,0,
CUST-106075,40,Female,Spain,651,1,15,2025-03-30,75726.65,1,1,0,51002.45,13,0.0564,-0.0548,0,0,
CUST-106076,40,Male,Germany,640,5,63,2021-03-30,66851.88,1,1,1,45078.7,26,0.0216,0.0156,0,0,
CUST-106077,34,Male,Germany,635,0,8,2025-10-29,40914.83,2,1,1,39970.97,34,0.0213,0.273,0,0,
CUST-106078,53,Male,France,591,2,33,2023-09-29,147556.4,1,1,1,106208.74,34,0.2056,0.3175,1,0,
CUST-106079,26,Male,France,686,4,59,2021-07-30,271988.09,1,0,1,69493.51,29,0.0,-0.0363,0,0,
CUST-106080,49,Male,Spain,772,7,92,2018-10-29,61131.3,2,1,0,366344.41,13,0.1732,-0.0743,0,0,
CUST-106081,31,Male,France,411,0,4,2026-02-28,62726.61,1,1,1,53794.79,34,0.031,0.058,0,0,
CUST-106082,37,Female,France,634,3,36,2023-06-30,41293.82,2,0,1,30921.34,23,0.4569,0.0378,0,0,
CUST-106083,30,Female,Germany,793,0,6,2021-05-30,14829.06,2,1,0,64544.55,14,0.3779,-0.1369,0,1,2021-11-28
CUST-106084,35,Female,France,688,3,38,2023-04-30,0.0,1,0,1,251790.59,32,0.1675,0.0,1,0,
CUST-106085,31,Female,France,690,1,13,2025-05-30,0.0,2,1,1,87951.52,33,0.1308,0.0,0,0,
CUST-106086,35,Male,Spain,496,7,84,2019-06-30,0.0,2,1,0,69308.17,18,0.4279,0.0,0,0,
CUST-106087,50,Male,France,717,5,70,2020-08-29,76119.28,2,1,0,54076.66,8,0.328,-0.1607,2,0,
CUST-106088,33,Male,France,747,5,67,2020-11-28,83331.0,1,0,0,60537.98,14,0.4796,-0.136,0,0,
CUST-106089,26,Female,France,669,1,19,2024-11-28,0.0,2,0,0,139767.9,14,0.1577,0.0,0,0,
CUST-106090,43,Male,Germany,587,8,98,2018-04-30,35161.56,2,0,1,45603.43,24,0.1576,0.0391,0,0,
CUST-106091,33,Male,France,693,6,82,2019-08-30,681393.41,2,0,0,73389.18,7,0.0494,-0.2267,0,0,
CUST-106092,31,Female,France,550,4,49,2022-05-30,127751.07,2,0,1,78238.87,16,0.0,0.016,0,0,
CUST-106093,38,Male,Germany,538,4,52,2017-10-29,141155.57,1,1,0,72557.78,3,0.6965,-0.3772,2,1,2022-02-28
CUST-106094,23,Male,Germany,727,4,48,2020-04-29,535860.64,2,1,0,60859.79,4,0.7528,-0.342,1,1,2024-04-29
CUST-106095,33,Female,Spain,755,3,47,2022-07-30,0.0,1,1,0,32480.01,12,0.2168,0.0,0,0,
CUST-106096,54,Male,France,579,2,31,2023-11-29,0.0,2,1,0,81220.19,14,0.2531,0.0,0,0,
CUST-106097,43,Male,France,538,1,22,2024-08-29,0.0,1,0,0,62014.89,6,0.2317,0.0,0,0,
CUST-106098,38,Male,Germany,566,1,13,2019-03-30,408988.19,1,1,1,141982.21,13,0.5712,-0.2041,0,1,2020-04-29
CUST-106099,37,Male,Germany,669,9,115,2016-11-28,166481.42,2,1,1,65639.58,19,0.1651,0.0183,0,0,
CUST-106100,50,Female,France,538,3,44,2021-06-29,0.0,1,1,0,70027.2,3,0.5122,0.0,2,1,2025-02-28
CUST-106101,33,Female,Germany,773,5,66,2020-12-29,56774.64,2,1,0,78572.13,7,0.3761,0.0674,1,0,
CUST-106102,35,Male,France,605,0,3,2026-03-30,69904.46,1,1,1,93530.06,22,0.2029,0.0557,1,0,
CUST-106103,23,Male,Spain,685,1,20,2024-10-29,0.0,2,0,1,26780.09,27,0.0153,0.0,0,0,
CUST-106104,37,Male,Spain,579,7,95,2018-07-30,380798.53,2,0,0,85530.94,10,0.3272,-0.118,0,0,
CUST-106105,43,Female,France,706,0,7,2017-05-30,83438.04,1,1,0,28342.84,3,0.6894,-0.3168,0,1,2017-12-29
CUST-106106,33,Male,Spain,714,1,20,2024-10-29,44306.81,2,1,1,58790.45,24,0.088,-0.0887,0,0,
CUST-106107,42,Male,Spain,489,2,26,2020-08-29,31540.04,1,1,0,102476.4,5,0.626,-0.1622,1,1,2022-10-29
CUST-106108,35,Female,France,585,2,31,2023-11-29,0.0,2,1,1,224724.26,36,0.1357,0.0,0,0,
CUST-106109,42,Female,France,635,5,62,2018-02-28,0.0,3,1,1,41710.38,8,0.7074,0.0,1,1,2023-04-30
CUST-106110,39,Female,Germany,600,7,93,2018-09-29,383036.74,2,1,0,45597.15,12,0.0733,-0.1088,0,0,
CUST-106111,31,Female,France,734,8,100,2018-02-28,0.0,2,1,1,28517.26,28,0.4826,0.0,1,0,
CUST-106112,35,Male,France,593,2,27,2024-03-30,0.0,2,1,0,48363.54,5,0.6806,0.0,0,0,
CUST-106113,37,Female,France,719,1,15,2025-03-30,0.0,3,1,1,253914.46,23,0.0,0.0,0,0,
CUST-106114,37,Female,Spain,697,3,36,2023-02-28,64379.14,2,1,1,30049.06,9,0.5337,-0.1587,2,1,2026-02-28
CUST-106115,59,Male,France,640,1,20,2024-10-29,75584.2,2,1,0,13016.51,14,0.0,-0.0442,0,0,
CUST-106116,36,Male,Spain,723,3,36,2023-06-30,0.0,3,1,0,116949.02,4,0.7307,0.0,2,0,
CUST-106117,54,Male,France,502,0,5,2026-01-28,0.0,1,0,1,115484.83,32,0.0,0.0,0,0,
CUST-106118,29,Female,France,644,1,22,2024-08-29,32096.17,1,1,0,73967.04,18,0.1377,-0.0659,0,0,
CUST-106119,42,Female,Spain,576,2,34,2023-08-30,0.0,2,0,0,77281.37,14,0.1858,0.0,0,0,
CUST-106120,47,Female,France,640,2,34,2023-08-30,0.0,2,1,0,110968.46,17,0.3308,0.0,0,0,
CUST-106121,27,Male,France,605,8,97,2018-05-30,58427.18,1,1,1,112222.61,25,0.0261,0.0185,0,0,
CUST-106122,44,Female,France,656,2,33,2023-09-29,0.0,1,1,0,41050.22,12,0.1493,0.0,0,0,
CUST-106123,24,Male,Germany,651,7,85,2019-05-30,98074.36,2,0,0,36202.99,8,0.2913,-0.1359,1,0,
CUST-106124,32,Male,France,663,9,109,2017-05-30,187619.88,1,1,1,41419.59,24,0.2092,0.0229,1,0,
CUST-106125,38,Female,France,667,6,76,2020-02-28,113204.55,2,0,0,47126.85,9,0.175,-0.1669,0,0,
CUST-106126,59,Female,France,705,5,68,2020-10-29,41933.36,1,1,1,107253.16,23,0.2944,-0.0274,0,0,
CUST-106127,44,Female,France,529,4,57,2018-11-29,86343.82,1,0,0,128637.46,12,0.1812,0.0196,0,1,2023-08-30
CUST-106128,32,Male,France,699,1,17,2025-01-28,0.0,2,0,1,59634.78,38,0.234,0.0,0,0,
CUST-106129,50,Male,Germany,505,4,59,2021-07-30,172731.3,1,0,1,84100.04,26,0.0,0.2062,1,0,
CUST-106130,26,Male,France,382,8,99,2018-03-30,0.0,2,1,0,68416.41,8,0.2833,0.0,1,0,
CUST-106131,28,Male,France,839,2,31,2023-11-29,204768.42,2,1,0,45487.84,11,0.0838,0.0896,1,0,
CUST-106132,25,Female,Germany,560,4,57,2021-06-29,133076.04,2,1,0,44368.28,12,0.0743,0.012,1,1,2026-03-30
CUST-106133,42,Male,Germany,607,0,6,2025-12-29,103388.15,2,1,1,74646.19,24,0.0,-0.1283,0,0,
CUST-106134,33,Male,France,471,6,75,2020-03-30,107330.01,1,1,1,109170.56,26,0.1803,-0.1285,0,0,
CUST-106135,38,Male,France,606,0,8,2025-10-29,193489.25,1,0,1,90157.16,28,0.2356,-0.1513,0,0,
CUST-106136,28,Female,France,670,2,35,2023-07-30,0.0,2,1,1,64466.83,8,0.5473,0.0,2,0,
CUST-106137,52,Female,Spain,673,0,3,2026-03-30,189025.35,2,1,1,154968.82,23,0.1195,-0.0151,0,0,
CUST-106138,50,Male,France,534,5,68,2020-10-29,0.0,1,1,0,170080.83,4,0.2893,0.0,0,0,
CUST-106139,26,Male,France,607,5,64,2021-02-28,0.0,2,1,1,31381.6,21,0.1871,0.0,0,0,
CUST-106140,29,Female,France,685,6,78,2019-12-29,0.0,1,0,1,37490.08,13,0.3115,0.0,0,0,
CUST-106141,54,Female,France,673,4,57,2018-08-29,71191.71,1,0,0,32438.17,8,0.7511,-0.2361,0,1,2023-05-30
CUST-106142,33,Male,France,662,3,42,2022-12-29,0.0,1,1,0,118229.78,7,0.2075,0.0,0,0,
CUST-106143,28,Male,France,723,2,28,2024-02-28,239795.72,2,1,0,61685.22,12,0.0,0.036,0,0,
CUST-106144,40,Female,Germany,640,5,68,2017-10-29,35325.73,1,1,0,74352.71,3,0.9172,-0.6193,0,1,2023-06-30
CUST-106145,33,Female,Germany,784,7,92,2018-10-29,192537.2,2,1,0,100320.32,10,0.0597,-0.0765,0,0,
CUST-106146,28,Male,Germany,622,8,97,2018-05-30,365849.29,1,1,1,71545.55,26,0.0904,0.0082,0,0,
CUST-106147,60,Male,Spain,717,2,30,2021-07-30,58787.27,1,1,0,50545.92,9,0.0,-0.1491,0,1,2024-01-29
CUST-106148,25,Male,France,720,5,71,2018-12-29,0.0,1,1,1,39363.04,9,0.3954,0.0,1,1,2024-11-28
CUST-106149,36,Male,Spain,493,4,54,2021-12-29,0.0,2,1,0,63240.76,16,0.1634,0.0,0,0,
CUST-106150,47,Male,Germany,692,1,19,2024-11-28,47574.43,1,1,0,111836.47,9,0.3863,-0.2399,0,0,
CUST-106151,53,Male,Spain,589,0,1,2026-05-30,28548.99,2,0,0,28419.8,7,0.2274,-0.0346,0,0,
CUST-106152,44,Male,Germany,553,3,44,2022-10-29,123037.95,1,0,0,55050.72,11,0.0,-0.1548,0,0,
CUST-106153,48,Male,France,609,3,40,2023-02-28,125183.19,3,1,1,24853.56,22,0.0995,0.0178,1,0,
CUST-106154,46,Male,France,666,0,3,2026-03-30,127492.37,1,1,0,119521.51,5,0.4622,-0.1689,0,0,
CUST-106155,38,Male,France,500,4,51,2022-03-30,0.0,2,1,0,28811.36,15,0.2353,0.0,0,0,
CUST-106156,30,Female,France,653,4,48,2022-06-30,209008.05,1,1,1,29746.69,8,0.1229,0.043,1,0,
CUST-106157,34,Male,France,629,9,112,2017-02-28,0.0,1,1,1,113903.66,26,0.1025,0.0,0,0,
CUST-106158,29,Female,France,750,4,48,2022-06-30,0.0,2,1,0,50488.72,16,0.2106,0.0,0,0,
CUST-106159,39,Female,France,589,5,67,2018-03-30,0.0,1,0,0,26500.8,7,0.4404,0.0,1,1,2023-10-30
CUST-106160,30,Female,Spain,764,1,21,2024-09-28,0.0,2,1,1,96305.66,20,0.0,0.0,0,0,
CUST-106161,36,Male,Germany,687,7,91,2018-11-29,96156.48,2,1,1,76591.07,31,0.0965,-0.0274,1,0,
CUST-106162,35,Male,Germany,647,5,70,2020-08-29,37921.96,2,0,0,209182.48,6,0.4371,0.1974,0,0,
CUST-106163,41,Female,France,772,1,17,2025-01-28,0.0,1,0,0,36695.3,10,0.2526,0.0,0,0,
CUST-106164,36,Male,Germany,835,2,35,2023-07-30,313276.89,3,0,1,41727.53,20,0.166,0.1335,0,0,
CUST-106165,37,Male,Spain,630,9,109,2017-05-30,0.0,2,0,1,47787.75,28,0.2737,0.0,1,0,
CUST-106166,27,Male,Germany,579,9,119,2016-07-29,177998.54,2,0,1,123383.22,19,0.0,0.0543,2,0,
CUST-106167,32,Female,Germany,691,2,32,2023-10-30,94045.56,1,1,0,24213.53,13,0.2479,-0.0476,1,0,
CUST-106168,20,Female,France,513,3,36,2023-06-30,188807.61,1,0,1,58756.76,31,0.1124,-0.0443,0,0,
CUST-106169,43,Male,France,525,6,79,2019-11-29,104185.42,2,0,1,82061.08,34,0.2644,-0.1205,1,0,
CUST-106170,35,Female,Germany,775,3,40,2023-02-28,88804.1,2,1,1,136475.51,21,0.1391,-0.0249,0,0,
CUST-106171,33,Female,Spain,705,5,64,2021-02-28,67672.56,1,1,0,44094.19,3,0.5728,-0.2004,1,0,
CUST-106172,39,Male,France,568,0,9,2025-02-28,46632.42,1,1,1,82907.82,34,0.0674,-0.0849,0,1,2025-11-28
CUST-106173,38,Male,France,850,1,13,2025-05-30,0.0,1,1,0,49984.89,8,0.5949,0.0,0,0,
CUST-106174,39,Male,France,517,7,89,2019-01-29,56830.4,2,1,1,35859.51,17,0.1729,0.1092,0,0,
CUST-106175,41,Female,France,709,2,31,2023-11-29,18529.38,1,1,1,66355.15,17,0.1553,0.1278,0,0,
CUST-106176,36,Female,Spain,574,2,26,2020-06-29,0.0,1,1,1,60467.64,14,0.4843,0.0,1,1,2022-08-29
CUST-106177,29,Female,Germany,821,1,15,2025-03-30,80820.53,1,1,1,93094.54,19,0.3127,-0.2527,0,0,
CUST-106178,28,Female,France,599,2,32,2023-10-30,119105.86,1,0,0,208646.8,14,0.0593,-0.0574,0,0,
CUST-106179,31,Male,France,623,6,80,2018-09-29,0.0,1,0,0,89772.17,7,0.4944,0.0,0,1,2025-05-30
CUST-106180,57,Female,France,476,0,7,2023-04-30,164794.18,1,0,1,70370.32,30,0.3306,0.1495,0,1,2023-11-29
CUST-106181,37,Female,France,850,4,53,2022-01-28,0.0,2,1,0,95298.83,13,0.2811,0.0,1,0,
CUST-106182,42,Female,Germany,591,2,25,2024-05-30,79451.47,2,0,1,46852.38,37,0.0157,-0.2077,0,0,
CUST-106183,34,Male,Spain,696,8,103,2017-11-28,121119.04,1,1,0,108580.46,11,0.2481,-0.0774,0,0,
CUST-106184,35,Male,Germany,650,2,24,2024-06-29,253312.78,2,1,1,48907.26,16,0.301,-0.0534,0,0,
CUST-106185,31,Male,France,597,8,97,2018-05-30,44543.73,2,1,1,83957.03,31,0.1765,0.0861,0,0,
CUST-106186,43,Male,Germany,436,2,31,2023-11-29,17891.2,2,1,1,62084.84,37,0.2545,-0.3083,0,0,
CUST-106187,35,Female,Germany,628,3,40,2017-02-28,188366.22,1,1,1,60549.55,11,0.7497,-0.4757,2,1,2020-06-29
CUST-106188,44,Female,France,624,8,106,2017-08-29,143926.28,2,1,0,168373.9,3,0.6802,-0.2269,0,0,
CUST-106189,23,Female,Germany,681,7,87,2019-03-30,815469.06,2,0,0,42861.05,12,0.3421,-0.0875,1,0,
CUST-106190,45,Male,Germany,850,0,2,2026-03-30,96111.55,3,0,1,91392.76,11,0.5909,-0.2664,3,1,2026-05-30
CUST-106191,29,Male,Spain,712,6,72,2020-06-29,0.0,1,1,0,55299.31,12,0.487,0.0,1,0,
CUST-106192,31,Male,France,733,1,16,2025-02-28,126324.02,1,1,0,114883.82,14,0.3472,0.0759,0,0,
CUST-106193,48,Female,France,621,4,52,2022-02-28,0.0,2,0,1,33915.41,24,0.0,0.0,0,0,
CUST-106194,50,Female,France,524,1,17,2025-01-28,0.0,1,0,1,58272.95,18,0.0454,0.0,0,0,
CUST-106195,38,Male,France,623,2,25,2024-05-30,73316.05,2,0,0,42213.23,14,0.0552,-0.06,0,0,
CUST-106196,49,Female,France,579,1,15,2020-01-29,0.0,1,1,0,166523.36,4,0.8376,0.0,1,1,2021-04-29
CUST-106197,32,Female,Spain,645,10,120,2016-06-29,40327.8,1,0,1,142450.42,35,0.1581,-0.0204,0,0,
CUST-106198,33,Male,France,603,8,106,2017-08-29,51617.22,1,0,0,47481.68,5,0.1732,-0.0526,0,0,
CUST-106199,53,Male,France,489,1,14,2025-04-29,0.0,2,1,0,37224.27,19,0.3993,0.0,1,0,
CUST-106200,24,Male,Spain,772,3,36,2023-06-30,153957.91,2,0,0,54876.58,9,0.1587,0.0561,1,0,
CUST-106201,43,Male,Germany,636,8,98,2018-04-30,62926.79,2,0,0,109349.0,11,0.2809,0.0957,0,0,
CUST-106202,36,Female,France,618,4,49,2022-05-30,0.0,2,1,1,82449.66,17,0.2119,0.0,2,0,
CUST-106203,39,Male,Germany,544,9,117,2016-09-28,461376.62,2,1,1,56997.65,29,0.3653,-0.1275,0,0,
CUST-106204,38,Female,France,604,1,21,2024-09-28,74167.46,2,0,0,132019.09,7,0.3731,-0.1108,0,0,
CUST-106205,39,Female,France,567,5,70,2019-04-30,50548.24,1,1,1,85791.95,11,0.8271,-0.5413,2,1,2025-02-28
CUST-106206,36,Male,Germany,535,2,27,2024-03-30,93432.59,2,0,0,44388.36,13,0.3464,0.043,0,0,
CUST-106207,39,Female,France,666,2,31,2022-04-30,180527.57,3,1,0,22695.39,8,0.6279,-0.2189,1,1,2024-11-28
CUST-106208,42,Male,France,605,4,56,2021-10-29,0.0,3,1,0,221044.53,9,0.2936,0.0,0,0,
CUST-106209,62,Female,France,722,0,10,2018-04-30,205871.17,1,1,0,60877.07,7,0.6799,-0.3546,0,1,2019-02-28
CUST-106210,34,Male,Spain,615,6,78,2017-08-29,45210.15,1,1,0,19295.25,4,0.5814,-0.191,1,1,2024-02-28
CUST-106211,36,Female,France,661,0,4,2026-02-28,34351.42,2,1,1,84384.91,28,0.1738,-0.1364,0,0,
CUST-106212,39,Male,Germany,658,8,97,2018-05-30,213802.23,2,1,0,28499.35,7,0.1013,-0.1472,0,0,
CUST-106213,49,Male,France,687,7,92,2018-03-30,0.0,1,1,0,144835.09,8,0.6554,0.0,3,1,2025-11-28
CUST-106214,26,Male,Germany,569,4,48,2020-04-29,35134.31,3,1,1,140092.06,18,0.4043,-0.3802,0,1,2024-04-29
CUST-106215,29,Female,France,736,3,40,2023-02-28,49123.02,1,1,0,63070.31,6,0.2639,0.1162,0,0,
CUST-106216,60,Female,France,537,2,27,2020-11-28,0.0,1,1,0,38992.09,11,0.1889,0.0,0,1,2023-02-28
CUST-106217,41,Female,Germany,654,8,100,2018-02-28,53101.32,2,0,0,93748.46,9,0.0659,-0.0537,0,0,
CUST-106218,41,Male,Germany,534,6,78,2019-12-29,22288.22,2,1,1,139795.37,36,0.1409,0.2497,0,0,
CUST-106219,71,Female,France,638,2,33,2023-09-29,270282.63,2,1,0,67894.4,10,0.347,-0.059,1,0,
CUST-106220,40,Female,France,736,4,50,2022-04-30,0.0,1,1,1,58365.89,34,0.2338,0.0,1,0,
CUST-106221,33,Male,France,703,9,113,2017-01-28,546784.93,1,1,1,47605.85,34,0.0799,0.008,1,0,
CUST-106222,23,Male,France,752,3,46,2022-08-29,0.0,2,0,0,59358.17,7,0.1849,0.0,1,0,
CUST-106223,35,Male,Germany,621,2,32,2023-10-30,791625.1,1,0,0,65917.5,10,0.296,0.1369,1,0,
CUST-106224,37,Female,France,737,5,68,2020-10-29,49939.37,1,0,1,54758.6,19,0.1371,0.0881,0,0,
CUST-106225,46,Male,Germany,584,8,99,2018-03-30,64096.3,2,0,1,42175.66,33,0.1093,0.0954,0,0,
CUST-106226,47,Male,France,606,0,2,2025-11-28,0.0,4,1,1,178477.42,27,0.2515,0.0,0,1,2026-01-28
CUST-106227,43,Female,France,662,0,11,2018-03-30,40473.37,4,1,0,62943.37,6,0.7464,-0.1082,1,1,2019-02-28
CUST-106228,49,Female,France,732,3,44,2017-05-30,173666.6,2,1,0,53726.7,10,0.1745,-0.1766,1,1,2021-01-28
CUST-106229,39,Male,France,597,7,86,2019-04-30,83561.11,1,1,1,80115.84,17,0.3111,-0.1965,0,0,
CUST-106230,26,Female,France,717,5,70,2020-08-29,193685.54,2,1,0,82078.49,8,0.169,-0.2975,1,0,
CUST-106231,35,Male,Spain,672,9,112,2017-02-28,272405.33,1,0,0,69496.62,11,0.1411,0.036,0,0,
CUST-106232,35,Female,France,682,5,68,2020-10-29,59281.14,1,1,1,38461.44,15,0.3799,-0.2871,2,1,2026-06-30
CUST-106233,38,Male,Spain,568,2,35,2023-07-30,48447.65,1,1,0,71619.9,11,0.194,-0.0263,0,0,
CUST-106234,50,Male,France,613,3,37,2022-03-30,0.0,1,0,0,77965.28,12,0.247,0.0,0,1,2025-04-29
CUST-106235,37,Female,France,641,9,117,2016-09-28,27837.98,1,0,1,85911.52,37,0.2436,-0.1765,0,0,
CUST-106236,37,Male,France,682,8,105,2017-09-29,58372.75,2,1,1,83264.08,20,0.0,-0.0096,0,0,
CUST-106237,74,Female,France,572,0,7,2021-10-29,90250.26,3,1,0,79738.03,8,0.3367,-0.1257,0,1,2022-05-30
CUST-106238,30,Male,Germany,526,0,11,2025-07-30,57491.78,1,0,0,39905.87,7,0.0042,-0.0564,0,0,
CUST-106239,40,Male,Spain,445,5,67,2020-11-28,112189.09,1,1,1,291220.51,18,0.2071,-0.3938,0,0,
CUST-106240,32,Female,Germany,722,5,64,2021-02-28,162610.18,1,1,1,92397.22,30,0.0412,-0.1906,0,0,
CUST-106241,41,Female,Germany,741,9,110,2017-04-29,58100.75,2,0,0,109295.99,6,0.3162,0.1292,0,0,
CUST-106242,52,Female,France,457,3,39,2023-03-30,63323.02,2,0,0,100745.03,6,0.2129,-0.059,0,0,
CUST-106243,45,Female,France,657,7,89,2019-01-29,237462.72,2,1,1,67394.55,25,0.3918,-0.1231,0,0,
CUST-106244,40,Male,Spain,614,2,28,2024-02-28,0.0,1,1,0,41529.52,6,0.1092,0.0,0,0,
CUST-106245,37,Male,France,767,2,27,2024-03-30,0.0,2,0,1,63804.82,22,0.2083,0.0,0,0,
CUST-106246,49,Male,France,630,8,100,2018-02-28,53189.95,2,0,1,42501.91,26,0.0781,0.0115,0,0,
CUST-106247,46,Male,Spain,702,6,76,2020-02-28,0.0,2,1,1,31168.82,23,0.0748,0.0,0,0,
CUST-106248,37,Male,Spain,609,7,91,2018-11-29,0.0,1,1,0,226821.92,14,0.2995,0.0,0,0,
CUST-106249,71,Male,Germany,584,3,37,2017-11-28,19312.72,2,1,1,112544.33,11,0.5576,-0.2697,1,1,2020-12-29
CUST-106250,31,Female,France,724,3,45,2019-08-30,17641.73,1,1,1,76032.93,32,0.0953,-0.0222,0,1,2023-05-30
CUST-106251,69,Male,Spain,754,0,5,2019-12-29,47435.68,1,0,0,74632.94,15,0.3015,-0.0356,1,1,2020-05-30
CUST-106252,50,Female,France,528,1,21,2024-09-28,39938.64,2,0,1,100561.41,25,0.0888,-0.2652,0,0,
CUST-106253,28,Male,France,760,7,86,2019-04-30,93259.2,1,1,0,67037.54,11,0.2947,-0.0521,0,0,
CUST-106254,32,Male,France,556,7,86,2019-04-30,20148.43,2,0,1,51101.41,23,0.1744,-0.1333,0,0,
CUST-106255,40,Male,Spain,426,0,11,2025-07-30,0.0,2,1,1,151532.53,28,0.3192,0.0,0,0,
CUST-106256,26,Male,Spain,651,3,41,2023-01-29,40753.84,1,1,1,43244.97,16,0.2405,-0.063,0,0,
CUST-106257,46,Female,Germany,699,0,6,2021-03-30,203483.64,1,1,0,137290.06,1,0.7346,-0.2964,1,1,2021-09-29
CUST-106258,37,Male,France,504,6,76,2020-02-28,48390.87,2,1,1,72514.35,24,0.1293,0.0369,1,0,
CUST-106259,47,Female,France,460,3,44,2022-10-29,0.0,1,0,1,82156.48,26,0.0085,0.0,0,0,
CUST-106260,45,Female,France,602,5,64,2021-02-28,0.0,1,1,0,58868.74,11,0.0382,0.0,0,0,
CUST-106261,35,Male,Spain,590,1,16,2022-01-28,59846.4,1,1,0,37929.01,8,0.2746,-0.0598,0,1,2023-05-30
CUST-106262,32,Female,France,781,2,35,2023-07-30,31709.5,1,1,1,47572.59,20,0.2358,0.0849,1,0,
CUST-106263,24,Female,France,651,6,80,2019-10-30,0.0,1,1,1,84197.28,22,0.0065,0.0,0,0,
CUST-106264,70,Male,Germany,721,4,50,2022-04-30,263590.3,2,1,1,44170.6,27,0.1018,0.1063,0,0,
CUST-106265,44,Female,France,670,8,103,2017-11-28,81301.16,2,1,1,44486.34,21,0.1645,0.3555,0,0,
CUST-106266,28,Male,Spain,801,4,49,2022-05-30,44087.86,1,0,1,105914.51,22,0.4091,0.1214,0,0,
CUST-106267,37,Female,France,564,7,84,2019-06-30,0.0,1,0,1,89063.14,22,0.0,0.0,1,0,
CUST-106268,49,Male,Spain,642,3,42,2021-04-29,59741.5,3,1,0,34829.28,6,0.5317,-0.5253,2,1,2024-10-29
CUST-106269,38,Female,France,499,2,29,2024-01-29,49690.04,2,1,1,136356.31,33,0.154,-0.2155,0,0,
CUST-106270,27,Female,France,728,8,98,2018-04-30,0.0,1,1,0,143138.56,10,0.395,0.0,0,0,
CUST-106271,46,Female,France,757,3,46,2022-08-29,188756.97,2,1,0,61808.91,11,0.0589,0.0377,1,0,
CUST-106272,27,Female,France,734,4,59,2021-07-30,0.0,2,1,1,27796.88,31,0.1373,0.0,1,0,
CUST-106273,48,Male,Germany,638,5,69,2020-09-28,153172.69,2,0,1,32927.72,21,0.0,-0.2726,0,0,
CUST-106274,42,Female,France,507,4,50,2016-12-29,61817.07,1,1,0,52252.17,7,0.7298,-0.2612,1,1,2021-02-28
CUST-106275,37,Male,France,642,1,13,2025-05-30,0.0,2,1,1,137363.4,30,0.0,0.0,0,0,
CUST-106276,37,Male,Germany,585,1,23,2021-12-29,282511.87,2,0,0,77547.41,3,0.6226,-0.1814,0,1,2023-11-29
CUST-106277,35,Male,France,739,2,26,2022-05-30,0.0,2,1,0,36471.44,10,0.0597,0.0,0,1,2024-07-29
CUST-106278,44,Female,Germany,609,5,64,2018-04-30,67940.23,2,0,0,159639.01,3,0.7418,-0.488,1,1,2023-08-30
CUST-106279,28,Female,Germany,607,4,50,2021-06-29,214203.43,1,0,0,69641.67,7,0.6737,-0.4373,0,1,2025-08-29
CUST-106280,33,Male,France,850,4,52,2022-02-28,0.0,1,0,0,111371.9,9,0.2034,0.0,0,0,
CUST-106281,55,Female,Spain,727,4,49,2022-05-30,0.0,2,1,1,60099.13,32,0.1761,0.0,1,0,
CUST-106282,67,Female,France,753,5,70,2020-08-29,0.0,2,1,0,24873.5,13,0.1854,0.0,0,0,
CUST-106283,36,Male,France,601,0,4,2026-02-28,145916.77,2,0,0,27173.12,13,0.2112,-0.1029,0,0,
CUST-106284,39,Male,France,544,3,37,2023-05-30,344432.9,1,1,1,45141.37,25,0.0651,-0.0547,0,0,
CUST-106285,29,Female,Spain,752,0,7,2025-11-28,0.0,2,1,0,84723.92,6,0.3731,0.0,0,0,
CUST-106286,31,Female,Germany,793,9,114,2016-12-29,121782.73,1,0,1,90790.07,20,0.4363,-0.1847,1,0,
CUST-106287,24,Male,Germany,526,2,33,2018-01-28,170327.5,3,1,0,199518.51,1,0.775,-0.1984,3,1,2020-10-29
CUST-106288,26,Male,Spain,600,4,53,2022-01-28,11369.83,2,1,0,70886.09,12,0.1236,-0.2289,0,0,
CUST-106289,34,Male,France,562,3,45,2022-09-29,275805.23,1,1,1,67982.82,19,0.3183,-0.0361,0,0,
CUST-106290,48,Male,Spain,696,2,30,2023-12-29,115585.73,1,0,1,42027.52,29,0.2179,0.0972,0,0,
CUST-106291,37,Male,Germany,754,8,98,2018-04-30,92365.23,1,1,1,118727.9,24,0.2126,0.0143,0,0,
CUST-106292,54,Male,Spain,615,1,12,2020-09-28,99743.25,1,0,0,159369.09,4,0.6547,-0.3662,0,1,2021-09-29
CUST-106293,33,Male,Spain,614,10,120,2016-06-29,0.0,1,1,1,50824.63,21,0.3206,0.0,0,0,
CUST-106294,51,Female,Spain,462,6,81,2019-09-29,181520.37,2,1,0,67210.41,5,0.8498,-0.4335,1,0,
CUST-106295,75,Male,France,558,0,11,2025-07-30,118824.6,1,1,1,87010.6,37,0.0772,-0.0534,1,0,
CUST-106296,41,Male,Spain,795,7,89,2018-12-29,0.0,3,1,1,46043.62,8,0.8507,0.0,0,1,2026-05-30
CUST-106297,24,Male,Spain,697,1,12,2025-06-29,0.0,1,1,0,27022.93,11,0.1575,0.0,1,0,
CUST-106298,24,Female,Germany,739,1,13,2025-05-30,136233.16,2,1,0,77634.01,15,0.2152,0.1456,0,0,
CUST-106299,26,Male,France,615,3,42,2022-12-29,0.0,2,1,1,98477.73,21,0.0,0.0,1,0,
CUST-106300,31,Male,Spain,624,1,18,2024-12-29,0.0,1,1,0,42991.71,17,0.1892,0.0,1,0,
CUST-106301,47,Male,France,652,5,69,2020-09-28,79712.34,1,0,0,71173.04,10,0.1869,0.1298,0,0,
CUST-106302,33,Female,France,681,2,33,2023-09-29,70443.76,2,0,0,223454.41,6,0.2092,0.0367,0,0,
CUST-106303,51,Male,Germany,782,2,33,2023-09-29,150418.54,1,0,1,131778.77,28,0.0067,0.0832,0,0,
CUST-106304,32,Male,France,585,5,64,2021-02-28,43884.61,1,1,1,94779.57,28,0.2195,0.0929,0,0,
CUST-106305,74,Female,Germany,637,1,14,2025-04-29,60616.4,2,1,0,53467.45,12,0.1288,-0.0868,0,0,
CUST-106306,55,Female,France,574,3,37,2022-06-30,35128.19,1,1,0,101630.8,9,0.5537,-0.2027,0,1,2025-07-30
CUST-106307,33,Male,Germany,461,3,38,2018-06-30,76513.15,1,1,1,29174.53,16,0.4804,-0.1678,3,1,2021-08-29
CUST-106308,30,Male,Spain,738,9,119,2016-07-29,0.0,1,1,1,67961.1,17,0.0457,0.0,0,0,
CUST-106309,56,Female,France,818,6,81,2019-09-29,97624.22,2,1,1,53849.88,23,0.0107,-0.1098,0,0,
CUST-106310,28,Female,Germany,723,2,28,2017-02-28,198870.79,3,1,0,108518.39,8,0.309,-0.0743,0,1,2019-06-30
CUST-106311,32,Female,France,672,10,120,2016-06-29,151592.68,1,0,1,21664.55,28,0.093,0.3145,2,0,
CUST-106312,28,Female,Spain,828,1,16,2025-02-28,0.0,2,1,1,285705.26,27,0.057,0.0,0,0,
CUST-106313,40,Female,Spain,694,0,3,2026-03-30,246543.76,1,0,1,56336.12,29,0.0875,0.1311,0,0,
CUST-106314,52,Female,France,727,0,5,2026-01-28,53474.21,2,1,0,174543.38,11,0.2206,0.0741,1,0,
CUST-106315,33,Male,Germany,664,7,95,2018-07-30,130756.75,2,1,0,107156.75,6,0.2462,0.0372,1,0,
CUST-106316,49,Female,Germany,678,1,23,2018-06-30,182992.7,1,1,1,85876.62,6,0.8095,-0.4065,1,1,2020-05-30
CUST-106317,40,Female,Germany,637,4,57,2021-09-29,399993.77,1,0,0,81942.01,11,0.2447,0.1026,0,0,
CUST-106318,28,Female,Germany,730,7,91,2018-11-29,98918.13,2,1,0,74968.36,15,0.4537,-0.3431,0,0,
CUST-106319,32,Male,France,545,3,40,2023-02-28,0.0,2,1,0,55097.49,8,0.3025,0.0,2,0,
CUST-106320,26,Male,Germany,690,7,89,2019-01-29,89092.73,2,0,1,90703.39,27,0.1672,0.0653,0,0,
CUST-106321,28,Female,France,568,2,25,2017-12-29,92773.07,1,1,0,64366.43,3,0.7036,-0.4726,3,1,2020-01-29
CUST-106322,61,Female,France,699,3,45,2018-06-30,51364.42,1,1,0,97202.8,3,0.3165,-0.1202,0,1,2022-03-30
CUST-106323,38,Male,Spain,850,2,34,2022-12-29,89376.84,1,0,0,90203.96,13,0.2882,-0.1238,0,1,2025-10-29
CUST-106324,37,Female,France,717,8,97,2018-05-30,363514.1,2,1,0,57727.2,17,0.112,-0.226,0,0,
CUST-106325,38,Male,Germany,763,5,63,2021-03-30,22992.36,2,0,1,54539.55,29,0.0893,-0.2621,1,0,
CUST-106326,30,Male,France,737,4,52,2022-02-28,0.0,1,1,1,83355.53,32,0.1446,0.0,0,0,
CUST-106327,33,Female,Spain,427,7,90,2018-12-29,0.0,2,0,1,90726.93,27,0.0029,0.0,0,0,
CUST-106328,41,Female,Germany,637,3,37,2023-01-29,41738.22,2,0,1,54845.18,11,0.4746,-0.347,2,1,2026-02-28
CUST-106329,25,Male,France,693,0,3,2026-03-30,33903.77,2,0,0,41339.73,6,0.1688,0.043,1,0,
CUST-106330,23,Male,France,449,9,112,2017-02-28,0.0,2,1,0,82772.81,12,0.3264,0.0,0,0,
CUST-106331,32,Male,France,623,4,55,2021-11-28,38514.59,2,1,1,87449.46,17,0.0874,0.0381,0,0,
CUST-106332,31,Female,Spain,642,8,100,2018-02-28,126205.92,2,0,1,76737.26,21,0.1861,0.0173,1,0,
CUST-106333,53,Female,Germany,532,1,20,2017-08-29,41332.93,1,1,1,68350.54,13,0.6599,-0.3008,1,1,2019-04-30
CUST-106334,30,Female,France,557,0,11,2025-07-30,0.0,2,0,1,111422.18,22,0.3829,0.0,0,0,
CUST-106335,41,Female,Germany,778,1,20,2022-03-30,18403.55,2,0,0,42166.21,2,0.471,-0.1833,2,1,2023-11-29
CUST-106336,31,Male,France,350,3,43,2022-11-29,195069.53,2,1,0,45411.63,9,0.2418,-0.1385,0,0,
CUST-106337,41,Male,France,676,3,37,2023-05-30,0.0,2,1,1,52532.89,37,0.0662,0.0,0,0,
CUST-106338,39,Female,France,762,0,1,2026-05-30,0.0,1,0,0,67525.04,12,0.0784,0.0,0,0,
CUST-106339,58,Male,France,647,4,50,2022-04-30,97429.81,2,1,1,50771.81,16,0.2493,-0.0686,1,0,
CUST-106340,29,Male,Germany,785,3,39,2023-03-30,149010.4,1,1,0,51365.83,9,0.1004,0.0293,0,0,
CUST-106341,29,Male,Spain,609,3,38,2023-04-30,0.0,2,1,1,118536.45,24,0.0622,0.0,0,0,
CUST-106342,79,Female,Spain,563,2,30,2019-05-30,34931.68,3,0,1,68804.75,14,0.6241,-0.343,1,1,2021-11-28
CUST-106343,51,Male,Spain,649,9,117,2016-09-28,0.0,2,1,0,111922.34,7,0.2141,0.0,0,0,
CUST-106344,32,Male,France,613,2,31,2023-11-29,192643.65,1,1,1,72186.9,34,0.2746,0.0967,0,0,
CUST-106345,29,Female,France,595,8,99,2018-03-30,0.0,1,1,1,48662.71,14,0.2684,0.0,1,0,
CUST-106346,29,Male,Germany,633,1,14,2025-04-29,99837.81,2,1,1,132375.13,19,0.0073,0.0535,0,0,
CUST-106347,51,Male,Spain,574,9,112,2017-02-28,232052.49,1,1,1,57660.09,23,0.1211,-0.0595,0,0,
CUST-106348,31,Female,Germany,570,1,19,2024-11-28,596616.46,2,1,1,86740.79,26,0.1736,0.0838,1,0,
CUST-106349,30,Female,France,542,6,82,2019-08-30,0.0,1,1,1,107862.47,25,0.3196,0.0,0,0,
CUST-106350,30,Male,Germany,690,1,16,2025-02-28,31911.74,2,1,1,64882.26,32,0.0369,-0.0205,0,0,
CUST-106351,43,Male,Spain,554,2,29,2024-01-29,50474.89,1,1,1,62641.61,33,0.2331,-0.0013,0,0,
CUST-106352,35,Male,Spain,531,3,38,2023-04-30,0.0,2,1,1,46785.71,17,0.137,0.0,0,0,
CUST-106353,51,Male,Spain,547,2,24,2024-06-29,0.0,1,1,1,76236.52,17,0.343,0.0,0,0,
CUST-106354,66,Female,France,670,0,1,2020-04-29,176642.9,3,1,0,47216.95,6,0.5166,-0.382,2,1,2020-05-30
CUST-106355,39,Female,France,714,4,58,2021-08-29,348896.56,2,1,1,61788.92,36,0.0187,0.1982,1,0,
CUST-106356,40,Male,France,722,0,1,2026-05-30,206801.4,2,1,1,59040.95,35,0.2968,0.1361,0,0,
CUST-106357,34,Female,France,671,8,101,2018-01-28,0.0,1,0,1,52600.2,25,0.2479,0.0,0,0,
CUST-106358,38,Male,Spain,701,8,96,2018-06-30,35384.83,2,1,1,83126.65,18,0.1617,0.0379,1,0,
CUST-106359,24,Male,Germany,645,5,60,2021-06-29,18650.11,1,0,1,134611.06,19,0.2549,-0.3671,0,0,
CUST-106360,41,Female,France,694,0,5,2026-01-28,0.0,1,1,0,110221.39,8,0.2884,0.0,1,0,
CUST-106361,48,Male,France,692,2,28,2024-02-28,88326.7,1,1,1,24673.4,25,0.2509,0.0046,0,0,
CUST-106362,28,Male,Germany,580,8,107,2017-07-30,42382.26,2,1,0,73454.85,10,0.2842,0.0454,1,0,
CUST-106363,61,Female,Germany,547,0,7,2024-05-30,47176.5,2,0,1,243351.7,8,0.6819,-0.3654,0,1,2024-12-29
CUST-106364,32,Male,France,780,8,107,2017-07-30,0.0,1,1,1,75567.62,17,0.1584,0.0,0,0,
CUST-106365,56,Male,Spain,662,0,4,2026-02-28,60732.62,2,0,1,59893.96,20,0.1499,-0.18,0,0,
CUST-106366,44,Male,France,751,4,50,2022-04-30,0.0,1,1,1,145140.39,13,0.1862,0.0,0,0,
CUST-106367,27,Male,France,544,3,38,2023-04-30,0.0,2,1,0,70849.69,17,0.114,0.0,1,0,
CUST-106368,50,Male,France,611,4,49,2022-05-30,54747.0,2,1,0,136803.98,6,0.2879,-0.0511,0,0,
CUST-106369,37,Male,Germany,518,2,29,2021-01-28,188770.59,3,0,1,65533.35,13,0.184,-0.4494,0,1,2023-06-30
CUST-106370,42,Male,Germany,712,3,45,2022-09-29,865424.84,1,0,1,90330.04,25,0.3169,-0.054,1,0,
CUST-106371,34,Male,Spain,591,0,11,2025-07-30,0.0,2,1,1,50660.56,25,0.1282,0.0,0,0,
CUST-106372,36,Female,France,597,4,51,2022-03-30,0.0,2,1,1,124390.89,26,0.1607,0.0,0,0,
CUST-106373,25,Female,Spain,838,7,87,2019-03-30,0.0,2,0,0,69938.51,12,0.2774,0.0,0,0,
CUST-106374,43,Female,Germany,714,2,31,2023-11-29,70595.53,2,1,0,77210.4,15,0.2579,-0.021,0,0,
CUST-106375,37,Female,France,713,2,25,2017-12-29,0.0,1,1,0,120202.24,9,0.1352,0.0,0,1,2020-01-29
CUST-106376,40,Female,France,535,6,75,2020-03-30,131187.86,2,1,1,92607.33,17,0.0157,-0.0805,0,0,
CUST-106377,42,Male,France,472,5,61,2021-05-30,335471.94,2,1,1,65468.09,28,0.0744,0.0529,0,0,
CUST-106378,41,Male,Spain,743,8,97,2018-05-30,44049.26,1,0,1,33501.05,25,0.1642,-0.029,0,0,
CUST-106379,44,Male,France,435,8,97,2018-05-30,54928.14,2,1,0,67682.27,11,0.1008,-0.0247,0,0,
CUST-106380,25,Male,France,602,2,27,2024-03-30,0.0,1,1,1,59082.23,35,0.0591,0.0,0,0,
CUST-106381,35,Female,Germany,572,8,104,2017-10-29,48870.29,1,0,1,72597.06,23,0.0173,-0.3323,0,0,
CUST-106382,27,Male,Spain,561,0,9,2021-08-29,0.0,1,0,0,64077.17,3,0.3732,0.0,0,1,2022-05-30
CUST-106383,22,Female,Germany,608,2,30,2023-12-29,226841.03,1,1,0,143286.22,7,0.2292,-0.2317,0,0,
CUST-106384,42,Male,Spain,549,8,100,2018-02-28,0.0,2,1,0,96564.48,13,0.1749,0.0,0,0,
CUST-106385,65,Male,France,533,4,53,2022-01-28,0.0,2,1,0,59404.2,4,0.0804,0.0,1,0,
CUST-106386,22,Male,Spain,674,3,47,2022-07-30,77945.26,1,1,1,105368.46,27,0.1082,-0.3668,1,0,
CUST-106387,43,Male,France,752,1,20,2023-04-30,61665.73,1,1,0,158765.81,9,0.4807,0.1479,0,1,2024-12-29
CUST-106388,34,Male,France,483,4,48,2022-06-30,0.0,1,1,1,50697.97,35,0.0205,0.0,0,0,
CUST-106389,36,Female,Spain,669,5,60,2021-06-29,25571.18,2,1,0,63456.45,3,0.4232,-0.4157,0,0,
CUST-106390,43,Male,France,702,6,77,2020-01-29,0.0,1,0,1,49572.89,21,0.0,0.0,0,0,
CUST-106391,41,Female,France,693,8,101,2018-01-28,43710.08,2,1,0,88031.64,7,0.1587,-0.1199,0,0,
CUST-106392,34,Female,Germany,629,4,48,2022-06-30,90114.75,1,1,1,226512.08,26,0.0,0.0975,0,0,
CUST-106393,32,Male,France,593,5,66,2020-12-29,44646.23,2,1,0,137957.53,14,0.2272,0.1977,0,0,
CUST-106394,41,Female,France,723,7,92,2018-10-29,0.0,2,0,0,60437.78,8,0.0484,0.0,0,0,
CUST-106395,23,Male,Germany,682,3,44,2022-10-29,168081.61,2,1,1,102374.75,22,0.2551,-0.0937,0,0,
CUST-106396,43,Male,Spain,468,8,96,2018-06-30,0.0,2,1,1,141842.81,19,0.293,0.0,0,0,
CUST-106397,34,Male,Spain,629,3,36,2023-06-30,0.0,2,1,0,29420.1,8,0.0537,0.0,0,0,
CUST-106398,54,Female,France,655,2,30,2023-12-29,45674.64,1,1,0,41583.61,9,0.2421,-0.0541,0,0,
CUST-106399,37,Female,Germany,545,2,35,2023-07-30,93589.72,2,1,1,120180.77,28,0.1745,0.2335,0,0,
CUST-106400,53,Female,Spain,627,8,96,2018-06-30,0.0,1,1,1,32025.42,14,0.5635,0.0,1,0,
CUST-106401,29,Female,France,697,1,21,2019-08-30,81207.48,4,1,1,74897.07,9,0.8133,-0.2125,0,1,2021-05-30
CUST-106402,28,Male,France,571,2,33,2023-09-29,263812.85,2,0,1,107319.59,20,0.1817,0.1657,0,0,
CUST-106403,30,Female,France,672,6,73,2020-05-30,70333.37,2,1,0,85932.1,10,0.1896,0.143,1,0,
CUST-106404,57,Female,Germany,555,5,64,2021-02-28,401049.91,2,0,1,68365.93,22,0.1713,-0.0844,0,0,
CUST-106405,36,Male,France,531,6,75,2020-03-30,0.0,1,1,1,153422.49,29,0.4021,0.0,0,0,
CUST-106406,32,Male,Germany,709,8,98,2018-04-30,55989.91,1,1,1,113953.18,23,0.1439,-0.0,0,0,
CUST-106407,41,Male,Spain,763,3,36,2023-06-30,44792.0,1,1,0,242223.82,12,0.3256,-0.3186,1,0,
CUST-106408,31,Male,France,536,9,109,2017-05-30,80081.58,1,1,1,38893.38,37,0.225,0.0899,0,0,
CUST-106409,41,Female,Germany,741,8,106,2017-08-29,139423.23,2,1,0,53894.85,13,0.3267,-0.2435,1,0,
CUST-106410,36,Male,France,649,2,32,2020-08-29,0.0,1,0,0,69449.27,7,0.221,0.0,0,1,2023-04-30
CUST-106411,31,Male,France,438,8,98,2018-04-30,94968.62,1,1,0,147305.54,6,0.5292,-0.0603,0,0,
CUST-106412,37,Female,Spain,512,1,13,2025-05-30,0.0,1,1,1,108315.98,32,0.1891,0.0,1,0,
CUST-106413,37,Female,France,708,5,60,2021-06-29,45754.52,1,1,0,57607.8,15,0.1468,-0.0049,0,0,
CUST-106414,46,Female,Spain,494,1,23,2020-03-30,68572.72,1,0,0,42033.37,7,0.5484,-0.3417,1,1,2022-02-28
CUST-106415,27,Male,Germany,591,1,19,2024-11-28,151423.22,2,1,1,39560.16,33,0.0848,0.0147,0,0,
CUST-106416,33,Female,France,642,6,83,2019-07-30,26143.65,1,1,0,187847.19,7,0.2405,0.2638,0,0,
CUST-106417,39,Male,France,693,1,17,2025-01-28,0.0,2,1,0,71064.92,19,0.192,0.0,0,0,
CUST-106418,30,Female,France,668,8,101,2018-01-28,93743.79,1,1,0,80337.56,12,0.0931,-0.133,0,0,
CUST-106419,35,Male,Spain,801,8,107,2017-07-30,77160.81,1,1,0,41672.29,13,0.437,-0.0546,0,0,
CUST-106420,31,Male,Germany,572,0,2,2026-04-30,104681.02,1,1,1,73245.59,28,0.373,-0.1226,0,0,
CUST-106421,33,Female,France,659,1,15,2025-03-30,22899.54,1,1,1,44951.03,33,0.2895,-0.1261,0,0,
CUST-106422,28,Female,Germany,693,2,28,2021-02-28,66985.71,4,1,0,77409.49,4,0.7045,-0.4235,1,1,2023-06-30
CUST-106423,65,Female,Germany,718,4,56,2021-10-29,71713.33,2,0,0,59964.7,9,0.185,0.1172,0,0,
CUST-106424,23,Male,Spain,751,4,53,2022-01-28,102661.16,1,1,1,48605.11,27,0.1917,-0.1822,0,0,
CUST-106425,31,Female,France,608,1,15,2018-11-29,173299.63,3,1,0,139137.18,9,0.3451,-0.2269,0,1,2020-02-28
CUST-106426,36,Male,France,713,7,92,2018-10-29,91244.4,2,1,0,145526.76,5,0.2487,0.045,0,0,
CUST-106427,36,Male,France,561,1,14,2025-04-29,0.0,2,0,1,94581.12,30,0.1206,0.0,0,0,
CUST-106428,51,Male,France,643,2,29,2023-10-30,0.0,1,1,0,26825.13,8,0.7721,0.0,0,1,2026-03-30
CUST-106429,27,Male,France,698,3,43,2022-11-29,0.0,1,1,1,40267.9,27,0.0,0.0,1,0,
CUST-106430,25,Male,France,744,9,115,2016-11-28,95137.46,1,0,1,41209.1,22,0.153,-0.0267,0,0,
CUST-106431,32,Female,France,705,0,3,2026-03-30,0.0,1,1,1,202541.09,38,0.2667,0.0,0,0,
CUST-106432,36,Male,France,659,4,57,2021-03-30,83620.73,3,0,1,128961.77,14,0.49,-0.248,0,1,2025-12-29
CUST-106433,34,Female,France,642,0,7,2025-11-28,0.0,1,1,1,152031.94,19,0.1624,0.0,0,0,
CUST-106434,47,Female,Spain,703,2,31,2023-11-29,0.0,1,1,1,47703.94,19,0.0597,0.0,0,0,
CUST-106435,28,Male,Germany,850,2,32,2023-10-30,539592.57,2,0,0,30970.68,6,0.3513,0.3007,0,0,
CUST-106436,31,Female,France,732,2,28,2024-02-28,42033.59,2,1,0,125940.72,14,0.3115,-0.0746,0,0,
CUST-106437,42,Male,Germany,687,9,110,2017-04-29,10936.46,2,1,0,20689.22,11,0.0392,0.0446,2,0,
CUST-106438,37,Female,France,519,5,69,2020-09-28,0.0,1,1,0,75275.43,9,0.0555,0.0,0,0,
CUST-106439,51,Male,Spain,569,8,99,2018-03-30,0.0,1,0,0,100373.19,7,0.1811,0.0,0,0,
CUST-106440,37,Male,Germany,619,3,36,2023-06-30,210471.72,1,1,0,38885.34,10,0.0984,0.0223,0,0,
CUST-106441,27,Male,France,737,3,44,2022-10-29,31922.28,2,0,0,165173.51,6,0.3963,-0.0891,0,0,
CUST-106442,49,Female,Spain,560,1,16,2023-04-30,0.0,1,1,1,61560.11,8,0.6312,0.0,1,1,2024-08-29
CUST-106443,48,Male,Spain,712,8,98,2018-04-30,244744.06,2,1,1,86164.63,19,0.0628,0.2015,0,0,
CUST-106444,41,Female,Spain,661,8,105,2017-09-29,27536.75,1,1,1,96521.21,20,0.1564,-0.1527,0,0,
CUST-106445,69,Male,France,684,10,120,2016-06-29,0.0,2,0,0,79921.21,11,0.3655,0.0,0,0,
CUST-106446,37,Female,France,629,2,31,2023-11-29,0.0,2,1,0,52849.95,15,0.3221,0.0,0,0,
CUST-106447,38,Male,Germany,593,1,17,2025-01-28,153795.02,2,0,1,46081.35,35,0.0,-0.2132,1,0,
CUST-106448,47,Male,France,557,1,12,2025-06-29,189707.82,2,1,1,88784.87,25,0.0922,0.0117,0,0,
CUST-106449,39,Male,Germany,709,1,14,2024-02-28,186330.66,1,1,0,101676.73,6,0.4315,-0.2367,1,1,2025-04-29
CUST-106450,38,Male,Spain,643,1,20,2024-10-29,74923.23,1,1,0,123291.28,13,0.316,-0.1585,3,0,
CUST-106451,25,Female,France,547,9,118,2016-08-29,0.0,2,1,1,66362.4,17,0.1856,0.0,1,0,
CUST-106452,26,Female,France,671,8,98,2018-04-30,133958.7,1,1,1,75222.73,33,0.2499,0.1284,1,0,
CUST-106453,26,Male,France,850,5,61,2021-05-30,0.0,2,1,1,44310.57,33,0.1391,0.0,0,0,
CUST-106454,33,Male,France,631,6,75,2020-03-30,127790.83,1,1,0,126350.79,3,0.7205,-0.2386,0,0,
CUST-106455,52,Male,Germany,809,1,19,2024-11-28,83670.79,1,1,0,45197.45,9,0.4439,-0.0215,0,0,
CUST-106456,61,Female,Germany,402,5,70,2017-07-30,150659.77,1,1,1,99580.01,19,0.5439,-0.316,1,1,2023-05-30
CUST-106457,54,Female,France,624,3,45,2022-09-29,0.0,2,1,1,125749.97,34,0.1024,0.0,0,0,
CUST-106458,55,Female,Germany,742,3,47,2016-07-29,157953.43,2,0,0,124589.7,9,0.337,-0.0011,1,1,2020-06-29
CUST-106459,29,Female,Germany,651,0,11,2025-07-30,74675.27,2,1,1,34046.52,20,0.16,-0.0131,0,0,
CUST-106460,37,Male,Germany,588,3,47,2018-11-29,214059.68,2,0,1,30796.17,10,0.5153,-0.1353,0,1,2022-10-29
CUST-106461,28,Male,France,647,5,60,2021-06-29,100034.5,2,1,0,43432.61,7,0.3686,0.2434,0,0,
CUST-106462,40,Female,Germany,745,4,49,2022-05-30,142455.74,1,1,1,40232.73,20,0.1283,0.0352,0,0,
CUST-106463,34,Male,Germany,850,8,106,2017-08-29,140336.03,2,1,0,230018.22,18,0.222,0.291,0,0,
CUST-106464,25,Male,France,752,4,51,2022-03-30,0.0,1,1,0,88253.8,12,0.246,0.0,0,0,
CUST-106465,42,Male,Germany,602,0,11,2025-07-30,48262.93,2,1,1,35896.06,25,0.0,-0.0476,0,0,
CUST-106466,31,Female,Spain,628,2,25,2024-05-30,0.0,2,1,1,41646.49,32,0.217,0.0,0,0,
CUST-106467,36,Female,France,628,4,49,2022-05-30,0.0,2,1,1,170283.46,32,0.0,0.0,1,0,
CUST-106468,32,Female,Germany,567,7,88,2019-02-28,109755.18,1,1,1,146745.42,33,0.2486,-0.1132,1,0,
CUST-106469,43,Male,Spain,635,9,111,2017-03-30,184026.34,2,0,0,34754.04,10,0.4088,-0.1603,1,0,
CUST-106470,38,Male,Spain,624,0,2,2026-04-30,0.0,1,0,0,110268.97,11,0.0422,0.0,0,0,
CUST-106471,37,Male,France,535,0,10,2025-08-29,0.0,1,1,1,60551.53,25,0.0945,0.0,0,0,
CUST-106472,54,Female,Germany,730,9,118,2016-07-29,66486.34,2,1,0,64368.01,3,0.6899,-0.1965,1,1,2026-05-30
CUST-106473,33,Male,Spain,690,9,109,2016-10-29,0.0,2,1,0,34174.4,7,0.4445,0.0,0,1,2025-11-28
CUST-106474,41,Female,Germany,588,9,119,2016-07-29,256247.56,1,1,0,57971.97,4,0.4747,-0.2227,1,0,
CUST-106475,33,Male,France,664,0,6,2025-12-29,53674.25,1,1,1,40733.45,28,0.1227,-0.1337,1,0,
CUST-106476,75,Female,France,557,6,76,2020-02-28,40612.42,2,1,0,144406.55,7,0.2898,0.1542,1,0,
CUST-106477,50,Female,Spain,597,7,93,2018-09-29,0.0,1,0,1,42263.72,27,0.0726,0.0,0,0,
CUST-106478,59,Male,France,716,5,60,2020-08-29,90616.7,1,1,0,136184.93,16,0.381,-0.0312,1,1,2025-08-29
CUST-106479,38,Female,France,695,9,117,2016-09-28,105615.78,2,1,1,58172.43,11,0.3907,0.0154,1,0,
CUST-106480,51,Male,France,601,2,34,2023-08-30,165665.91,1,0,1,25020.94,10,0.5382,-0.2398,0,0,
CUST-106481,28,Female,Spain,680,6,78,2019-12-29,0.0,2,0,1,50048.57,32,0.0272,0.0,1,0,
CUST-106482,27,Female,France,643,5,65,2021-01-28,711966.29,2,1,1,35759.89,23,0.1486,-0.0166,0,0,
CUST-106483,35,Female,Spain,554,3,45,2022-09-29,244658.85,1,1,1,91339.09,25,0.1123,-0.1513,0,0,
CUST-106484,40,Male,Germany,634,4,52,2022-02-28,54191.32,1,0,1,36685.85,19,0.419,-0.2931,0,0,
CUST-106485,52,Female,Spain,691,3,39,2019-12-29,0.0,1,1,0,54380.67,11,0.7742,0.0,0,1,2023-03-30
CUST-106486,37,Female,Spain,679,0,4,2026-02-28,85487.19,2,1,1,82995.38,23,0.155,0.248,0,0,
CUST-106487,35,Female,France,488,0,6,2025-12-29,0.0,1,0,0,35838.55,12,0.2304,0.0,0,0,
CUST-106488,46,Female,Germany,666,7,90,2018-12-29,113986.94,2,0,0,148820.13,10,0.2326,0.062,0,0,
CUST-106489,58,Male,France,652,3,37,2023-05-30,21470.95,2,1,0,77439.66,6,0.2358,0.111,0,0,
CUST-106490,47,Male,Spain,468,0,11,2025-07-30,0.0,1,1,0,72624.68,14,0.1259,0.0,0,0,
CUST-106491,42,Male,France,572,5,71,2020-02-28,0.0,1,1,1,30212.07,23,0.5329,0.0,0,1,2026-01-28
CUST-106492,50,Male,Germany,697,1,21,2024-09-28,161047.94,1,0,1,51962.05,39,0.2113,0.1315,0,0,
CUST-106493,49,Female,Spain,783,9,111,2017-03-30,36441.41,2,0,1,59372.22,23,0.1139,0.0857,0,0,
CUST-106494,47,Female,France,493,0,2,2022-06-30,0.0,4,1,1,35106.77,15,0.4182,0.0,0,1,2022-08-29
CUST-106495,50,Male,Spain,744,1,16,2025-02-28,180843.68,3,0,1,110801.44,23,0.3845,0.0239,1,0,
CUST-106496,40,Male,France,469,2,32,2018-04-30,0.0,1,1,0,70040.26,12,0.4546,0.0,0,1,2020-12-29
CUST-106497,62,Female,France,784,5,67,2020-11-28,87655.19,2,1,0,42674.67,12,0.3246,-0.2613,0,0,
CUST-106498,27,Female,France,627,9,118,2016-08-29,181454.97,2,1,0,56762.84,6,0.291,-0.1708,0,0,
CUST-106499,44,Female,France,581,0,10,2025-08-29,228052.24,2,0,1,69894.03,23,0.3345,0.0404,0,0,
CUST-106500,31,Male,Germany,684,6,78,2019-12-29,29841.85,2,1,0,204762.61,6,0.283,-0.0301,1,0,
CUST-106501,39,Female,Spain,558,0,11,2017-02-28,52303.51,1,0,0,85160.91,3,0.8066,-0.3258,0,1,2018-01-28
CUST-106502,27,Male,France,700,7,84,2019-06-30,0.0,1,0,1,43759.03,22,0.0955,0.0,0,0,
CUST-106503,33,Male,Germany,638,4,50,2022-04-30,35499.24,2,0,1,47351.0,25,0.1942,-0.0088,0,0,
CUST-106504,34,Female,Spain,350,3,37,2023-05-30,142464.68,2,1,0,54584.39,16,0.4642,0.1182,0,0,
CUST-106505,42,Male,Spain,572,9,110,2017-04-29,0.0,1,1,1,93634.14,27,0.1154,0.0,0,0,
CUST-106506,33,Female,France,668,0,3,2026-03-30,74654.28,2,1,1,84653.73,24,0.0996,0.0761,1,0,
CUST-106507,35,Male,Spain,752,2,26,2024-04-29,13482.27,2,1,0,88374.65,4,0.3511,-0.0299,0,0,
CUST-106508,46,Male,France,682,1,15,2022-09-29,0.0,1,1,1,64499.62,8,0.8136,0.0,0,1,2023-12-29
CUST-106509,53,Female,Germany,751,9,115,2016-11-28,48786.74,1,1,1,28910.46,19,0.0,-0.031,1,0,
CUST-106510,34,Male,Germany,564,8,96,2016-12-29,54632.95,1,1,1,91621.07,11,0.758,-0.3044,0,1,2024-12-29
CUST-106511,55,Male,Spain,720,5,67,2020-11-28,0.0,2,1,0,44406.03,12,0.2166,0.0,0,0,
CUST-106512,45,Male,France,721,2,35,2023-07-30,0.0,2,1,0,91473.15,11,0.1496,0.0,0,0,
CUST-106513,55,Male,France,493,0,10,2022-05-30,0.0,3,1,0,34498.11,10,0.2612,0.0,0,1,2023-03-30
CUST-106514,38,Female,Spain,756,4,50,2016-11-28,78180.27,1,1,0,67463.61,12,0.7009,-0.117,1,1,2021-01-28
CUST-106515,35,Male,France,681,2,30,2023-12-29,56365.1,1,1,0,102103.78,11,0.0078,0.0335,0,0,
CUST-106516,37,Female,France,623,5,63,2019-05-30,53483.04,1,1,0,202920.35,5,0.6089,-0.3089,1,1,2024-08-29
CUST-106517,42,Female,Germany,621,3,37,2020-02-28,141468.35,1,1,1,50732.67,27,0.1601,-0.1137,0,1,2023-03-30
CUST-106518,38,Male,Germany,550,0,5,2026-01-28,41336.55,2,1,0,151725.67,15,0.4488,-0.1434,1,0,
CUST-106519,38,Male,France,711,3,43,2022-11-29,0.0,2,1,1,120564.02,13,0.0439,0.0,0,0,
CUST-106520,45,Female,France,679,7,93,2018-09-29,91551.25,2,1,0,56146.23,8,0.3063,0.1702,0,0,
CUST-106521,33,Female,Spain,706,6,73,2020-05-30,0.0,2,1,1,68929.76,21,0.0,0.0,0,0,
CUST-106522,40,Male,France,658,4,52,2022-02-28,48098.5,1,1,1,50778.97,11,0.807,-0.1059,0,0,
CUST-106523,27,Female,France,670,7,91,2016-12-29,0.0,1,1,1,45988.38,13,0.6715,0.0,0,1,2024-07-29
CUST-106524,37,Male,France,622,0,10,2025-08-29,0.0,2,1,0,30877.63,6,0.2458,0.0,1,0,
CUST-106525,34,Male,France,753,9,116,2016-10-29,42958.97,2,0,0,39853.61,16,0.1274,0.2011,0,0,
CUST-106526,35,Male,Spain,708,9,113,2017-01-28,0.0,1,1,0,17045.71,5,0.548,0.0,0,0,
CUST-106527,29,Male,France,667,8,100,2018-02-28,14591.31,2,0,1,74295.74,25,0.3018,-0.4908,0,0,
CUST-106528,32,Male,France,637,8,105,2017-09-29,292144.19,2,0,0,158818.46,13,0.2078,-0.0092,0,0,
CUST-106529,42,Male,Germany,480,6,79,2019-11-29,83073.89,2,1,1,79418.71,14,0.0,0.0527,0,0,
CUST-106530,30,Male,France,459,5,64,2017-09-29,20952.31,1,0,1,71464.41,24,0.1018,-0.1665,0,1,2023-01-29
CUST-106531,25,Female,France,615,2,31,2023-11-29,0.0,1,1,1,49798.15,29,0.1571,0.0,0,0,
CUST-106532,44,Male,Spain,772,7,93,2018-09-29,0.0,2,1,1,198630.87,16,0.1509,0.0,0,0,
CUST-106533,68,Female,Germany,582,0,5,2022-01-28,79266.48,1,1,1,123856.79,10,0.756,-0.6878,3,1,2022-06-30
CUST-106534,32,Female,France,586,6,79,2019-11-29,30164.04,1,1,1,34786.72,21,0.1939,-0.0658,0,0,
CUST-106535,28,Male,France,557,0,5,2026-01-28,234859.9,2,0,1,221244.89,28,0.1416,0.0207,0,0,
CUST-106536,62,Male,France,526,6,82,2019-08-30,0.0,1,0,1,162849.32,38,0.0694,0.0,0,0,
CUST-106537,24,Male,France,562,5,69,2020-09-28,0.0,1,1,1,39463.08,19,0.1158,0.0,1,0,
CUST-106538,43,Female,Germany,677,6,80,2019-01-29,113055.34,1,0,0,108401.0,4,0.4098,-0.4093,1,1,2025-09-29
CUST-106539,31,Male,Germany,603,1,19,2017-06-29,41639.43,1,0,1,63643.51,14,0.4864,-0.348,1,1,2019-01-29
CUST-106540,67,Male,Germany,598,1,18,2021-09-29,29221.37,1,0,0,23876.75,9,0.3137,0.0337,0,1,2023-03-30
CUST-106541,36,Female,Spain,590,4,53,2022-01-28,0.0,2,1,0,42682.07,16,0.2271,0.0,0,0,
CUST-106542,32,Male,France,673,6,80,2019-10-30,0.0,1,1,0,107262.45,12,0.0899,0.0,0,0,
CUST-106543,21,Male,Spain,687,0,5,2026-01-28,38431.99,1,1,1,100078.12,35,0.2309,-0.0389,0,0,
CUST-106544,47,Female,Germany,471,1,19,2024-01-29,106645.67,1,1,1,322157.57,13,0.5875,-0.293,0,1,2025-08-29
CUST-106545,46,Female,France,577,3,46,2022-08-29,27390.99,1,1,0,78019.8,13,0.1963,-0.1333,1,0,
CUST-106546,54,Male,Spain,641,0,3,2026-03-30,0.0,1,1,1,26088.05,28,0.2406,0.0,0,0,
CUST-106547,40,Male,France,692,7,89,2019-01-29,67936.19,1,0,1,41106.76,24,0.1823,-0.0506,1,0,
CUST-106548,35,Male,Germany,662,6,82,2019-08-30,119929.77,2,1,1,55065.79,40,0.1895,0.0635,0,0,
CUST-106549,51,Male,Germany,729,6,76,2020-02-28,31890.33,2,1,0,59725.03,7,0.266,0.0524,1,0,
CUST-106550,33,Male,France,514,6,75,2020-03-30,0.0,1,1,1,58529.27,39,0.0906,0.0,1,0,
CUST-106551,27,Male,Spain,690,4,52,2022-02-28,400746.02,1,1,1,83614.83,20,0.0653,-0.114,1,0,
CUST-106552,43,Female,France,847,4,55,2021-11-28,0.0,2,0,1,159335.43,17,0.5596,0.0,1,0,
CUST-106553,49,Female,Spain,655,1,20,2024-10-29,238658.92,2,1,1,86864.84,25,0.0543,0.2439,2,0,
CUST-106554,26,Female,France,658,2,26,2017-02-28,0.0,1,1,0,24195.29,6,0.5597,0.0,0,1,2019-04-30
CUST-106555,39,Female,France,700,6,79,2019-11-29,0.0,2,0,1,85323.25,38,0.0648,0.0,0,0,
CUST-106556,47,Male,France,598,2,35,2019-08-30,121154.56,1,0,0,25847.77,3,0.56,-0.4806,0,1,2022-07-30
CUST-106557,33,Male,Spain,559,4,49,2022-05-30,179938.4,2,0,0,48486.37,11,0.0659,-0.2035,0,0,
CUST-106558,62,Male,France,656,2,25,2024-05-30,53823.02,2,0,1,181427.95,24,0.1333,-0.1594,2,0,
CUST-106559,32,Male,Spain,491,2,27,2024-03-30,26059.43,2,1,1,22627.46,23,0.289,0.0153,0,0,
CUST-106560,32,Male,France,688,1,15,2025-03-30,0.0,1,0,1,203281.68,24,0.0,0.0,0,0,
CUST-106561,33,Female,France,704,2,26,2024-04-29,46120.62,1,1,0,92267.27,15,0.0109,-0.1254,0,0,
CUST-106562,29,Male,France,496,2,24,2021-06-29,0.0,1,1,1,82734.22,7,0.5922,0.0,2,1,2023-06-30
CUST-106563,32,Male,France,666,7,86,2019-04-30,0.0,2,1,1,32763.56,30,0.127,0.0,0,0,
CUST-106564,39,Male,Spain,629,4,57,2021-09-29,57849.62,1,0,1,71927.43,27,0.0,-0.018,0,0,
CUST-106565,30,Female,France,792,5,64,2021-02-28,50148.71,1,1,1,52235.38,40,0.0,-0.012,0,0,
CUST-106566,44,Female,Germany,776,0,5,2024-07-29,149655.57,1,0,1,42583.9,30,0.4505,-0.1818,1,1,2024-12-29
CUST-106567,26,Male,Germany,731,9,114,2016-12-29,37317.88,1,0,0,63949.9,5,0.1738,0.0113,1,0,
CUST-106568,30,Male,Germany,766,2,30,2023-12-29,160524.39,2,1,1,250504.53,22,0.2209,0.0104,0,0,
CUST-106569,62,Female,Germany,615,0,5,2024-01-29,84016.36,3,1,0,105707.73,7,0.739,-0.3389,4,1,2024-06-29
CUST-106570,32,Male,Spain,675,9,119,2016-07-29,55956.96,1,1,1,60745.51,30,0.0964,0.1389,0,0,
CUST-106571,37,Female,Germany,626,5,69,2019-07-30,39311.86,1,1,0,84201.73,7,0.2393,-0.1512,0,1,2025-04-29
CUST-106572,38,Female,Germany,554,1,14,2025-04-29,267374.81,2,1,1,54148.32,20,0.0184,0.0394,1,0,
CUST-106573,29,Female,Germany,658,7,90,2018-12-29,21763.46,1,1,0,101134.16,5,0.5947,-0.2124,2,0,
CUST-106574,31,Male,Germany,642,7,89,2016-09-28,124231.94,1,1,1,34886.69,16,0.6404,-0.0263,2,1,2024-02-28
CUST-106575,41,Female,France,631,3,38,2018-06-30,78791.5,1,1,0,109864.28,3,1.0,-0.2308,0,1,2021-08-29
CUST-106576,32,Male,Germany,644,1,18,2024-12-29,71111.27,1,1,1,29597.55,24,0.0,0.0619,1,0,
CUST-106577,31,Male,France,656,9,119,2016-07-29,31308.49,1,0,0,58612.6,13,0.0385,0.0847,0,0,
CUST-106578,31,Male,Spain,735,6,83,2019-07-30,47382.63,2,1,1,126308.17,35,0.0,-0.1828,1,0,
CUST-106579,54,Male,Spain,594,9,112,2017-02-28,563662.8,2,0,0,186428.56,8,0.1992,-0.0686,0,0,
CUST-106580,51,Male,Spain,527,5,71,2020-07-29,0.0,2,1,1,19924.96,36,0.0994,0.0,0,0,
CUST-106581,39,Female,Spain,715,5,63,2021-03-30,0.0,2,1,0,35768.86,11,0.1204,0.0,0,0,
CUST-106582,36,Female,Germany,732,0,1,2026-03-30,155304.78,1,0,1,69396.55,10,0.6443,-0.4575,2,1,2026-04-30
CUST-106583,39,Male,Germany,684,10,120,2016-06-29,108643.13,2,1,0,102566.23,14,0.2512,-0.1038,0,0,
CUST-106584,42,Female,France,541,5,71,2020-07-29,0.0,2,1,0,49347.81,10,0.3865,0.0,1,0,
CUST-106585,42,Female,France,637,2,24,2017-06-29,105274.05,1,1,0,68084.17,5,0.4798,-0.2201,1,1,2019-06-30
CUST-106586,32,Male,France,677,5,62,2021-04-29,585350.31,1,1,0,70515.23,10,0.3488,0.1146,0,0,
CUST-106587,34,Female,France,547,0,10,2025-08-29,0.0,2,1,1,66661.2,24,0.0175,0.0,0,0,
CUST-106588,33,Female,Spain,577,8,105,2017-09-29,0.0,2,1,1,68656.21,23,0.2954,0.0,0,0,
CUST-106589,40,Female,Spain,636,8,96,2018-06-30,0.0,2,0,1,71300.4,21,0.031,0.0,0,0,
CUST-106590,53,Male,Germany,764,3,47,2021-04-29,84938.48,1,0,0,173930.16,3,0.6617,-0.3812,1,1,2025-03-30
CUST-106591,37,Female,France,672,4,56,2021-10-29,0.0,1,1,1,63418.9,21,0.0,0.0,0,0,
CUST-106592,38,Female,Germany,595,4,51,2022-03-30,55913.27,2,1,1,142890.95,22,0.0178,-0.0783,0,0,
CUST-106593,30,Male,France,631,5,70,2020-08-29,0.0,1,1,1,69495.18,24,0.4541,0.0,0,0,
CUST-106594,26,Male,Spain,586,2,31,2023-11-29,0.0,1,1,1,48443.75,19,0.2594,0.0,2,0,
CUST-106595,34,Male,Spain,610,5,65,2021-01-28,0.0,1,1,0,61686.87,9,0.3042,0.0,1,0,
CUST-106596,45,Male,France,719,0,5,2026-01-28,0.0,2,1,0,27721.48,13,0.2786,0.0,0,0,
CUST-106597,30,Male,France,466,2,27,2024-03-30,9953.28,1,1,1,39257.71,34,0.0656,-0.0333,1,0,
CUST-106598,25,Male,France,776,3,45,2022-09-29,182492.66,1,0,1,47808.77,23,0.1055,0.0611,0,0,
CUST-106599,43,Female,France,850,3,41,2023-01-29,309199.46,2,1,0,77025.45,9,0.2278,-0.0742,1,0,
CUST-106600,41,Female,France,666,3,42,2022-12-29,0.0,1,0,1,176949.84,13,0.4894,0.0,1,0,
CUST-106601,32,Male,France,570,3,38,2023-04-30,66971.69,1,1,0,58931.4,9,0.0761,-0.0923,0,0,
CUST-106602,31,Male,France,762,7,84,2019-06-30,76731.45,1,1,0,40477.73,14,0.0,0.1081,0,0,
CUST-106603,34,Male,France,677,6,81,2019-09-29,202701.1,2,1,1,114167.6,35,0.0357,-0.063,0,0,
CUST-106604,33,Male,France,600,2,26,2023-01-29,303952.64,1,0,0,79637.43,6,0.4277,-0.268,2,1,2025-03-30
CUST-106605,58,Female,Germany,557,0,2,2026-04-30,254703.5,1,0,1,136240.86,26,0.2842,-0.1386,0,0,
CUST-106606,34,Male,France,611,0,1,2026-05-30,0.0,1,1,0,122867.47,9,0.0613,0.0,0,0,
CUST-106607,41,Female,Spain,668,4,58,2021-08-29,120789.12,2,1,1,98137.83,19,0.2382,0.0197,0,0,
CUST-106608,35,Male,France,736,4,58,2021-08-29,17779.24,2,1,0,87533.39,8,0.2846,0.0877,0,0,
CUST-106609,41,Male,France,677,8,101,2018-01-28,75773.67,1,1,1,123027.53,35,0.1032,0.0097,0,0,
CUST-106610,32,Female,France,694,5,65,2021-01-28,0.0,2,1,1,118268.32,16,0.1773,0.0,0,0,
CUST-106611,32,Male,Germany,618,0,4,2026-02-28,184535.44,2,1,0,121192.76,13,0.08,0.0803,0,0,
CUST-106612,37,Male,France,732,5,66,2020-12-29,0.0,2,1,0,119814.46,16,0.3235,0.0,0,0,
CUST-106613,31,Male,Germany,630,7,95,2018-07-30,19955.86,1,1,1,69299.14,32,0.0771,0.0569,0,0,
CUST-106614,34,Female,France,826,0,10,2024-12-29,0.0,3,1,0,46123.97,8,0.3333,0.0,0,1,2025-10-29
CUST-106615,44,Male,Spain,587,2,32,2023-10-30,44078.2,2,1,0,73099.36,10,0.363,-0.1274,0,0,
CUST-106616,51,Female,France,688,1,14,2021-07-30,0.0,2,0,0,57667.18,2,0.7277,0.0,0,1,2022-09-29
CUST-106617,64,Female,France,850,3,39,2020-03-30,0.0,1,1,0,43258.79,4,0.6235,0.0,0,1,2023-06-30
CUST-106618,43,Female,Spain,750,0,6,2025-12-29,0.0,1,1,1,173358.3,26,0.1514,0.0,0,0,
CUST-106619,40,Female,France,722,4,54,2021-12-29,183053.42,2,1,1,71551.57,31,0.0857,0.13,2,0,
CUST-106620,30,Female,France,678,6,75,2020-03-30,0.0,2,0,0,40399.57,10,0.1712,0.0,1,0,
CUST-106621,49,Female,Spain,655,3,41,2020-04-29,0.0,1,1,0,150365.74,10,0.3749,0.0,1,1,2023-09-29
CUST-106622,57,Male,France,633,6,73,2020-05-30,23613.48,2,0,1,76685.84,23,0.1174,-0.0382,0,0,
CUST-106623,33,Female,France,596,1,16,2025-02-28,201431.55,1,1,0,124441.15,12,0.3511,-0.2291,1,0,
CUST-106624,62,Female,France,503,6,78,2019-12-29,170368.63,2,1,1,58779.79,18,0.1713,-0.151,0,0,
CUST-106625,51,Male,France,711,3,43,2022-11-29,40979.51,1,0,0,99859.39,11,0.1133,-0.1418,0,0,
CUST-106626,43,Female,Spain,502,1,15,2023-07-30,73089.56,1,1,0,102332.57,9,0.5585,-0.2001,1,1,2024-10-29
CUST-106627,36,Male,Germany,713,1,22,2024-08-29,144256.39,1,0,0,76259.11,7,0.6543,-0.3403,0,0,
CUST-106628,28,Male,Germany,620,3,37,2023-05-30,39953.91,1,1,1,50971.93,29,0.1382,0.1711,0,0,
CUST-106629,58,Male,France,558,9,109,2017-05-30,0.0,2,0,1,89744.29,15,0.1183,0.0,1,0,
CUST-106630,27,Male,Germany,785,1,15,2025-03-30,85368.46,1,1,1,100142.51,17,0.1978,-0.1496,1,0,
CUST-106631,59,Male,Germany,511,0,6,2022-11-29,163598.09,1,1,0,37177.02,7,0.6148,-0.2667,2,1,2023-05-30
CUST-106632,61,Male,France,586,4,49,2021-02-28,0.0,1,1,1,272717.67,11,0.4223,0.0,0,1,2025-03-30
CUST-106633,30,Male,Spain,595,4,57,2021-09-29,0.0,1,1,0,176382.75,8,0.1174,0.0,0,0,
CUST-106634,27,Male,Germany,664,1,18,2024-12-29,121581.85,1,1,1,78033.52,35,0.152,-0.0936,1,0,
CUST-106635,33,Female,Spain,591,7,94,2018-08-29,0.0,2,1,1,115106.57,22,0.0,0.0,0,0,
CUST-106636,36,Male,France,790,6,82,2019-08-30,38088.69,1,1,0,71312.25,7,0.1457,-0.0402,0,0,
CUST-106637,32,Female,France,518,8,101,2018-01-28,39394.65,2,1,0,50854.41,17,0.0063,0.1463,0,0,
CUST-106638,33,Female,Germany,850,1,22,2024-08-29,51784.13,1,1,1,121443.98,27,0.0,-0.0185,0,0,
CUST-106639,37,Male,Spain,548,1,16,2020-07-29,0.0,1,1,0,45967.01,8,0.2715,0.0,0,1,2021-11-28
CUST-106640,57,Male,France,850,1,18,2017-01-28,0.0,1,1,1,88295.65,19,0.2096,0.0,0,1,2018-07-30
CUST-106641,35,Male,France,755,4,49,2022-05-30,0.0,1,1,0,50104.78,14,0.3868,0.0,1,0,
CUST-106642,44,Male,Spain,639,0,2,2026-04-30,263324.94,1,1,0,45408.22,9,0.3204,-0.0199,0,0,
CUST-106643,28,Male,France,672,5,64,2021-02-28,33203.55,1,1,1,78045.51,33,0.0951,-0.0085,0,0,
CUST-106644,38,Female,France,614,1,13,2025-05-30,0.0,2,1,0,127765.02,14,0.3397,0.0,0,0,
CUST-106645,34,Female,Germany,683,6,73,2020-05-30,81395.81,1,1,0,83144.33,5,0.6786,-0.3255,1,0,
CUST-106646,44,Male,France,579,1,13,2025-05-30,0.0,2,0,0,74575.86,11,0.1572,0.0,1,0,
CUST-106647,27,Female,France,718,1,22,2020-10-29,187972.79,1,1,0,26825.28,5,0.5336,-0.2974,0,1,2022-08-29
CUST-106648,53,Male,France,667,5,70,2020-08-29,0.0,2,1,1,64492.58,27,0.3429,0.0,0,0,
CUST-106649,33,Female,Spain,555,4,55,2021-11-28,345387.99,1,1,1,33143.96,34,0.2305,-0.1727,0,0,
CUST-106650,31,Female,France,691,1,13,2025-05-30,0.0,1,0,1,74326.03,24,0.2474,0.0,0,0,
CUST-106651,61,Male,Germany,685,9,111,2017-03-30,140299.87,1,1,1,71791.97,38,0.2791,-0.0955,2,0,
CUST-106652,40,Female,Spain,581,1,14,2018-03-30,0.0,3,1,1,69734.61,14,0.4981,0.0,1,1,2019-05-30
CUST-106653,36,Female,Germany,609,6,73,2020-05-30,345399.1,2,1,1,70783.38,27,0.2776,0.0165,0,0,
CUST-106654,27,Male,Germany,699,4,48,2022-06-30,12749.79,1,0,0,94913.67,6,0.0221,-0.1116,0,0,
CUST-106655,30,Male,Germany,755,5,68,2020-10-29,135341.55,1,1,1,98321.34,30,0.0421,0.023,0,0,
CUST-106656,28,Female,France,636,5,61,2021-05-30,540402.47,2,1,0,86710.0,7,0.2955,0.1684,0,0,
CUST-106657,37,Male,Germany,739,3,39,2023-03-30,32057.77,2,1,1,122703.25,32,0.0,-0.226,0,0,
CUST-106658,51,Male,Spain,762,1,21,2024-05-30,40339.7,1,1,0,19073.47,3,0.7549,-0.3334,2,1,2026-02-28
CUST-106659,41,Female,Spain,775,1,19,2024-11-28,0.0,1,0,1,41483.7,34,0.3842,0.0,0,0,
CUST-106660,38,Male,France,690,8,100,2016-11-28,0.0,1,1,0,91740.06,2,0.6246,0.0,2,1,2025-03-30
CUST-106661,37,Male,France,563,1,22,2024-08-29,0.0,1,1,1,72228.28,28,0.1759,0.0,0,0,
CUST-106662,47,Female,Spain,736,8,103,2017-11-28,74139.18,1,0,1,44825.94,23,0.3354,-0.0048,1,0,
CUST-106663,35,Male,France,632,4,55,2021-11-28,87323.49,1,1,0,91505.64,9,0.1145,0.2242,0,0,
CUST-106664,26,Male,Spain,699,0,9,2025-09-29,0.0,1,1,1,107869.93,18,0.4333,0.0,1,0,
CUST-106665,49,Female,France,590,4,52,2022-02-28,0.0,2,1,1,47477.85,31,0.1944,0.0,1,0,
CUST-106666,29,Male,Germany,592,3,43,2022-11-29,29660.68,1,0,1,50502.32,12,0.1969,0.078,0,0,
CUST-106667,26,Female,Spain,583,1,17,2025-01-28,0.0,1,0,1,29277.05,29,0.2559,0.0,0,0,
CUST-106668,40,Female,France,523,0,6,2025-12-29,101466.19,2,1,1,68167.76,21,0.1631,-0.055,1,0,
CUST-106669,24,Male,France,594,5,60,2021-06-29,39173.65,1,0,1,70216.5,24,0.129,-0.1456,1,0,
CUST-106670,37,Male,Spain,551,6,83,2019-07-30,216457.32,1,1,1,40199.2,24,0.3781,-0.0695,1,0,
CUST-106671,39,Female,France,704,5,62,2021-04-29,0.0,1,1,1,54045.55,24,0.0528,0.0,0,0,
CUST-106672,42,Female,France,548,0,10,2025-08-29,0.0,1,1,0,69998.07,14,0.2213,0.0,0,0,
CUST-106673,41,Male,Germany,586,7,86,2019-04-30,112006.03,1,1,0,119374.47,12,0.2335,-0.0226,0,0,
CUST-106674,27,Male,France,650,0,2,2026-04-30,84749.13,1,1,0,58293.88,17,0.2275,0.0466,0,0,
CUST-106675,47,Male,Germany,824,4,59,2021-04-29,138565.12,1,1,1,43799.22,13,0.5107,-0.1313,2,1,2026-03-30
CUST-106676,37,Female,France,584,4,49,2022-05-30,0.0,2,1,0,162613.68,15,0.3607,0.0,0,0,
CUST-106677,34,Female,France,517,4,59,2021-07-30,0.0,2,1,0,105422.61,11,0.2069,0.0,0,0,
CUST-106678,27,Male,Spain,524,0,7,2025-11-28,75127.48,1,0,0,35233.27,15,0.2352,0.1019,0,0,
CUST-106679,50,Female,France,567,0,6,2025-12-29,45647.22,2,0,0,106588.01,11,0.2756,-0.023,0,0,
CUST-106680,48,Male,France,587,5,63,2021-03-30,0.0,2,1,1,53943.52,27,0.0191,0.0,0,0,
CUST-106681,32,Male,Germany,850,2,32,2023-10-30,306536.44,1,0,0,126529.03,10,0.2045,0.2631,0,0,
CUST-106682,42,Female,Spain,743,1,13,2021-11-28,37942.64,1,1,1,57283.94,3,0.4913,-0.4273,1,1,2022-12-29
CUST-106683,45,Male,Germany,620,5,67,2020-11-28,71486.81,1,1,1,26812.33,38,0.0834,-0.0084,0,0,
CUST-106684,34,Female,Spain,828,4,48,2022-06-30,40505.15,1,0,1,52611.79,17,0.1689,-0.1829,0,0,
CUST-106685,48,Male,France,591,7,94,2018-08-29,53788.78,2,1,1,44395.54,32,0.0,0.1596,0,0,
CUST-106686,49,Female,France,611,8,103,2017-11-28,27571.19,2,0,0,49930.81,2,0.4539,-0.1372,1,0,
CUST-106687,25,Female,Spain,605,3,36,2023-06-30,0.0,2,1,0,20372.07,12,0.0672,0.0,0,0,
CUST-106688,44,Male,Spain,749,2,31,2023-11-29,0.0,1,1,0,67440.07,9,0.1219,0.0,1,0,
CUST-106689,33,Male,Germany,643,2,29,2022-10-29,67262.4,1,0,0,23499.17,14,0.2548,-0.0809,0,1,2025-03-30
CUST-106690,30,Female,France,795,6,78,2019-12-29,108706.22,1,0,1,67144.97,33,0.1313,0.0867,0,0,
CUST-106691,24,Male,France,692,3,45,2022-09-29,470267.55,1,1,0,19096.14,17,0.3115,0.0056,0,0,
CUST-106692,38,Female,France,737,2,29,2024-01-29,0.0,3,1,1,39390.96,36,0.0499,0.0,0,0,
CUST-106693,34,Female,Spain,476,9,119,2016-07-29,0.0,1,1,1,97340.73,21,0.2558,0.0,0,0,
CUST-106694,32,Male,Spain,487,3,44,2022-10-29,13230.16,1,1,1,105722.89,29,0.0,-0.1644,0,0,
CUST-106695,45,Female,France,490,0,7,2021-06-29,30898.5,1,1,0,46490.04,4,0.7158,-0.4295,3,1,2022-01-28
CUST-106696,88,Male,France,609,5,66,2020-12-29,0.0,2,1,1,97196.42,21,0.5439,0.0,0,0,
CUST-106697,42,Male,France,502,3,44,2022-10-29,0.0,2,1,0,26363.7,11,0.2394,0.0,0,0,
CUST-106698,34,Male,France,769,5,68,2020-10-29,0.0,1,1,1,123141.48,28,0.0,0.0,0,0,
CUST-106699,49,Female,Germany,631,0,8,2025-10-29,136191.63,2,0,1,137589.49,14,0.3001,-0.2968,0,0,
CUST-106700,29,Female,Germany,709,5,61,2021-05-30,34362.55,1,1,0,64092.69,14,0.106,-0.1793,0,0,
CUST-106701,33,Male,France,603,2,29,2024-01-29,0.0,2,1,0,56485.23,8,0.1258,0.0,0,0,
CUST-106702,38,Male,Germany,729,8,103,2017-11-28,72550.36,1,0,0,19791.6,12,0.2021,-0.05,1,0,
CUST-106703,39,Male,Spain,461,6,82,2017-08-29,213687.86,2,1,1,69624.3,19,0.0508,-0.0788,1,1,2024-06-29
CUST-106704,47,Female,France,645,5,63,2021-03-30,0.0,2,1,1,103450.24,19,0.0,0.0,0,0,
CUST-106705,56,Male,France,698,4,50,2022-04-30,45851.68,1,0,1,87866.55,30,0.2216,-0.3604,1,0,
CUST-106706,47,Male,France,706,5,64,2021-02-28,0.0,2,1,1,78176.29,31,0.1974,0.0,0,0,
CUST-106707,56,Male,France,620,6,77,2020-01-29,61279.12,2,1,0,32733.1,10,0.1234,0.1638,0,0,
CUST-106708,57,Male,Germany,486,2,31,2019-07-30,140069.09,1,1,0,77320.69,3,0.9495,-0.4259,2,1,2022-02-28
CUST-106709,40,Female,Germany,747,0,9,2020-11-28,89209.44,1,0,1,44796.92,6,0.5653,-0.2484,1,1,2021-08-29
CUST-106710,36,Male,France,612,4,52,2020-06-29,0.0,1,0,0,157193.58,2,0.8787,0.0,1,1,2024-10-29
CUST-106711,44,Male,France,621,5,71,2020-07-29,0.0,2,0,1,100252.6,25,0.2999,0.0,1,0,
CUST-106712,25,Male,Spain,850,9,111,2017-03-30,0.0,2,1,1,83347.28,23,0.4227,0.0,0,0,
CUST-106713,47,Male,France,659,2,32,2023-10-30,0.0,2,1,1,73601.01,29,0.0,0.0,1,0,
CUST-106714,45,Female,Germany,600,1,16,2017-04-29,89834.31,1,1,0,42709.47,4,0.8505,-0.391,0,1,2018-08-29
CUST-106715,29,Male,Germany,594,5,62,2021-04-29,195050.54,2,1,0,45940.58,16,0.4457,-0.3735,1,0,
CUST-106716,55,Male,Spain,712,8,101,2018-01-28,153497.74,1,1,0,206164.44,15,0.2955,0.1137,0,0,
CUST-106717,50,Male,Germany,571,7,84,2019-06-30,147794.15,2,1,1,44003.11,22,0.0,-0.0564,0,0,
CUST-106718,43,Male,Spain,699,5,67,2017-01-28,0.0,2,1,0,72651.38,10,0.6029,0.0,1,1,2022-08-29
CUST-106719,35,Female,Germany,756,0,1,2026-05-30,155720.76,1,0,1,76047.73,28,0.0514,0.0583,0,0,
CUST-106720,55,Male,France,642,1,14,2025-04-29,0.0,1,1,0,72056.45,8,0.1675,0.0,1,0,
CUST-106721,26,Male,France,745,9,115,2016-11-28,0.0,3,1,0,79407.19,16,0.4656,0.0,0,0,
CUST-106722,37,Female,France,643,1,19,2024-11-28,0.0,1,0,1,201229.36,23,0.1863,0.0,0,0,
CUST-106723,44,Male,France,584,6,79,2019-11-29,46814.18,2,1,1,77881.42,20,0.0742,-0.0936,0,0,
CUST-106724,51,Male,France,490,2,34,2023-08-30,0.0,1,1,1,94582.4,19,0.3559,0.0,0,0,
CUST-106725,49,Female,France,676,1,22,2024-08-29,0.0,2,0,1,60882.02,25,0.0,0.0,0,0,
CUST-106726,28,Male,France,678,7,94,2018-08-29,32768.25,1,1,1,64668.44,27,0.034,-0.0546,0,0,
CUST-106727,42,Female,France,744,0,6,2025-12-29,67735.54,2,1,1,93102.51,22,0.2414,0.1608,0,0,
CUST-106728,39,Male,France,735,8,96,2018-06-30,0.0,1,0,1,155823.63,19,0.5194,0.0,0,0,
CUST-106729,25,Female,Spain,848,4,49,2022-05-30,0.0,1,1,1,146256.4,16,0.2233,0.0,1,0,
CUST-106730,28,Female,Germany,594,3,41,2023-01-29,171284.72,2,1,0,12656.24,18,0.279,-0.2245,0,0,
CUST-106731,24,Male,Spain,684,3,40,2023-02-28,67698.76,2,1,0,28606.62,8,0.4451,-0.1005,0,0,
CUST-106732,25,Male,Germany,584,4,52,2022-02-28,64227.56,2,1,0,225511.66,7,0.2659,-0.1519,0,0,
CUST-106733,28,Female,Spain,739,7,85,2019-05-30,76777.49,1,1,0,53710.03,18,0.2232,-0.0667,0,0,
CUST-106734,36,Male,Spain,561,2,35,2023-07-30,10755.06,1,0,1,58289.15,33,0.2463,-0.1026,0,0,
CUST-106735,36,Male,France,738,6,82,2019-08-30,95531.02,2,1,1,52285.75,21,0.2064,-0.0351,0,0,
CUST-106736,41,Female,Spain,579,5,60,2021-06-29,153437.56,2,1,1,35110.56,28,0.1535,-0.0023,0,0,
CUST-106737,31,Female,France,724,2,33,2023-09-29,185945.96,2,0,0,47054.32,8,0.1995,0.1137,1,0,
CUST-106738,52,Female,Germany,766,0,5,2026-01-28,59273.04,1,0,0,53410.28,4,0.275,-0.0126,0,0,
CUST-106739,48,Female,Spain,501,4,56,2021-10-29,0.0,2,1,0,54639.75,16,0.1854,0.0,0,0,
CUST-106740,41,Female,France,521,3,43,2022-11-29,106518.18,2,1,1,42015.79,34,0.0,-0.07,0,0,
CUST-106741,59,Female,Germany,673,2,28,2021-11-28,192398.53,1,1,1,119213.64,13,0.4195,-0.2625,1,1,2024-03-30
CUST-106742,40,Female,France,662,8,105,2017-08-29,0.0,1,1,1,68439.91,14,0.7248,0.0,0,1,2026-05-30
CUST-106743,26,Female,France,622,4,48,2022-06-30,278924.12,1,1,1,78096.47,24,0.046,-0.0986,0,0,
CUST-106744,44,Female,France,604,3,47,2022-07-30,58869.06,2,0,1,75670.97,30,0.1439,0.1359,1,0,
CUST-106745,38,Male,France,568,7,86,2019-04-30,0.0,2,1,0,53993.57,14,0.1779,0.0,1,0,
CUST-106746,33,Female,France,682,4,50,2022-04-30,0.0,1,1,0,48806.46,10,0.2366,0.0,0,0,
CUST-106747,35,Male,Germany,557,8,103,2017-11-28,32339.71,2,1,1,31865.78,30,0.2758,0.1248,0,0,
CUST-106748,42,Female,Germany,685,4,56,2020-02-28,302339.34,2,1,0,107171.54,8,0.3329,-0.0614,0,1,2024-10-29
CUST-106749,40,Female,France,595,1,14,2025-04-29,66919.1,2,1,1,66377.2,20,0.141,-0.0649,0,0,
CUST-106750,64,Female,Germany,609,7,88,2017-07-30,33274.16,2,0,1,141322.63,17,0.1208,-0.0343,1,1,2024-11-28
CUST-106751,39,Male,France,767,3,38,2023-04-30,44970.48,1,1,0,88588.73,9,0.2872,0.0329,0,0,
CUST-106752,40,Male,France,742,9,111,2017-03-30,166136.23,2,0,0,171703.8,9,0.1499,-0.023,0,0,
CUST-106753,38,Male,Spain,554,2,35,2023-07-30,321247.7,2,1,0,58332.51,3,0.3436,0.0482,0,0,
CUST-106754,76,Female,Spain,566,1,21,2023-10-30,42888.2,2,0,1,42170.39,10,0.4681,-0.3705,2,1,2025-07-30
CUST-106755,38,Female,France,725,1,17,2025-01-28,0.0,1,1,1,200294.81,22,0.4073,0.0,0,0,
CUST-106756,29,Male,France,512,0,10,2025-08-29,0.0,2,1,0,135778.51,15,0.2455,0.0,0,0,
CUST-106757,32,Male,Spain,790,8,97,2018-05-30,13431.35,1,1,1,25863.4,18,0.415,0.0291,2,0,
CUST-106758,42,Male,Spain,663,7,92,2018-10-29,0.0,2,0,0,92647.23,5,0.2524,0.0,0,0,
CUST-106759,26,Male,France,594,8,97,2018-05-30,38181.69,2,0,1,106194.57,36,0.2857,-0.2916,0,0,
CUST-106760,35,Female,France,651,3,43,2022-11-29,152976.53,1,1,1,63672.07,21,0.2412,-0.0906,0,0,
CUST-106761,53,Female,France,781,0,5,2022-08-29,136765.41,1,1,0,35511.44,7,0.0611,0.1086,0,1,2023-01-29
CUST-106762,34,Female,Germany,445,1,12,2025-06-29,61771.94,1,1,1,65005.49,36,0.2452,0.0643,0,0,
CUST-106763,58,Male,Spain,749,0,11,2022-01-28,118313.84,3,0,0,80081.18,5,0.4787,-0.1571,0,1,2022-12-29
CUST-106764,35,Male,Germany,765,6,83,2017-10-29,173840.02,2,1,1,48924.93,12,0.3347,-0.2557,0,1,2024-09-28
CUST-106765,49,Female,France,619,3,46,2022-08-29,0.0,1,1,0,107004.31,14,0.4739,0.0,1,0,
CUST-106766,38,Female,Germany,643,3,45,2018-10-29,113023.45,2,1,0,29747.92,5,0.6406,-0.1848,0,1,2022-07-30
CUST-106767,29,Male,Spain,663,0,2,2026-04-30,0.0,2,1,0,79335.23,10,0.1208,0.0,0,0,
CUST-106768,63,Female,France,720,0,9,2025-09-29,74048.02,2,0,0,209310.02,10,0.3446,-0.0308,0,0,
CUST-106769,28,Male,Spain,580,9,116,2016-10-29,311970.59,1,1,1,100049.51,17,0.1581,-0.048,1,0,
CUST-106770,33,Male,France,649,7,94,2018-08-29,0.0,2,1,0,159475.77,9,0.0809,0.0,0,0,
CUST-106771,66,Female,France,640,3,37,2019-07-30,522448.71,1,1,0,66809.0,3,0.7742,-0.1061,2,1,2022-08-29
CUST-106772,40,Female,Germany,715,2,29,2019-06-30,285328.5,1,1,0,80724.57,4,0.744,-0.106,2,1,2021-11-28
CUST-106773,31,Female,France,850,8,105,2017-09-29,383603.92,2,1,1,56748.3,27,0.2632,0.0982,0,0,
CUST-106774,38,Male,Spain,580,1,20,2024-10-29,0.0,1,1,0,57807.64,7,0.072,0.0,0,0,
CUST-106775,44,Male,Germany,658,3,38,2023-04-30,224697.09,1,1,1,95188.85,28,0.1771,-0.0236,0,0,
CUST-106776,34,Female,France,577,4,57,2021-09-29,0.0,1,0,0,42987.44,11,0.345,0.0,0,0,
CUST-106777,55,Female,France,603,1,18,2024-12-29,479946.69,1,0,0,113856.83,4,0.6599,-0.4358,0,0,
CUST-106778,31,Male,Germany,547,5,61,2021-05-30,37081.92,1,0,0,94160.78,10,0.1376,0.0451,1,0,
CUST-106779,24,Male,France,503,1,19,2024-11-28,0.0,2,1,1,36904.84,40,0.0,0.0,0,0,
CUST-106780,48,Male,Germany,764,2,26,2023-06-30,78932.39,1,1,1,122712.29,20,0.0,0.1791,0,1,2025-08-29
CUST-106781,36,Female,France,684,9,118,2016-08-29,30019.52,2,1,1,229400.75,39,0.0009,-0.0658,0,0,
CUST-106782,49,Female,France,659,5,61,2020-11-28,145992.63,2,1,0,117389.57,11,0.5882,0.0397,0,1,2025-12-29
CUST-106783,34,Male,Germany,566,3,46,2022-08-29,83613.68,2,1,1,24789.23,20,0.0,-0.2256,1,0,
CUST-106784,42,Male,France,643,7,94,2018-08-29,149055.1,1,0,1,265941.63,17,0.5057,0.0734,1,0,
CUST-106785,34,Male,Germany,539,4,52,2022-02-28,428931.59,2,0,1,21298.51,21,0.256,-0.199,1,0,
CUST-106786,35,Female,Germany,647,4,58,2021-08-29,35321.79,2,1,0,28000.38,11,0.3126,0.2208,1,0,
CUST-106787,27,Male,France,682,0,1,2026-05-30,0.0,2,1,1,27399.42,28,0.1001,0.0,0,0,
CUST-106788,29,Male,Germany,598,4,49,2022-05-30,163866.6,1,1,1,61844.14,17,0.0,0.1493,0,0,
CUST-106789,41,Female,Spain,577,9,112,2017-02-28,0.0,2,1,1,24708.36,18,0.1055,0.0,0,0,
CUST-106790,48,Male,Spain,603,7,88,2019-02-28,0.0,2,1,0,20914.34,6,0.297,0.0,1,0,
CUST-106791,42,Female,France,728,9,115,2016-11-28,0.0,1,0,1,49026.6,22,0.0712,0.0,1,0,
CUST-106792,30,Female,France,669,7,95,2018-07-30,0.0,2,1,1,48072.66,18,0.1546,0.0,0,0,
CUST-106793,43,Male,Germany,496,8,102,2016-06-29,454159.44,1,1,0,60683.05,5,0.8094,-0.2712,0,1,2024-12-29
CUST-106794,30,Female,Germany,719,0,5,2026-01-28,25855.95,1,1,1,92901.41,18,0.1807,-0.163,0,0,
CUST-106795,40,Female,Germany,702,0,8,2021-03-30,69930.36,1,1,1,160269.63,10,0.5543,-0.4151,2,1,2021-11-28
CUST-106796,31,Female,Germany,668,1,13,2022-03-30,827486.42,1,1,0,70232.34,1,0.7085,-0.4268,0,1,2023-04-30
CUST-106797,36,Female,Spain,808,6,75,2020-03-30,0.0,1,0,1,91310.57,17,0.5419,0.0,1,0,
CUST-106798,32,Male,France,652,4,49,2022-05-30,0.0,2,1,1,60757.12,21,0.0,0.0,0,0,
CUST-106799,43,Male,Germany,691,9,116,2016-10-29,114321.07,1,1,1,135408.75,30,0.1235,-0.0654,0,0,
CUST-106800,33,Male,France,695,7,95,2018-07-30,53691.18,1,1,1,164560.12,28,0.1232,-0.0552,1,0,
CUST-106801,44,Male,France,734,2,27,2024-03-30,0.0,2,0,1,51571.99,29,0.0,0.0,0,0,
CUST-106802,23,Male,Germany,629,9,116,2016-10-29,703207.91,2,1,0,34080.6,10,0.0729,0.0055,0,0,
CUST-106803,48,Male,France,588,2,27,2024-03-30,0.0,2,1,1,51619.56,18,0.2755,0.0,0,0,
CUST-106804,30,Female,France,743,4,54,2021-12-29,81632.41,2,1,0,55171.64,13,0.2958,-0.162,0,0,
CUST-106805,57,Male,Spain,738,3,42,2022-12-29,0.0,2,0,1,63176.34,20,0.0693,0.0,0,0,
CUST-106806,34,Female,Spain,772,0,3,2026-03-30,189867.31,2,1,1,71579.17,25,0.0,0.0645,0,0,
CUST-106807,53,Female,Germany,690,0,3,2021-08-29,71774.39,1,1,1,63262.3,6,0.2419,-0.404,1,1,2021-11-28
CUST-106808,25,Male,Spain,492,4,48,2022-06-30,0.0,2,1,0,35576.92,5,0.2379,0.0,0,0,
CUST-106809,51,Female,France,666,2,31,2023-11-29,0.0,2,1,1,62199.33,28,0.1059,0.0,0,0,
CUST-106810,31,Male,Spain,653,6,78,2019-12-29,0.0,1,1,1,83260.49,22,0.1125,0.0,0,0,
CUST-106811,50,Female,France,768,5,67,2020-11-28,79426.29,1,1,0,163852.23,10,0.2769,0.1058,0,0,
CUST-106812,37,Female,France,752,6,73,2020-05-30,0.0,1,1,1,51942.88,19,0.2695,0.0,0,0,
CUST-106813,35,Female,France,709,1,18,2018-08-29,0.0,1,1,0,70254.74,8,0.3612,0.0,1,1,2020-02-28
CUST-106814,53,Female,France,451,1,21,2021-06-29,72074.42,1,0,1,66282.78,11,0.5807,-0.1488,0,1,2023-03-30
CUST-106815,33,Female,Germany,571,8,103,2017-11-28,173488.6,2,1,1,53428.51,29,0.2154,0.0516,0,0,
CUST-106816,58,Female,France,615,7,92,2018-10-29,71504.27,2,0,0,54213.91,14,0.2706,0.1994,0,0,
CUST-106817,35,Female,Germany,617,1,22,2024-08-29,79181.32,1,1,1,25492.75,25,0.1628,-0.1613,0,0,
CUST-106818,38,Male,France,666,5,62,2021-04-29,0.0,1,0,1,90786.4,25,0.1568,0.0,1,0,
CUST-106819,39,Female,France,792,8,107,2017-07-30,0.0,1,0,0,102520.06,14,0.2151,0.0,0,0,
CUST-106820,28,Female,Spain,725,7,89,2019-01-29,0.0,2,1,0,56510.36,14,0.0336,0.0,1,0,
CUST-106821,41,Male,Germany,562,5,70,2020-08-29,213253.49,1,1,1,93365.27,9,0.4786,-0.0551,0,0,
CUST-106822,31,Female,Spain,570,0,6,2025-12-29,0.0,2,1,0,27248.23,14,0.1633,0.0,1,0,
CUST-106823,29,Female,France,562,1,20,2020-01-29,353081.03,1,0,1,159858.18,30,0.2109,-0.1675,0,1,2021-09-29
CUST-106824,29,Female,France,639,1,12,2025-06-29,0.0,2,0,1,46426.1,23,0.2707,0.0,0,0,
CUST-106825,34,Male,Germany,727,0,6,2025-12-29,16531.29,1,1,0,61351.1,12,0.2694,-0.1511,0,0,
CUST-106826,54,Female,Germany,743,4,55,2021-11-28,106753.14,2,1,0,117931.89,8,0.4943,-0.0003,1,0,
CUST-106827,31,Female,France,614,6,77,2017-12-29,0.0,1,0,1,31951.59,23,0.1832,0.0,0,1,2024-05-30
CUST-106828,41,Male,Spain,647,4,58,2017-08-29,51054.81,2,1,0,54473.19,7,0.6915,-0.0169,1,1,2022-06-30
CUST-106829,53,Female,Germany,811,7,92,2018-10-29,608129.85,2,0,0,47601.28,7,0.5877,-0.4285,1,0,
CUST-106830,35,Female,Germany,507,3,37,2016-08-29,43432.58,2,0,1,95726.08,21,0.0,-0.0224,0,1,2019-09-29
CUST-106831,39,Male,France,711,7,84,2019-06-30,0.0,2,1,1,42246.19,31,0.0,0.0,0,0,
CUST-106832,56,Female,Germany,701,2,30,2020-04-29,50999.73,1,1,1,107666.02,10,0.8397,-0.3422,1,1,2022-10-29
CUST-106833,43,Male,France,622,6,80,2019-10-30,53004.29,1,0,1,81673.77,36,0.0377,-0.1092,0,0,
CUST-106834,42,Female,Spain,648,7,92,2018-10-29,96905.58,2,1,1,30109.25,39,0.038,-0.1157,0,0,
CUST-106835,37,Female,France,690,3,46,2022-08-29,46013.49,2,1,0,112875.93,7,0.2923,-0.0066,0,0,
CUST-106836,58,Male,France,622,3,44,2022-10-29,66816.28,1,0,1,198343.62,20,0.0649,-0.1484,0,0,
CUST-106837,34,Male,France,589,0,8,2018-01-28,51757.13,1,1,0,43121.75,10,0.5926,-0.199,1,1,2018-09-29
CUST-106838,33,Male,Germany,582,6,72,2018-08-29,24586.92,1,1,0,53591.72,6,0.2313,0.0853,0,1,2024-08-29
CUST-106839,34,Male,Spain,829,3,42,2022-12-29,68246.82,1,0,1,34827.88,33,0.2024,0.0786,0,0,
CUST-106840,44,Female,Spain,608,0,6,2018-01-28,0.0,1,0,0,68889.78,6,0.806,0.0,2,1,2018-07-30
CUST-106841,40,Male,Germany,669,1,13,2025-05-30,55666.64,2,1,0,129633.15,10,0.3079,-0.1293,0,0,
CUST-106842,30,Male,Spain,725,4,51,2022-03-30,0.0,1,1,1,48952.67,29,0.0286,0.0,0,0,
CUST-106843,46,Male,Germany,630,3,42,2022-12-29,95141.35,1,1,1,42831.9,27,0.2772,-0.146,0,0,
CUST-106844,43,Female,France,653,3,36,2023-06-30,356672.17,1,1,1,143245.29,13,0.2923,-0.2204,0,0,
CUST-106845,32,Female,Germany,698,0,11,2020-08-29,125495.49,1,1,0,46772.05,9,0.4648,-0.2485,0,1,2021-07-30
CUST-106846,41,Male,France,569,8,96,2018-06-30,42784.39,2,0,1,48099.05,28,0.0,-0.09,0,0,
CUST-106847,49,Male,France,503,2,27,2024-03-30,0.0,1,1,1,62478.66,42,0.0247,0.0,0,0,
CUST-106848,35,Male,France,580,0,3,2026-03-30,41629.48,2,1,1,27357.99,28,0.1141,0.1634,0,0,
CUST-106849,25,Male,France,816,6,80,2019-10-30,97054.1,1,1,1,44774.6,30,0.1268,-0.0288,0,0,
CUST-106850,36,Male,Spain,595,6,73,2020-05-30,0.0,2,1,0,198550.48,17,0.4056,0.0,1,0,
CUST-106851,34,Female,Spain,663,5,66,2020-12-29,0.0,1,0,0,105685.71,11,0.358,0.0,0,0,
CUST-106852,24,Male,France,523,8,98,2018-04-30,0.0,2,0,0,99864.1,12,0.4574,0.0,1,0,
CUST-106853,33,Male,Germany,779,8,101,2018-01-28,258584.35,2,0,1,100645.41,25,0.1812,0.2851,0,0,
CUST-106854,29,Female,France,621,9,116,2016-10-29,64357.67,1,0,0,100798.43,15,0.0,-0.197,0,0,
CUST-106855,53,Female,France,606,7,90,2018-12-29,44980.91,2,0,1,57039.48,26,0.2442,0.1381,0,0,
CUST-106856,53,Male,France,637,6,79,2019-11-29,0.0,2,1,0,68774.18,12,0.2099,0.0,0,0,
CUST-106857,42,Male,France,850,3,39,2023-03-30,0.0,1,0,1,87460.85,18,0.16,0.0,0,0,
CUST-106858,36,Female,France,692,2,27,2024-03-30,0.0,2,1,0,55137.4,14,0.0659,0.0,0,0,
CUST-106859,34,Male,France,635,7,90,2018-12-29,125926.01,2,0,0,147971.22,17,0.0,0.0324,0,0,
CUST-106860,48,Female,France,373,8,104,2017-10-29,0.0,2,1,0,28295.05,13,0.1641,0.0,0,0,
CUST-106861,35,Female,France,780,2,26,2024-04-29,0.0,1,1,1,60371.9,21,0.0273,0.0,0,0,
CUST-106862,37,Female,Spain,583,5,64,2021-02-28,76327.69,2,1,1,132274.57,15,0.487,-0.1483,0,0,
CUST-106863,40,Male,France,568,6,82,2019-08-30,15572.54,2,1,1,124403.56,27,0.3422,-0.1665,0,0,
CUST-106864,57,Male,France,577,9,108,2017-06-29,90788.8,2,1,0,54622.39,15,0.2844,-0.1216,0,0,
CUST-106865,26,Female,Germany,791,6,72,2020-06-29,178708.0,1,1,0,85458.48,13,0.2392,-0.1006,0,0,
CUST-106866,32,Male,France,646,0,2,2026-04-30,324209.24,1,1,0,85034.0,6,0.3593,-0.0115,0,0,
CUST-106867,27,Male,Germany,504,0,7,2025-11-28,169435.85,1,1,1,238017.57,23,0.0,-0.0588,0,0,
CUST-106868,42,Female,France,630,6,80,2019-10-30,0.0,1,0,0,46379.43,13,0.2522,0.0,0,0,
CUST-106869,26,Male,Germany,570,4,59,2021-07-30,43858.34,1,1,1,80736.38,20,0.1734,-0.1347,0,0,
CUST-106870,31,Female,Germany,685,6,75,2020-03-30,187084.27,1,1,1,57280.3,27,0.2437,0.0509,0,0,
CUST-106871,39,Female,Germany,613,1,17,2025-01-28,35316.69,2,1,1,166502.13,14,0.0182,0.2648,0,0,
CUST-106872,46,Female,Germany,499,1,18,2024-12-29,142738.46,2,1,0,66705.85,6,0.3814,-0.0645,0,0,
CUST-106873,36,Male,France,642,9,112,2017-02-28,59651.99,1,1,1,51159.89,30,0.1451,0.2098,0,0,
CUST-106874,31,Female,France,645,7,86,2017-09-29,0.0,1,0,0,108036.85,5,0.3038,0.0,0,1,2024-11-28
CUST-106875,34,Female,France,530,8,99,2018-03-30,35963.78,2,1,0,46425.23,12,0.0852,-0.0873,0,0,
CUST-106876,34,Male,Germany,462,3,42,2022-12-29,116429.93,1,1,0,79804.66,16,0.3118,0.0466,0,0,
CUST-106877,47,Female,France,677,0,3,2026-03-30,0.0,1,1,0,104108.03,8,0.1354,0.0,0,0,
CUST-106878,31,Male,France,623,1,12,2025-06-29,363067.08,2,1,0,27762.55,11,0.2821,0.0924,0,0,
CUST-106879,47,Male,Germany,629,3,39,2023-03-30,61131.51,2,1,0,46011.55,8,0.2179,-0.2627,0,0,
CUST-106880,36,Female,France,722,9,110,2017-04-29,0.0,2,1,1,206055.31,23,0.1612,0.0,0,0,
CUST-106881,50,Male,France,464,2,33,2023-09-29,0.0,2,1,1,81285.37,46,0.0723,0.0,1,0,
CUST-106882,38,Male,Germany,656,7,93,2018-09-29,75214.17,2,1,1,38491.05,18,0.2472,-0.3044,0,0,
CUST-106883,32,Female,France,714,4,54,2021-12-29,0.0,2,1,1,77913.21,19,0.0471,0.0,0,0,
CUST-106884,50,Male,Spain,632,1,16,2025-02-28,75769.12,2,1,1,25698.65,21,0.0314,-0.2148,0,0,
CUST-106885,66,Male,Spain,514,0,9,2020-10-29,0.0,1,1,0,78867.42,8,0.6561,0.0,0,1,2021-07-30
CUST-106886,39,Male,Spain,587,6,79,2019-11-29,0.0,1,0,0,89423.53,10,0.5538,0.0,1,0,
CUST-106887,48,Female,France,607,7,84,2019-06-30,72452.42,2,1,0,68598.83,10,0.0664,-0.0793,0,0,
CUST-106888,38,Female,France,498,2,30,2023-12-29,0.0,1,1,1,47775.63,23,0.2943,0.0,0,0,
CUST-106889,31,Male,Germany,686,2,25,2024-05-30,157982.66,2,1,1,192411.59,44,0.1967,0.1638,0,0,
CUST-106890,51,Female,Germany,650,3,39,2023-03-30,195109.14,2,1,0,59992.38,10,0.6074,-0.1016,0,0,
CUST-106891,28,Male,Germany,588,0,7,2019-11-29,226905.02,4,1,0,25422.2,5,0.5367,-0.3873,1,1,2020-06-29
CUST-106892,27,Male,France,745,3,44,2022-10-29,0.0,1,1,0,65789.27,4,0.1109,0.0,1,0,
CUST-106893,51,Male,France,600,2,30,2023-12-29,32692.97,1,1,1,137065.26,24,0.0526,0.1386,0,0,
CUST-106894,35,Male,France,792,6,75,2020-03-30,0.0,1,0,1,175367.64,19,0.2492,0.0,0,0,
CUST-106895,29,Male,France,624,4,57,2021-09-29,0.0,1,0,1,16345.79,19,0.1433,0.0,0,0,
CUST-106896,58,Female,France,558,2,26,2019-02-28,78642.09,1,0,0,45475.64,6,0.7527,-0.1967,1,1,2021-04-29
CUST-106897,45,Female,Spain,561,1,13,2025-05-30,586060.37,1,1,1,58592.46,20,0.185,0.0721,0,0,
CUST-106898,36,Female,France,659,9,112,2017-02-28,0.0,2,1,1,78870.62,32,0.2128,0.0,0,0,
CUST-106899,41,Female,Germany,547,1,16,2016-12-29,38688.41,1,1,0,34028.81,10,0.5685,-0.2436,1,1,2018-04-30
CUST-106900,39,Male,Spain,664,8,105,2017-09-29,110523.67,2,0,1,97708.0,18,0.293,-0.1651,1,0,
CUST-106901,45,Male,France,612,0,3,2026-03-30,0.0,1,1,1,119946.09,31,0.1966,0.0,1,0,
CUST-106902,36,Male,Germany,609,1,23,2017-07-30,50133.2,1,1,0,44272.62,5,0.4599,-0.1547,1,1,2019-06-30
CUST-106903,46,Male,Germany,646,0,11,2025-07-30,165849.12,2,1,1,70149.02,17,0.2794,0.1049,0,0,
CUST-106904,39,Female,France,746,1,19,2017-07-30,35531.62,2,1,0,112690.93,8,0.262,-0.0171,0,1,2019-02-28
CUST-106905,24,Male,France,598,9,110,2017-04-29,0.0,1,0,1,190454.99,25,0.12,0.0,1,0,
CUST-106906,33,Male,Spain,668,3,43,2022-11-29,69153.54,1,1,0,128656.11,11,0.0885,-0.1362,0,0,
CUST-106907,43,Male,Germany,693,2,32,2016-08-29,63282.19,1,1,0,54048.77,17,0.3408,0.0274,0,1,2019-04-30
CUST-106908,27,Female,Spain,534,4,54,2021-12-29,0.0,2,1,0,92389.99,5,0.1215,0.0,1,0,
CUST-106909,39,Male,Spain,700,3,46,2022-08-29,0.0,2,1,0,63272.64,10,0.4012,0.0,0,0,
CUST-106910,35,Female,France,728,1,21,2024-09-28,121282.24,2,1,0,47678.1,5,0.2722,0.0783,0,0,
CUST-106911,59,Male,Germany,743,1,16,2017-02-28,115044.72,1,1,1,94569.89,6,0.8877,-0.3842,1,1,2018-06-30
CUST-106912,46,Male,Germany,544,5,68,2020-10-29,6712.28,1,0,1,94035.98,14,0.2727,-0.3205,4,0,
CUST-106913,27,Male,Germany,550,4,49,2022-05-30,256317.93,1,1,1,71700.67,29,0.0852,0.1774,0,0,
CUST-106914,44,Female,Germany,645,2,31,2022-06-30,131151.41,2,1,0,124944.87,2,0.0405,-0.1513,1,1,2025-01-28
CUST-106915,34,Female,Germany,639,1,13,2017-05-30,76403.87,3,0,0,61609.51,10,0.7055,-0.388,1,1,2018-06-30
CUST-106916,38,Male,Spain,652,9,117,2016-09-28,45342.16,1,1,1,68456.69,19,0.3255,-0.2455,0,0,
CUST-106917,35,Male,France,616,8,96,2018-06-30,153463.46,1,0,1,80248.63,26,0.1959,0.0673,0,0,
CUST-106918,59,Male,Germany,668,0,6,2025-12-29,53073.37,2,1,1,85940.82,27,0.0,-0.1446,0,0,
CUST-106919,58,Male,France,405,1,14,2019-01-29,62282.11,1,1,0,43313.89,2,0.4757,-0.2972,0,1,2020-03-30
CUST-106920,31,Male,Germany,713,4,59,2021-07-30,69212.17,2,0,0,203298.76,8,0.1658,0.109,0,0,
CUST-106921,50,Male,Spain,791,0,11,2025-07-30,64690.57,2,1,0,104215.65,6,0.4956,0.0775,0,0,
CUST-106922,32,Female,Spain,597,8,99,2018-03-30,71489.44,2,1,0,72067.73,10,0.0545,0.115,1,0,
CUST-106923,31,Female,France,669,3,36,2023-06-30,0.0,2,0,1,72920.03,23,0.2369,0.0,1,0,
CUST-106924,39,Female,Germany,811,3,39,2019-11-29,123278.72,1,0,1,69056.13,7,0.7996,-0.6704,0,1,2023-02-28
CUST-106925,37,Female,France,653,6,77,2020-01-29,45533.05,1,0,1,160891.27,34,0.0745,-0.0979,0,0,
CUST-106926,30,Female,France,679,8,104,2017-10-29,77958.13,2,1,1,121957.75,17,0.0866,0.0609,0,0,
CUST-106927,26,Female,France,827,0,5,2026-01-28,59286.85,1,0,0,102086.44,16,0.2881,0.2023,0,0,
CUST-106928,38,Male,Spain,845,9,116,2016-10-29,86565.11,1,0,0,281356.07,4,0.7314,-0.4139,1,0,
CUST-106929,30,Male,France,548,8,106,2017-08-29,0.0,2,1,1,99711.72,24,0.0212,0.0,2,0,
CUST-106930,35,Male,Spain,610,3,39,2018-09-29,62793.58,1,1,0,43892.99,4,0.8526,-0.5557,1,1,2021-12-29
CUST-106931,51,Female,France,736,1,21,2023-07-30,0.0,2,1,0,108184.23,11,0.3276,0.0,0,1,2025-04-29
CUST-106932,36,Male,Germany,698,4,51,2022-03-30,177853.8,2,1,0,96534.48,2,0.5216,-0.4069,3,0,
CUST-106933,26,Male,Germany,718,1,20,2024-10-29,112379.66,1,1,1,154428.1,34,0.0671,0.1783,0,0,
CUST-106934,50,Male,Germany,398,1,23,2024-07-29,205620.28,1,0,1,108489.89,31,0.0643,0.0485,0,0,
CUST-106935,42,Female,Germany,462,1,23,2024-07-29,235258.98,1,1,1,77675.72,30,0.0989,-0.1158,0,0,
CUST-106936,47,Female,Germany,821,3,37,2023-05-30,61339.6,1,0,1,122341.15,19,0.1482,0.2724,1,0,
CUST-106937,37,Female,Spain,724,5,70,2020-08-29,322161.8,1,1,1,28574.95,18,0.4064,0.0127,0,0,
CUST-106938,37,Female,Germany,684,0,1,2026-05-30,63978.69,2,1,0,93704.75,18,0.2222,0.1361,1,0,
CUST-106939,68,Female,France,531,1,19,2024-11-28,0.0,2,0,0,98560.9,8,0.5165,0.0,0,0,
CUST-106940,42,Male,France,610,0,4,2026-02-28,0.0,1,0,0,34578.94,13,0.2933,0.0,0,0,
CUST-106941,49,Female,Germany,705,6,78,2019-12-29,138134.31,2,1,0,77076.22,2,0.1798,-0.0347,0,0,
CUST-106942,88,Female,France,517,2,29,2019-11-29,424417.19,1,0,0,50007.28,5,0.7142,-0.1348,2,1,2022-04-30
CUST-106943,67,Male,Germany,582,5,66,2017-04-29,174684.45,1,0,0,56606.76,3,0.6124,-0.579,1,1,2022-10-29
CUST-106944,28,Female,Germany,686,8,106,2017-08-29,245667.54,2,1,0,119681.99,13,0.0,0.0388,0,0,
CUST-106945,30,Female,France,707,9,110,2017-04-29,0.0,1,1,0,40798.39,5,0.2803,0.0,1,0,
CUST-106946,27,Female,Spain,600,3,43,2022-11-29,55419.33,3,1,1,63554.12,19,0.251,-0.2152,0,0,
CUST-106947,37,Female,Germany,744,4,52,2019-08-30,134697.24,1,1,0,43255.13,3,0.6187,-0.3746,0,1,2023-12-29
CUST-106948,73,Male,Germany,741,5,65,2021-01-28,53617.77,2,1,1,81505.44,30,0.0,-0.0823,0,0,
CUST-106949,21,Male,Germany,478,2,32,2023-10-30,95997.93,2,1,1,86535.01,39,0.0678,0.1835,0,0,
CUST-106950,32,Male,Spain,807,9,119,2016-07-29,92978.0,2,1,1,35448.31,19,0.1482,0.1061,0,0,
CUST-106951,37,Female,Germany,762,4,51,2022-03-30,115632.39,2,0,1,59677.82,25,0.0034,0.0056,0,0,
CUST-106952,29,Female,Spain,670,8,101,2018-01-28,0.0,1,1,1,64912.36,18,0.0874,0.0,0,0,
CUST-106953,35,Female,France,637,2,31,2023-11-29,0.0,2,1,0,76770.8,8,0.0622,0.0,1,0,
CUST-106954,35,Female,Germany,726,0,8,2017-08-29,88782.06,1,0,0,121287.04,8,0.5714,-0.2406,0,1,2018-04-30
CUST-106955,27,Female,Germany,701,5,67,2020-11-28,66237.29,1,1,1,42529.47,18,0.1509,-0.0161,0,0,
CUST-106956,47,Male,France,624,1,23,2024-07-29,233255.42,1,1,0,57531.71,6,0.005,-0.0006,0,0,
CUST-106957,35,Male,France,804,0,4,2026-02-28,0.0,2,1,0,148033.89,8,0.4546,0.0,0,0,
CUST-106958,29,Male,Germany,448,6,81,2019-09-29,254861.95,2,1,0,110719.16,4,0.2038,-0.2271,0,0,
CUST-106959,37,Female,France,586,3,41,2022-02-28,13642.55,1,0,1,42414.12,21,0.1505,-0.1856,1,1,2025-07-30
CUST-106960,46,Male,Spain,693,0,5,2021-11-28,90628.9,2,1,1,67616.78,17,0.5962,-0.3569,2,1,2022-04-30
CUST-106961,36,Female,France,645,2,33,2023-09-29,247033.57,1,0,1,90486.43,15,0.2065,0.0812,0,0,
CUST-106962,29,Female,France,717,0,7,2025-11-28,0.0,2,0,0,117285.87,10,0.1897,0.0,0,0,
CUST-106963,39,Male,Germany,516,2,29,2024-01-29,27056.22,2,1,1,85825.92,37,0.0754,-0.0209,0,0,
CUST-106964,65,Female,France,626,7,87,2019-03-30,27987.42,1,1,1,90177.23,36,0.0465,-0.0254,1,0,
CUST-106965,32,Female,France,760,2,26,2024-04-29,97640.72,2,0,1,91368.86,33,0.0269,0.1117,1,0,
CUST-106966,30,Female,Germany,507,2,31,2023-11-29,51144.7,2,1,1,73788.4,25,0.0,-0.0445,1,0,
CUST-106967,33,Male,Germany,627,2,29,2024-01-29,121330.83,2,1,0,30145.47,6,0.3084,-0.0091,1,0,
CUST-106968,30,Male,France,599,6,74,2020-04-29,0.0,3,0,0,54596.68,11,0.2979,0.0,0,0,
CUST-106969,31,Male,Germany,685,1,19,2024-11-28,52469.7,1,1,1,142171.73,25,0.1275,-0.1241,1,0,
CUST-106970,28,Male,Germany,688,4,52,2022-02-28,134499.97,1,1,0,115665.2,12,0.0306,-0.0222,1,0,
CUST-106971,49,Female,Spain,659,0,9,2025-09-29,94485.56,2,1,1,71403.11,19,0.0809,-0.0202,1,0,
CUST-106972,45,Female,France,622,0,11,2025-01-28,0.0,1,1,0,62980.98,5,0.7656,0.0,0,1,2025-12-29
CUST-106973,34,Female,France,656,5,69,2020-09-28,40762.03,1,1,0,47879.96,7,0.2778,-0.0155,0,0,
CUST-106974,32,Male,Spain,634,6,73,2020-05-30,133688.07,1,1,0,44758.13,15,0.2854,-0.2002,0,0,
CUST-106975,41,Female,Germany,647,9,115,2016-11-28,142895.74,2,1,1,121251.33,36,0.2865,-0.1472,0,0,
CUST-106976,39,Male,France,790,7,94,2018-08-29,0.0,2,0,1,60498.81,25,0.2137,0.0,0,0,
CUST-106977,38,Male,Spain,535,5,63,2021-03-30,79165.2,2,1,0,84700.54,12,0.2264,-0.0207,0,0,
CUST-106978,54,Female,France,683,2,35,2023-07-30,15745.29,2,1,0,270474.7,9,0.0703,-0.0347,0,0,
CUST-106979,43,Female,Spain,560,6,78,2019-12-29,0.0,2,1,1,76136.32,33,0.0,0.0,0,0,
CUST-106980,92,Female,Germany,838,6,72,2020-06-29,142254.59,2,1,1,47573.22,25,0.2446,0.0387,0,0,
CUST-106981,33,Female,Spain,659,7,89,2019-01-29,0.0,1,1,1,116561.73,21,0.1302,0.0,0,0,
CUST-106982,66,Male,Spain,528,0,1,2019-08-30,0.0,3,1,0,130151.32,9,0.195,0.0,1,1,2019-09-29
CUST-106983,42,Male,France,628,0,10,2025-08-29,0.0,2,1,0,24732.41,10,0.4272,0.0,0,0,
CUST-106984,29,Male,Spain,510,5,60,2021-06-29,101547.31,2,1,1,142995.92,22,0.2611,-0.0238,2,0,
CUST-106985,31,Female,France,589,5,65,2021-01-28,0.0,2,1,0,43841.96,13,0.063,0.0,0,0,
CUST-106986,44,Male,Germany,709,8,100,2018-02-28,331510.12,2,1,1,174861.31,22,0.0,0.1207,0,0,
CUST-106987,27,Male,Germany,781,5,64,2021-02-28,26176.12,1,0,0,145198.03,14,0.2902,0.0777,0,0,
CUST-106988,36,Male,France,754,8,96,2018-06-30,85185.85,2,1,1,77323.62,24,0.0782,0.0763,1,0,
CUST-106989,75,Female,France,640,1,20,2021-01-28,195852.25,1,1,1,45232.78,21,0.3141,-0.3559,0,1,2022-09-29
CUST-106990,22,Female,France,705,2,25,2024-05-30,0.0,2,1,1,131762.28,28,0.1475,0.0,0,0,
CUST-106991,36,Male,France,728,6,76,2020-02-28,29205.12,2,1,0,90678.48,19,0.511,0.1436,0,0,
CUST-106992,31,Male,France,850,2,33,2023-09-29,75919.38,1,0,1,47040.26,34,0.0462,0.027,0,0,
CUST-106993,67,Female,Spain,592,7,88,2018-08-29,197328.12,1,1,1,96046.76,11,0.5092,-0.1746,2,1,2025-12-29
CUST-106994,36,Female,Germany,795,7,86,2019-04-30,89242.75,1,1,0,38697.24,7,0.3194,0.1635,1,0,
CUST-106995,30,Male,Spain,545,7,90,2018-12-29,151484.28,2,0,1,83447.5,26,0.4876,-0.4683,1,0,
CUST-106996,27,Male,Spain,763,2,33,2023-09-29,187151.82,2,1,1,84332.2,23,0.1007,0.1474,0,0,
CUST-106997,28,Female,Germany,590,1,12,2025-06-29,28588.2,1,0,0,93645.02,8,0.4158,-0.2438,0,0,
CUST-106998,64,Female,France,584,4,59,2019-01-29,45554.39,1,0,1,140123.33,12,0.3406,-0.2836,1,1,2023-12-29
CUST-106999,23,Male,Spain,623,3,42,2022-12-29,49942.98,1,1,1,54839.9,32,0.0,-0.3441,0,0,
CUST-107000,42,Female,Germany,576,3,47,2020-10-29,80724.55,1,1,0,50643.43,5,0.3898,-0.3365,1,1,2024-09-28
CUST-107001,56,Female,Germany,691,2,31,2021-09-29,82727.72,2,1,0,73083.96,6,0.2053,-0.0592,1,1,2024-04-29
CUST-107002,36,Male,Spain,768,0,7,2025-11-28,0.0,2,1,0,112740.22,11,0.4996,0.0,1,0,
CUST-107003,28,Male,Germany,447,1,16,2025-02-28,47446.69,1,1,1,64158.66,33,0.2875,0.1322,0,0,
CUST-107004,42,Female,Germany,633,0,9,2025-09-29,287621.76,2,1,0,29750.59,8,0.1732,-0.1011,0,0,
CUST-107005,30,Male,Spain,546,2,26,2024-04-29,273628.77,3,0,1,62285.56,26,0.0,-0.0093,0,0,
CUST-107006,32,Male,France,737,0,5,2026-01-28,180128.5,2,0,0,78583.34,12,0.1125,-0.0246,0,0,
CUST-107007,30,Female,Spain,786,7,94,2018-08-29,0.0,1,1,0,46943.05,8,0.295,0.0,0,0,
CUST-107008,31,Male,France,633,4,48,2022-06-30,76083.41,2,1,0,19760.61,7,0.0718,0.1923,0,0,
CUST-107009,48,Female,France,582,4,59,2021-07-30,26776.99,1,1,1,85462.69,27,0.023,0.0452,0,0,
CUST-107010,35,Male,Germany,495,4,56,2021-10-29,31426.12,1,0,1,35062.97,23,0.0,-0.2584,0,0,
CUST-107011,43,Male,France,837,4,52,2022-02-28,102663.55,1,1,1,122608.78,15,0.0189,0.0301,0,0,
CUST-107012,43,Male,Spain,777,7,93,2018-09-29,0.0,1,1,1,255630.32,19,0.0,0.0,0,0,
CUST-107013,37,Female,France,460,4,52,2022-02-28,49049.19,2,1,1,44033.86,22,0.1381,0.0337,0,0,
CUST-107014,57,Female,Germany,713,8,106,2017-08-29,168149.7,2,0,1,87369.77,34,0.164,-0.0038,0,0,
CUST-107015,29,Female,France,543,6,80,2019-10-30,79051.27,1,1,1,84870.82,22,0.4166,-0.0236,1,0,
CUST-107016,36,Male,Spain,601,8,96,2016-11-28,30603.75,1,1,0,30954.46,10,0.261,0.1405,0,1,2024-11-28
CUST-107017,24,Female,France,530,7,85,2019-05-30,0.0,1,1,1,18987.23,17,0.3146,0.0,1,0,
CUST-107018,38,Male,France,458,1,16,2021-06-29,0.0,2,0,0,34158.85,8,0.2983,0.0,1,1,2022-10-29
CUST-107019,47,Female,France,646,1,19,2024-11-28,0.0,1,1,0,60930.11,15,0.3607,0.0,0,0,
CUST-107020,27,Male,Germany,832,7,90,2018-12-29,30487.11,1,1,1,275315.06,21,0.2678,0.075,0,0,
CUST-107021,32,Female,Spain,561,0,10,2025-08-29,222018.08,3,1,1,98663.6,28,0.2971,0.0182,0,0,
CUST-107022,31,Male,Spain,736,7,85,2019-05-30,0.0,1,1,1,44269.78,22,0.0741,0.0,1,0,
CUST-107023,21,Male,France,751,6,81,2019-09-29,284703.94,1,1,1,44036.66,28,0.0459,-0.0484,0,0,
CUST-107024,28,Female,France,719,3,37,2023-05-30,170918.55,3,1,1,49405.11,19,0.2759,0.0481,0,0,
CUST-107025,44,Male,France,842,1,17,2022-03-30,0.0,1,1,1,25615.4,15,0.4549,0.0,0,1,2023-08-30
CUST-107026,36,Male,Germany,742,0,5,2022-02-28,107574.49,1,1,1,44251.93,9,0.5087,-0.4769,1,1,2022-07-30
CUST-107027,40,Female,Germany,823,1,12,2025-06-29,108889.29,1,0,1,92776.66,11,0.5864,-0.3684,0,0,
CUST-107028,47,Male,France,540,4,52,2018-04-30,0.0,1,1,1,63569.21,30,0.151,0.0,0,1,2022-08-29
CUST-107029,62,Female,Germany,722,1,13,2025-03-30,43946.59,2,1,0,57526.35,4,0.7585,-0.3299,2,1,2026-04-30
CUST-107030,28,Female,Spain,795,3,42,2022-12-29,71020.02,2,0,0,113895.99,9,0.2347,-0.1519,1,0,
CUST-107031,43,Female,France,576,9,116,2016-10-29,37175.31,2,1,1,38742.93,19,0.0106,-0.2236,0,0,
CUST-107032,32,Male,France,350,1,20,2024-10-29,104885.79,1,0,1,91131.36,29,0.2425,-0.1001,0,0,
CUST-107033,29,Female,France,528,1,22,2024-08-29,0.0,1,1,0,38451.64,14,0.1873,0.0,2,0,
CUST-107034,34,Male,France,580,1,20,2024-10-29,0.0,2,0,0,113700.54,7,0.5175,0.0,1,0,
CUST-107035,43,Male,France,704,9,115,2016-11-28,0.0,1,0,1,74581.42,19,0.0337,0.0,0,0,
CUST-107036,37,Female,Germany,596,6,75,2019-10-30,216332.64,1,1,1,78784.06,29,0.2826,-0.131,0,1,2026-01-28
CUST-107037,33,Female,France,650,0,1,2026-05-30,53281.08,1,1,1,66859.84,23,0.1437,0.2085,0,0,
CUST-107038,45,Male,Germany,592,2,30,2020-06-29,71233.68,2,1,0,97127.05,6,0.1696,0.0386,0,1,2022-12-29
CUST-107039,44,Male,Spain,638,9,116,2016-10-29,0.0,2,0,0,45033.13,8,0.2814,0.0,1,0,
CUST-107040,33,Female,Spain,644,1,20,2024-10-29,92601.38,1,1,1,125552.06,20,0.1207,-0.1304,0,0,
CUST-107041,43,Male,Germany,589,2,27,2024-03-30,73400.88,1,0,0,62532.6,9,0.1343,0.1855,0,0,
CUST-107042,37,Female,France,729,4,55,2021-11-28,0.0,2,0,0,94479.48,10,0.0,0.0,1,0,
CUST-107043,31,Male,France,783,0,3,2026-03-30,0.0,1,1,1,103491.57,29,0.0773,0.0,0,0,
CUST-107044,43,Male,France,540,7,94,2018-08-29,0.0,1,1,1,47270.73,22,0.0493,0.0,0,0,
CUST-107045,44,Female,Spain,671,2,31,2023-11-29,72074.83,1,1,1,94489.83,12,0.0,-0.0427,0,0,
CUST-107046,28,Female,Spain,513,7,93,2018-09-29,64920.58,1,0,1,47812.93,30,0.0854,-0.0374,0,0,
CUST-107047,42,Male,France,482,6,78,2019-12-29,92705.06,1,1,1,30025.77,24,0.1143,-0.0228,1,0,
CUST-107048,49,Female,France,750,4,49,2022-05-30,47420.34,2,1,1,80073.26,27,0.2443,0.048,0,0,
CUST-107049,28,Male,Germany,843,6,83,2019-07-30,45930.41,1,0,0,236713.79,18,0.283,-0.1534,1,0,
CUST-107050,39,Male,France,618,7,91,2018-11-29,0.0,1,1,1,50219.21,22,0.2693,0.0,0,0,
CUST-107051,28,Male,Spain,826,8,101,2018-01-28,154004.24,2,1,1,95395.76,29,0.0,-0.1171,1,0,
CUST-107052,29,Male,France,588,5,71,2019-05-30,0.0,2,1,0,112963.51,4,0.7259,0.0,2,1,2025-04-29
CUST-107053,25,Female,France,627,4,54,2017-02-28,0.0,2,1,0,38049.4,9,0.6473,0.0,2,1,2021-08-29
CUST-107054,51,Male,France,810,8,106,2017-08-29,111231.45,1,0,0,51240.25,12,0.0815,0.0059,0,0,
CUST-107055,50,Male,France,562,8,106,2017-08-29,76788.11,1,1,0,143154.98,12,0.2402,-0.0355,0,0,
CUST-107056,50,Male,France,738,6,76,2020-02-28,678399.04,1,1,1,103231.91,34,0.019,-0.0945,0,0,
CUST-107057,33,Female,Spain,617,2,30,2023-12-29,72210.2,2,1,1,74842.54,28,0.0587,0.1893,0,0,
CUST-107058,47,Female,France,581,4,52,2022-02-28,35486.43,1,1,0,30246.41,8,0.1629,-0.0734,0,0,
CUST-107059,29,Male,Germany,601,7,94,2018-08-29,163144.39,2,0,0,52416.98,8,0.4045,0.0606,0,0,
CUST-107060,28,Male,France,442,2,31,2023-11-29,158944.56,2,0,1,95874.79,24,0.1547,0.1663,0,0,
CUST-107061,33,Female,France,771,1,22,2024-08-29,73603.21,1,0,0,12778.04,14,0.1592,0.0324,1,0,
CUST-107062,49,Male,France,672,9,108,2017-06-29,125975.32,2,1,1,112539.74,34,0.103,-0.0036,0,0,
CUST-107063,39,Female,France,636,9,116,2016-10-29,0.0,2,1,1,134178.35,17,0.1054,0.0,0,0,
CUST-107064,33,Female,France,583,5,63,2021-03-30,0.0,1,1,0,193810.85,6,0.0468,0.0,1,0,
CUST-107065,32,Female,France,680,7,86,2019-04-30,137162.94,2,1,0,145077.83,10,0.3626,-0.2085,0,0,
CUST-107066,51,Male,Spain,735,7,90,2018-12-29,0.0,2,1,1,89772.33,27,0.0962,0.0,0,0,
CUST-107067,45,Male,Germany,624,8,98,2018-04-30,31515.29,2,1,1,110484.74,31,0.11,-0.0867,0,0,
CUST-107068,52,Male,Spain,743,1,16,2024-06-29,52132.09,1,1,0,59191.35,8,0.6917,-0.2928,1,1,2025-10-29
CUST-107069,51,Male,France,676,6,81,2019-09-29,192034.6,2,1,1,53135.09,44,0.1084,-0.1216,0,0,
CUST-107070,25,Male,Germany,641,5,66,2020-12-29,137341.15,1,1,1,91592.16,27,0.0496,0.0268,0,0,
CUST-107071,49,Female,Germany,738,0,6,2023-04-30,20486.27,1,1,0,45779.58,8,0.4561,-0.2537,0,1,2023-10-30
CUST-107072,45,Male,France,601,2,27,2024-03-30,18315.33,1,1,0,56920.06,8,0.1444,-0.1005,0,0,
CUST-107073,29,Male,France,530,0,4,2020-04-29,11207.98,2,0,0,240218.85,11,0.2968,-0.1296,0,1,2020-08-29
CUST-107074,33,Male,Germany,645,4,58,2021-08-29,127598.74,1,1,0,47929.85,13,0.1941,-0.0568,0,0,
CUST-107075,35,Male,Spain,653,5,63,2021-03-30,0.0,2,1,0,82003.18,13,0.4099,0.0,0,0,
CUST-107076,61,Female,France,629,1,13,2025-05-30,0.0,1,1,0,29470.51,9,0.1974,0.0,0,0,
CUST-107077,37,Male,France,764,8,99,2018-03-30,0.0,2,1,0,45802.19,8,0.4279,0.0,0,0,
CUST-107078,45,Female,Spain,698,5,63,2021-03-30,0.0,1,0,1,46023.69,23,0.2368,0.0,0,0,
CUST-107079,49,Female,France,639,7,87,2019-03-30,56649.62,1,0,0,67218.06,12,0.0865,0.2712,1,0,
CUST-107080,33,Male,Spain,649,4,52,2022-02-28,275761.51,1,1,1,44375.33,21,0.1362,-0.0782,0,0,
CUST-107081,51,Female,Spain,658,7,84,2019-06-30,0.0,1,1,1,61485.43,19,0.4873,0.0,1,0,
CUST-107082,36,Male,Spain,701,6,80,2019-10-30,186747.25,2,0,0,54356.86,9,0.1991,0.3296,0,0,
CUST-107083,76,Male,Spain,655,8,106,2017-08-29,303711.8,2,1,1,64408.31,30,0.1259,0.1851,0,0,
CUST-107084,29,Female,France,635,2,26,2024-04-29,214269.88,2,1,1,28720.66,23,0.0699,-0.1196,0,0,
CUST-107085,35,Female,Germany,522,8,105,2017-01-28,39483.64,1,1,0,30385.66,8,0.3307,0.0071,0,1,2025-10-29
CUST-107086,50,Male,Spain,582,7,85,2019-05-30,0.0,2,1,0,109985.79,14,0.1697,0.0,0,0,
CUST-107087,31,Male,Germany,677,4,59,2017-06-29,20369.6,1,0,0,52211.7,5,0.6425,-0.4465,1,1,2022-05-30
CUST-107088,46,Male,France,668,9,112,2017-02-28,0.0,2,1,0,79824.81,12,0.2368,0.0,0,0,
CUST-107089,34,Male,France,507,0,3,2026-03-30,192243.84,1,1,0,88735.3,3,0.1699,-0.1407,0,0,
CUST-107090,28,Female,France,596,6,82,2019-08-30,0.0,2,1,1,74542.04,19,0.0815,0.0,0,0,
CUST-107091,27,Male,France,561,8,105,2017-09-29,125782.26,1,1,0,34137.28,10,0.2511,-0.0307,0,0,
CUST-107092,39,Female,Germany,781,2,25,2020-08-29,326008.1,2,0,1,23139.05,13,0.5223,-0.5021,1,1,2022-09-29
CUST-107093,42,Female,Spain,674,1,21,2024-09-28,83561.09,2,1,0,56825.38,11,0.1856,0.1743,0,0,
CUST-107094,29,Male,Spain,691,4,59,2021-07-30,0.0,2,1,1,72852.04,22,0.016,0.0,0,0,
CUST-107095,43,Female,Germany,644,1,17,2018-05-30,70275.49,3,1,1,154034.71,10,0.5277,-0.2523,1,1,2019-10-30
CUST-107096,27,Female,France,590,7,84,2019-06-30,64685.66,2,1,0,210886.93,9,0.0546,0.3985,0,0,
CUST-107097,33,Male,France,607,1,15,2025-03-30,60810.62,1,1,1,86452.08,22,0.1666,-0.2218,0,0,
CUST-107098,36,Male,France,697,0,8,2016-07-29,0.0,1,1,0,68070.55,4,0.567,0.0,1,1,2017-03-30
CUST-107099,35,Female,France,625,0,8,2018-02-28,0.0,1,1,1,68108.43,17,0.0382,0.0,0,1,2018-10-29
CUST-107100,38,Female,France,698,6,82,2019-08-30,71258.06,1,1,1,69254.88,40,0.078,0.1107,0,0,
CUST-107101,36,Male,France,664,0,7,2025-11-28,0.0,1,1,1,48767.61,20,0.2108,0.0,0,0,
CUST-107102,34,Female,France,678,1,16,2025-02-28,93494.33,2,1,0,149879.92,9,0.2273,-0.06,0,0,
CUST-107103,34,Female,Germany,683,1,14,2025-04-29,35488.92,2,1,1,56628.4,20,0.0,-0.0975,0,0,
CUST-107104,31,Female,France,599,0,6,2025-12-29,75008.9,1,1,1,85856.3,26,0.2848,0.058,0,0,
CUST-107105,43,Male,France,620,9,115,2016-11-28,150479.69,2,1,0,85144.51,14,0.0877,-0.0935,0,0,
CUST-107106,35,Male,France,737,0,11,2025-07-30,0.0,2,1,1,19670.05,32,0.2473,0.0,0,0,
CUST-107107,31,Female,Germany,825,6,75,2020-03-30,131403.08,2,1,0,40428.23,9,0.2838,-0.0793,0,0,
CUST-107108,42,Male,Germany,738,0,1,2026-05-30,155028.91,2,1,1,86121.48,35,0.0954,0.0308,0,0,
CUST-107109,41,Male,France,382,6,77,2020-01-29,0.0,2,1,1,140988.05,19,0.0229,0.0,1,0,
CUST-107110,29,Female,France,577,7,91,2018-11-29,0.0,1,1,0,79353.57,10,0.3968,0.0,0,0,
CUST-107111,54,Male,Spain,661,2,34,2019-07-30,48639.01,3,1,0,103747.26,6,0.5006,-0.2562,2,1,2022-05-30
CUST-107112,33,Female,Germany,545,1,16,2022-06-30,84399.59,1,0,0,39057.99,3,0.7404,-0.2323,1,1,2023-10-30
CUST-107113,33,Male,Germany,540,2,30,2022-03-30,58047.32,1,1,1,73077.16,22,0.0196,-0.1073,0,1,2024-09-28
CUST-107114,36,Female,Germany,610,2,28,2024-02-28,75765.99,2,1,0,37698.77,7,0.0713,-0.0224,0,0,
CUST-107115,40,Male,Spain,683,1,18,2023-12-29,0.0,1,1,1,110253.43,24,0.2348,0.0,0,1,2025-06-29
CUST-107116,37,Female,Spain,709,6,75,2020-03-30,83282.03,1,1,1,73716.02,30,0.2348,0.0454,0,0,
CUST-107117,30,Male,France,615,0,5,2026-01-28,243838.35,1,1,0,186997.28,15,0.3005,0.1314,0,0,
CUST-107118,25,Male,Germany,607,8,107,2017-07-30,253638.98,1,0,1,71142.19,19,0.0731,-0.0091,1,0,
CUST-107119,54,Female,France,569,0,11,2025-07-30,151071.98,1,1,0,30211.36,14,0.135,0.0533,0,0,
CUST-107120,29,Female,Germany,699,0,5,2026-01-28,46921.78,1,1,0,86224.07,12,0.2065,-0.2519,0,0,
CUST-107121,41,Male,France,692,0,8,2025-10-29,0.0,1,1,0,55925.71,6,0.3896,0.0,1,0,
CUST-107122,37,Male,France,737,2,26,2024-04-29,0.0,2,0,1,121539.07,19,0.334,0.0,1,0,
CUST-107123,24,Female,Spain,662,5,60,2021-06-29,69613.72,1,1,0,48244.43,10,0.3496,0.116,0,0,
CUST-107124,31,Female,Spain,524,2,25,2024-05-30,229253.51,2,1,0,143233.16,10,0.1772,0.2481,0,0,
CUST-107125,58,Male,France,617,4,57,2021-09-29,68736.24,2,1,1,33537.42,31,0.0,-0.0889,0,0,
CUST-107126,25,Female,Spain,732,0,7,2025-11-28,0.0,2,0,1,156518.2,27,0.0428,0.0,0,0,
CUST-107127,34,Male,France,483,4,59,2021-07-30,0.0,1,1,0,33845.03,14,0.1709,0.0,0,0,
CUST-107128,40,Female,France,642,1,15,2025-03-30,29999.05,2,1,1,46685.46,20,0.3093,-0.064,1,0,
CUST-107129,29,Male,Spain,677,4,52,2022-02-28,0.0,1,1,1,104604.24,27,0.0933,0.0,0,0,
CUST-107130,38,Male,France,842,3,40,2023-02-28,0.0,2,0,0,233786.91,6,0.1209,0.0,0,0,
CUST-107131,42,Female,France,592,1,14,2025-04-29,291784.62,1,1,0,75426.12,7,0.2629,-0.168,0,0,
CUST-107132,41,Male,Germany,638,5,61,2021-05-30,43840.86,1,0,0,33267.0,6,0.3256,-0.1327,0,0,
CUST-107133,38,Female,France,812,1,16,2025-02-28,0.0,1,1,0,19903.81,8,0.7476,0.0,0,0,
CUST-107134,35,Male,France,594,1,12,2023-09-29,55738.88,4,1,0,121556.62,9,0.7154,-0.3878,1,1,2024-09-28
CUST-107135,29,Male,France,753,7,89,2019-01-29,6533.0,1,0,1,178204.31,22,0.218,-0.1052,0,0,
CUST-107136,42,Female,Germany,688,0,2,2016-11-28,348911.46,1,0,0,131334.94,7,0.2813,-0.3466,1,1,2017-01-28
CUST-107137,37,Female,France,629,1,21,2024-09-28,156715.38,1,1,0,78985.89,8,0.2022,-0.1499,0,0,
CUST-107138,61,Male,France,693,1,16,2025-02-28,36670.63,2,1,1,47294.93,20,0.0,0.0005,0,0,
CUST-107139,45,Female,Germany,636,0,5,2018-01-28,29711.32,1,1,0,95429.44,6,0.1114,-0.0668,0,1,2018-06-30
CUST-107140,32,Male,France,850,7,95,2018-07-30,0.0,2,1,0,87263.19,10,0.3365,0.0,0,0,
CUST-107141,39,Female,France,452,3,36,2023-06-30,0.0,2,0,0,213586.33,12,0.1187,0.0,1,0,
CUST-107142,28,Male,Germany,623,6,73,2020-05-30,461600.82,2,1,1,95655.31,16,0.009,-0.2433,0,0,
CUST-107143,25,Male,Spain,626,4,49,2022-05-30,0.0,1,1,1,117146.2,25,0.1865,0.0,0,0,
CUST-107144,32,Male,France,637,0,6,2025-12-29,0.0,3,1,1,67384.9,15,0.3637,0.0,0,0,
CUST-107145,27,Female,Spain,754,5,67,2020-11-28,0.0,1,0,1,41808.36,21,0.141,0.0,0,0,
CUST-107146,44,Female,Germany,607,0,5,2025-02-28,77247.07,1,0,0,70381.45,5,0.779,-0.5305,1,1,2025-07-30
CUST-107147,59,Female,France,697,7,92,2018-10-29,0.0,2,1,0,19011.57,12,0.1196,0.0,0,0,
CUST-107148,49,Male,Spain,672,4,49,2022-05-30,0.0,2,1,1,71165.07,31,0.2318,0.0,1,0,
CUST-107149,33,Male,Germany,730,2,26,2024-04-29,155474.15,2,1,0,85407.94,5,0.2982,-0.0611,0,0,
CUST-107150,44,Male,Germany,637,1,20,2019-04-30,30853.24,3,1,1,52858.17,15,0.5567,-0.3744,0,1,2020-12-29
CUST-107151,32,Female,Germany,681,1,19,2023-04-30,187393.16,1,1,0,87436.85,3,0.5887,-0.4231,1,1,2024-11-28
CUST-107152,51,Male,Germany,638,2,32,2017-07-30,91446.53,1,1,1,129891.99,13,0.3653,-0.2495,1,1,2020-03-30
CUST-107153,42,Female,Spain,555,8,100,2018-02-28,0.0,2,0,1,77188.64,16,0.3788,0.0,0,0,
CUST-107154,36,Male,Germany,804,0,9,2025-09-29,79213.64,1,0,0,68184.01,10,0.309,0.14,0,0,
CUST-107155,36,Female,Spain,577,0,8,2025-10-29,56453.32,2,1,0,57923.15,9,0.1636,-0.008,0,0,
CUST-107156,42,Male,Germany,604,6,81,2019-09-29,134961.16,1,1,1,62430.03,26,0.0644,-0.213,0,0,
CUST-107157,36,Female,Spain,568,1,20,2024-10-29,56650.75,1,0,1,213189.42,28,0.1825,-0.1114,0,0,
CUST-107158,48,Female,Spain,689,4,49,2022-05-30,0.0,2,0,0,46452.56,7,0.3329,0.0,1,0,
CUST-107159,33,Female,France,604,3,41,2023-01-29,91690.19,2,1,0,50733.2,9,0.5558,-0.0111,0,0,
CUST-107160,35,Female,France,795,0,8,2017-05-30,113095.07,3,0,0,121028.33,6,0.6373,-0.2295,0,1,2018-01-28
CUST-107161,35,Female,Germany,701,4,59,2021-07-30,27434.07,2,0,1,47072.45,42,0.0166,-0.0648,0,0,
CUST-107162,34,Female,France,623,5,69,2020-09-28,119615.22,2,1,0,116705.87,7,0.0416,0.0365,0,0,
CUST-107163,30,Male,Germany,563,6,76,2020-02-28,61589.96,1,1,1,43011.22,24,0.3452,0.0397,0,0,
CUST-107164,33,Male,Spain,639,6,72,2020-06-29,136282.96,2,0,1,71566.34,28,0.3653,-0.1355,1,0,
CUST-107165,36,Female,Spain,700,3,41,2023-01-29,0.0,1,1,0,119959.66,7,0.5307,0.0,1,0,
CUST-107166,36,Female,France,646,1,15,2017-10-29,0.0,1,1,0,36655.46,8,0.5753,0.0,0,1,2019-01-29
CUST-107167,56,Male,Germany,637,3,46,2022-08-29,84153.9,2,1,1,107717.57,19,0.1764,0.0861,0,0,
CUST-107168,40,Male,France,552,2,32,2023-10-30,0.0,2,1,1,118157.5,15,0.3941,0.0,1,0,
CUST-107169,52,Female,Germany,850,1,16,2025-02-28,57696.29,1,1,0,62213.15,8,0.7445,-0.2708,2,0,
CUST-107170,26,Male,France,631,6,73,2020-05-30,0.0,2,1,0,145654.86,10,0.1834,0.0,1,0,
CUST-107171,46,Female,Germany,518,1,13,2025-05-30,98962.2,1,0,0,65460.03,3,0.5245,-0.023,1,0,
CUST-107172,40,Female,Germany,547,1,20,2024-03-30,42440.45,1,1,0,68027.29,6,0.5921,-0.4447,0,1,2025-11-28
CUST-107173,35,Male,Germany,617,5,62,2016-07-29,333775.85,2,0,0,106709.6,5,0.3366,-0.1672,1,1,2021-09-29
CUST-107174,29,Male,Germany,837,1,23,2018-01-28,114253.23,1,0,0,141931.77,3,0.8702,-0.4299,0,1,2019-12-29
CUST-107175,44,Male,France,634,1,15,2025-03-30,32381.49,2,1,1,15210.36,29,0.0926,-0.2257,0,0,
CUST-107176,42,Male,France,614,3,46,2017-05-30,118743.74,2,0,1,22900.1,13,0.614,-0.1666,0,1,2021-03-30
CUST-107177,44,Female,France,731,0,9,2025-09-29,0.0,1,1,0,35458.12,7,0.2397,0.0,0,0,
CUST-107178,32,Female,Spain,738,2,34,2022-06-30,0.0,1,1,0,101463.62,3,0.8926,0.0,2,1,2025-04-29
CUST-107179,48,Female,Spain,713,1,19,2017-10-29,0.0,2,1,0,81265.54,6,0.2311,0.0,0,1,2019-05-30
CUST-107180,43,Male,France,669,9,113,2017-01-28,0.0,2,1,1,25549.38,28,0.0,0.0,1,0,
CUST-107181,33,Female,France,544,0,1,2016-07-29,0.0,3,1,1,209242.39,17,0.1719,0.0,0,1,2016-08-29
CUST-107182,54,Male,France,578,9,117,2016-09-28,0.0,2,1,1,98463.93,26,0.2843,0.0,1,0,
CUST-107183,39,Female,Germany,497,1,12,2025-06-29,118206.78,1,1,0,62451.17,15,0.1978,0.1459,0,0,
CUST-107184,25,Male,France,628,2,25,2024-05-30,34707.57,2,1,1,94943.72,19,0.0106,0.0781,0,0,
CUST-107185,33,Female,France,609,1,17,2021-02-28,67169.32,1,1,0,60665.4,4,0.6592,-0.1986,0,1,2022-07-30
CUST-107186,48,Female,France,599,1,23,2020-04-29,39690.75,1,0,1,131273.2,10,0.4035,-0.336,2,1,2022-03-30
CUST-107187,33,Male,France,677,7,90,2018-12-29,0.0,1,1,1,151211.53,32,0.1763,0.0,1,0,
CUST-107188,37,Female,France,587,2,33,2023-09-29,247334.95,1,0,1,170497.72,27,0.0546,-0.0861,0,0,
CUST-107189,49,Male,France,617,0,3,2026-03-30,0.0,2,1,0,94107.57,8,0.3153,0.0,0,0,
CUST-107190,33,Male,Germany,603,2,30,2023-12-29,53551.57,2,0,1,76546.79,31,0.0214,0.0516,1,0,
CUST-107191,45,Female,Germany,647,4,49,2022-05-30,45245.09,1,0,1,127206.63,33,0.0715,0.0518,0,0,
CUST-107192,28,Male,France,685,4,49,2022-05-30,89651.71,2,1,0,183430.31,5,0.4096,0.0241,0,0,
CUST-107193,40,Male,Germany,521,9,113,2017-01-28,393332.15,2,1,0,62391.06,1,0.5432,-0.078,0,0,
CUST-107194,39,Male,France,694,3,42,2022-12-29,0.0,2,0,0,160463.15,10,0.1108,0.0,0,0,
CUST-107195,41,Male,Spain,675,1,14,2025-04-29,0.0,1,0,0,53242.81,8,0.1928,0.0,1,0,
CUST-107196,42,Female,Spain,690,4,57,2021-09-29,0.0,1,1,0,46759.27,20,0.0,0.0,1,0,
CUST-107197,37,Female,France,663,3,47,2018-02-28,87727.52,1,0,0,88386.37,13,0.1643,-0.0469,0,1,2022-01-28
CUST-107198,36,Male,Spain,685,1,14,2025-04-29,0.0,1,1,0,48043.06,8,0.244,0.0,1,0,
CUST-107199,37,Male,Germany,610,4,58,2021-08-29,84133.07,2,0,1,25373.05,15,0.1489,-0.1445,2,0,
CUST-107200,53,Female,Germany,693,1,16,2022-05-30,84218.95,1,0,1,64874.59,12,0.5754,-0.1695,1,1,2023-09-29
CUST-107201,38,Female,France,760,0,2,2026-04-30,38991.89,1,0,0,272648.53,10,0.2953,-0.1236,0,0,
CUST-107202,66,Male,France,602,0,7,2025-11-28,44133.77,1,1,0,25949.29,16,0.0244,0.0901,0,0,
CUST-107203,42,Female,France,606,2,27,2024-03-30,0.0,2,1,0,116176.95,6,0.3131,0.0,0,0,
CUST-107204,38,Male,Spain,711,7,89,2019-01-29,57158.24,2,1,0,62742.68,13,0.3567,0.0444,0,0,
CUST-107205,28,Male,Germany,597,4,54,2021-12-29,214456.61,1,1,1,48999.84,26,0.0993,0.0908,0,0,
CUST-107206,46,Female,France,581,3,41,2023-01-29,0.0,2,1,0,45343.6,18,0.459,0.0,1,0,
CUST-107207,35,Female,Germany,691,7,92,2018-10-29,92112.9,1,1,1,76086.3,27,0.1814,0.1697,0,0,
CUST-107208,48,Male,France,609,3,47,2022-07-30,0.0,1,1,1,61768.75,29,0.1867,0.0,1,0,
CUST-107209,31,Female,France,767,1,14,2025-04-29,74289.01,2,1,1,100578.21,21,0.0255,-0.2401,0,0,
CUST-107210,37,Female,Germany,605,2,34,2023-08-30,185246.54,2,1,0,243233.0,9,0.1727,-0.2197,1,0,
CUST-107211,34,Female,Germany,571,3,47,2022-05-30,69888.45,1,1,0,81912.99,8,0.298,-0.1856,0,1,2026-04-30
CUST-107212,45,Female,Spain,650,2,26,2024-04-29,0.0,1,1,1,51556.62,16,0.2933,0.0,0,0,
CUST-107213,55,Male,Germany,692,3,45,2022-09-29,114943.28,2,1,0,89340.02,3,0.0,-0.0945,1,0,
CUST-107214,37,Female,Germany,681,3,42,2022-12-29,103429.95,2,1,1,50639.33,34,0.1094,0.0062,1,0,
CUST-107215,34,Male,Spain,702,7,84,2019-06-30,0.0,2,1,0,55951.56,11,0.2765,0.0,1,0,
CUST-107216,29,Male,France,597,0,5,2026-01-28,43825.34,1,1,0,49522.43,6,0.264,-0.0858,0,0,
CUST-107217,33,Male,Germany,759,2,30,2023-12-29,49409.14,2,0,1,121697.07,20,0.2577,-0.0194,1,0,
CUST-107218,55,Female,Germany,491,6,80,2019-10-30,130169.05,2,1,1,116514.73,24,0.001,0.1238,0,0,
CUST-107219,37,Male,France,575,9,119,2016-07-29,48095.13,2,0,1,65486.23,33,0.2399,0.0871,0,0,
CUST-107220,41,Male,France,654,5,62,2020-12-29,0.0,1,1,0,32273.7,10,0.3728,0.0,1,1,2026-02-28
CUST-107221,27,Female,France,583,8,107,2017-07-30,0.0,1,1,0,44170.42,10,0.2473,0.0,0,0,
CUST-107222,27,Male,France,620,3,43,2022-11-29,339343.9,2,0,1,70357.81,32,0.1561,-0.1582,0,0,
CUST-107223,26,Male,Germany,556,1,14,2025-04-29,100218.41,1,1,0,137364.07,10,0.0476,-0.0984,0,0,
CUST-107224,51,Male,France,630,2,35,2023-07-30,0.0,2,0,1,13642.97,27,0.031,0.0,0,0,
CUST-107225,37,Female,Germany,694,1,16,2017-02-28,44339.56,1,1,0,82462.75,10,0.5585,-0.4417,1,1,2018-06-30
CUST-107226,31,Male,France,599,8,97,2018-05-30,44702.09,1,0,0,104542.94,7,0.7847,-0.1668,0,1,2026-06-30
CUST-107227,46,Male,France,566,6,74,2020-04-29,38479.21,2,1,0,105947.93,5,0.0409,-0.136,0,0,
CUST-107228,34,Female,France,606,2,25,2024-05-30,0.0,1,1,1,106898.06,20,0.0,0.0,0,0,
CUST-107229,48,Female,France,756,4,49,2016-07-29,23281.19,1,1,0,129166.67,2,0.927,-0.3615,1,1,2020-08-29
CUST-107230,37,Female,Spain,755,0,2,2026-04-30,0.0,2,1,0,63702.23,7,0.404,0.0,0,0,
CUST-107231,48,Male,France,604,4,51,2022-03-30,126890.47,1,1,1,108954.63,20,0.1112,-0.0306,1,0,
CUST-107232,30,Female,France,699,1,19,2024-11-28,33186.21,1,0,0,26079.38,9,0.2219,-0.1554,0,0,
CUST-107233,41,Female,France,648,9,111,2017-03-30,72750.05,1,1,0,56397.35,6,0.1854,-0.0197,0,0,
CUST-107234,44,Female,France,773,5,64,2021-02-28,221947.79,1,1,1,87146.2,20,0.1963,0.2171,0,0,
CUST-107235,26,Male,Germany,668,2,25,2024-05-30,85280.03,1,1,1,54951.07,16,0.3337,-0.1005,0,0,
CUST-107236,37,Male,Spain,631,8,106,2017-08-29,0.0,1,0,0,41258.16,8,0.0639,0.0,1,0,
CUST-107237,28,Female,France,804,1,23,2024-07-29,230299.94,1,0,0,50583.4,6,0.1777,0.0039,0,0,
CUST-107238,27,Male,Germany,561,6,78,2019-12-29,197385.59,2,1,1,103780.6,28,0.0643,-0.0315,0,0,
CUST-107239,35,Male,France,681,3,45,2022-09-29,233432.7,2,1,1,67819.5,21,0.0905,-0.0608,2,0,
CUST-107240,42,Male,Spain,781,0,9,2025-09-29,0.0,2,1,0,70529.19,16,0.1488,0.0,0,0,
CUST-107241,31,Male,Germany,714,2,32,2023-10-30,1066314.64,2,0,1,89159.88,27,0.3118,0.1092,0,0,
CUST-107242,35,Female,France,577,7,94,2018-08-29,0.0,2,1,0,83625.25,5,0.0197,0.0,0,0,
CUST-107243,32,Male,Germany,572,5,68,2020-10-29,83074.91,2,1,0,161579.22,10,0.3161,0.0941,2,0,
CUST-107244,47,Female,Spain,515,1,13,2023-10-30,112163.03,3,1,0,137870.53,9,0.8131,-0.1048,2,1,2024-11-28
CUST-107245,52,Female,France,792,8,100,2018-02-28,174125.25,2,0,1,91179.67,32,0.1029,0.0459,1,0,
CUST-107246,71,Male,Spain,541,4,58,2021-08-29,306272.55,2,0,1,61918.72,26,0.0129,-0.0038,0,0,
CUST-107247,50,Male,Spain,718,2,33,2023-05-30,44675.42,1,1,0,152120.31,3,0.7807,-0.534,1,1,2026-02-28
CUST-107248,43,Male,France,513,6,76,2020-02-28,67478.45,2,1,1,182769.29,23,0.0672,0.0885,1,0,
CUST-107249,47,Male,Spain,850,1,18,2019-05-30,47193.02,1,1,0,31096.34,4,0.8842,-0.4274,3,1,2020-11-28
CUST-107250,32,Female,Germany,520,5,61,2021-05-30,23593.71,2,1,1,69339.61,23,0.3455,-0.0243,0,0,
CUST-107251,35,Female,Germany,654,7,90,2018-12-29,107857.7,2,1,0,65496.59,12,0.3494,0.0523,0,0,
CUST-107252,39,Female,Germany,766,3,41,2023-01-29,186905.92,1,1,1,42786.1,28,0.126,0.0092,0,0,
CUST-107253,26,Female,Spain,583,7,85,2019-05-30,0.0,1,1,1,55265.06,14,0.4373,0.0,2,0,
CUST-107254,32,Male,Germany,704,0,11,2025-07-30,51961.17,2,0,0,59022.08,14,0.0246,0.0536,1,0,
CUST-107255,67,Female,Germany,623,0,7,2022-01-28,52140.79,1,1,0,130684.56,7,0.6212,-0.1833,1,1,2022-08-29
CUST-107256,35,Male,France,687,0,10,2025-08-29,193766.12,2,1,1,33809.88,25,0.0,0.2114,0,0,
CUST-107257,25,Male,France,754,8,100,2018-02-28,57827.42,1,1,0,83140.34,9,0.2534,0.1686,0,0,
CUST-107258,33,Male,Spain,609,7,91,2018-11-29,0.0,2,1,1,47451.28,9,0.6233,0.0,0,0,
CUST-107259,39,Male,Germany,794,3,47,2022-07-30,93803.56,2,1,0,143027.56,8,0.0,0.1174,0,0,
CUST-107260,42,Female,France,684,1,22,2024-08-29,62057.79,2,1,0,76957.88,10,0.1049,-0.0633,0,0,
CUST-107261,37,Female,Spain,837,1,14,2018-11-29,0.0,1,1,1,121825.96,28,0.1196,0.0,1,1,2020-01-29
CUST-107262,41,Male,Spain,570,9,109,2017-05-30,88802.78,2,1,0,76560.71,13,0.0,-0.0557,0,0,
CUST-107263,32,Male,Germany,588,1,18,2024-12-29,101586.68,1,0,0,29774.07,4,0.1765,-0.0372,0,0,
CUST-107264,52,Female,France,628,0,11,2025-07-30,68829.28,1,1,1,54260.98,20,0.1441,-0.0003,1,0,
CUST-107265,49,Female,Germany,534,2,29,2021-06-29,76643.14,2,0,0,187065.45,6,0.3493,-0.0539,0,1,2023-11-29
CUST-107266,25,Female,France,739,2,33,2023-09-29,0.0,2,0,0,99769.66,3,0.124,0.0,0,0,
CUST-107267,29,Male,France,643,0,8,2025-10-29,0.0,2,1,0,219273.33,6,0.1203,0.0,0,0,
CUST-107268,46,Male,Germany,540,5,64,2021-02-28,110723.32,2,0,1,169126.59,29,0.1746,0.0018,0,0,
CUST-107269,40,Female,Spain,571,8,104,2017-10-29,0.0,1,1,1,51761.82,16,0.0,0.0,0,0,
CUST-107270,39,Female,France,566,0,3,2021-09-29,47070.1,1,1,0,35164.68,3,0.5229,-0.4553,1,1,2021-12-29
CUST-107271,38,Male,Spain,739,5,62,2021-04-29,0.0,1,0,0,133827.63,9,0.5209,0.0,1,0,
CUST-107272,50,Male,Spain,694,6,80,2019-10-30,73527.3,2,1,0,128610.33,8,0.1961,0.1889,0,0,
CUST-107273,40,Male,France,637,4,59,2021-07-30,0.0,1,1,1,73786.52,16,0.2193,0.0,0,0,
CUST-107274,42,Female,France,615,7,90,2018-06-30,99779.47,2,1,0,32487.55,2,0.5132,-0.2544,0,1,2025-12-29
CUST-107275,38,Male,Germany,627,1,21,2016-08-29,115490.18,1,1,0,53788.38,13,0.1191,0.1559,0,1,2018-05-30
CUST-107276,30,Female,Spain,821,6,78,2019-12-29,0.0,1,1,0,79274.65,10,0.1428,0.0,0,0,
CUST-107277,47,Female,France,628,1,19,2018-08-29,84838.15,1,1,1,110645.73,23,0.3606,-0.2325,1,1,2020-03-30
CUST-107278,34,Male,Germany,732,2,25,2024-05-30,136038.09,2,1,0,41780.68,13,0.1985,-0.0966,0,0,
CUST-107279,34,Male,Germany,618,3,47,2022-07-30,256465.03,1,0,1,127355.83,17,0.2302,0.0889,0,0,
CUST-107280,36,Male,Germany,812,1,13,2025-05-30,40167.26,1,1,1,112050.88,26,0.1519,0.2112,0,0,
CUST-107281,28,Male,Germany,533,2,34,2023-08-30,45390.43,1,0,0,112910.61,9,0.3917,0.2002,0,0,
CUST-107282,63,Female,France,727,0,4,2017-05-30,93929.33,1,1,0,96830.4,10,0.0775,0.1281,1,1,2017-09-29
CUST-107283,46,Female,France,577,1,20,2021-02-28,173248.7,1,0,0,21882.0,4,0.752,-0.234,1,1,2022-10-29
CUST-107284,29,Male,France,850,0,11,2022-01-28,0.0,4,1,1,85731.71,16,0.616,0.0,0,1,2022-12-29
CUST-107285,56,Female,Spain,717,4,54,2021-12-29,0.0,2,1,1,58366.0,25,0.044,0.0,0,0,
CUST-107286,33,Male,Spain,486,7,85,2019-05-30,330621.9,2,1,1,99222.82,28,0.108,-0.1164,0,0,
CUST-107287,34,Female,Spain,561,2,29,2024-01-29,107517.0,2,1,1,30029.56,32,0.0687,0.0449,0,0,
CUST-107288,33,Female,France,716,2,28,2019-11-29,0.0,1,0,1,23762.14,13,0.6544,0.0,1,1,2022-03-30
CUST-107289,53,Male,Germany,713,7,91,2018-11-29,95614.96,2,1,0,99925.39,8,0.3199,0.0643,0,0,
CUST-107290,50,Male,France,706,4,56,2021-10-29,110875.11,1,0,1,44136.89,23,0.5203,0.0494,0,0,
CUST-107291,36,Female,France,665,2,31,2023-11-29,0.0,1,1,1,22340.66,31,0.0,0.0,2,0,
CUST-107292,37,Male,France,619,3,47,2022-07-30,0.0,1,0,0,40251.97,9,0.422,0.0,0,0,
CUST-107293,46,Female,Spain,754,1,20,2024-10-29,30259.76,2,0,0,65776.0,8,0.2734,0.0085,0,0,
CUST-107294,45,Male,France,567,6,79,2019-11-29,0.0,1,0,0,133792.72,6,0.2284,0.0,0,0,
CUST-107295,37,Male,Germany,655,9,110,2017-04-29,91062.67,1,1,0,73547.94,9,0.2125,-0.1303,0,0,
CUST-107296,37,Female,Spain,590,1,18,2024-12-29,0.0,1,1,0,52420.61,10,0.1876,0.0,2,0,
CUST-107297,46,Male,Germany,583,1,19,2020-10-29,28618.27,1,0,0,62459.08,5,0.4392,-0.259,2,1,2022-05-30
CUST-107298,26,Male,France,606,6,80,2019-10-30,0.0,1,0,1,109132.96,25,0.2674,0.0,0,0,
CUST-107299,41,Male,Spain,579,6,79,2019-11-29,40106.29,2,1,0,97484.16,4,0.1966,0.031,0,0,
CUST-107300,41,Male,Germany,703,7,84,2019-06-30,103967.69,2,1,1,106776.98,25,0.235,0.2064,0,0,
CUST-107301,53,Male,France,508,6,74,2019-05-30,0.0,2,1,0,188108.56,7,0.5162,0.0,0,1,2025-07-30
CUST-107302,42,Male,Germany,691,4,52,2021-06-29,87914.09,1,1,1,73914.25,16,0.3144,-0.2632,0,1,2025-10-29
CUST-107303,44,Male,Spain,589,4,52,2021-02-28,95400.54,2,1,0,106220.24,2,0.8622,-0.2812,0,1,2025-06-29
CUST-107304,32,Male,France,653,4,56,2019-01-29,79139.79,3,1,0,22147.53,15,0.3724,-0.2196,0,1,2023-09-29
CUST-107305,32,Female,Germany,634,0,8,2025-10-29,90838.55,1,1,1,79515.29,28,0.0988,-0.0255,1,0,
CUST-107306,41,Female,France,602,2,34,2023-08-30,32991.6,1,1,0,34266.34,9,0.1843,-0.3215,1,0,
CUST-107307,24,Male,France,766,8,98,2018-04-30,0.0,2,1,0,50900.77,12,0.1971,0.0,0,0,
CUST-107308,35,Female,Spain,614,8,99,2018-03-30,0.0,2,1,0,55938.79,18,0.0,0.0,0,0,
CUST-107309,28,Female,France,718,0,6,2025-12-29,0.0,2,1,0,71844.98,11,0.1042,0.0,0,0,
CUST-107310,33,Female,France,719,1,22,2024-08-29,0.0,1,1,1,52256.32,16,0.0582,0.0,2,0,
CUST-107311,25,Female,France,624,3,45,2022-09-29,37137.81,2,1,1,58340.41,28,0.1345,-0.127,0,0,
CUST-107312,29,Male,France,529,5,68,2020-10-29,0.0,2,1,1,102948.81,27,0.2031,0.0,1,0,
CUST-107313,51,Male,France,565,3,42,2022-12-29,112566.8,2,1,0,75573.07,6,0.3416,-0.1341,0,0,
CUST-107314,28,Female,Germany,773,7,86,2019-04-30,109407.01,1,1,1,69387.17,10,0.6316,-0.3227,0,0,
CUST-107315,30,Male,France,697,8,107,2017-07-30,90402.68,2,1,1,71815.81,19,0.2801,-0.0742,0,0,
CUST-107316,33,Female,France,663,5,71,2020-07-29,38347.95,1,1,0,63469.31,7,0.22,-0.2826,0,0,
CUST-107317,44,Female,Spain,596,7,84,2018-12-29,0.0,1,1,1,124150.58,24,0.0953,0.0,0,1,2025-12-29
CUST-107318,36,Male,Spain,816,0,1,2026-05-30,0.0,2,1,0,68464.82,16,0.3595,0.0,0,0,
CUST-107319,26,Male,France,567,5,70,2020-08-29,0.0,1,1,1,249596.91,24,0.1466,0.0,0,0,
CUST-107320,24,Female,France,663,2,25,2024-05-30,55070.15,1,1,1,92486.78,25,0.0372,-0.0881,0,0,
CUST-107321,34,Male,France,698,2,27,2024-03-30,0.0,2,1,0,108574.96,7,0.2226,0.0,0,0,
CUST-107322,35,Female,France,525,1,18,2024-12-29,75715.82,2,0,1,60499.44,23,0.0,0.1945,0,0,
CUST-107323,47,Female,France,577,2,24,2024-06-29,148004.87,2,1,1,97639.05,21,0.2017,0.045,2,0,
CUST-107324,29,Male,Spain,606,1,15,2025-03-30,52033.07,1,1,1,126111.24,23,0.0647,0.0657,0,0,
CUST-107325,55,Male,Germany,733,0,5,2026-01-28,67335.44,1,1,1,80845.79,13,0.1348,-0.0621,0,0,
CUST-107326,26,Female,France,608,7,89,2019-01-29,0.0,1,1,1,58188.77,18,0.3367,0.0,2,0,
CUST-107327,26,Female,Spain,512,6,76,2020-02-28,20712.16,1,1,0,131487.25,9,0.3012,-0.1558,0,0,
CUST-107328,34,Male,France,503,4,49,2018-05-30,0.0,1,1,0,211510.87,4,0.5718,0.0,1,1,2022-06-30
CUST-107329,47,Male,France,576,1,18,2024-12-29,0.0,2,0,1,31744.53,33,0.0,0.0,0,0,
CUST-107330,39,Male,France,507,5,60,2021-06-29,51461.07,1,0,1,55460.29,25,0.2705,-0.0431,0,0,
CUST-107331,29,Male,France,724,9,116,2016-10-29,0.0,2,1,0,70235.24,14,0.2448,0.0,1,0,
CUST-107332,64,Male,Spain,728,7,95,2018-07-30,0.0,2,0,1,59056.89,27,0.319,0.0,1,0,
CUST-107333,39,Male,France,651,2,31,2019-03-30,49074.92,1,1,0,69604.7,9,0.6375,-0.4398,0,1,2021-10-29
CUST-107334,40,Female,Germany,625,4,58,2021-08-29,104495.84,1,1,1,41470.27,26,0.1777,0.1459,0,0,
CUST-107335,45,Male,France,721,3,38,2023-04-30,0.0,2,1,0,120125.33,10,0.2282,0.0,0,0,
CUST-107336,40,Female,Spain,717,0,5,2026-01-28,0.0,1,1,0,73066.26,4,0.566,0.0,1,0,
CUST-107337,33,Female,Germany,555,8,103,2017-11-28,156282.61,1,1,0,82583.89,11,0.2335,-0.2154,2,0,
CUST-107338,58,Female,France,569,8,104,2017-10-29,140693.3,2,0,0,61562.14,8,0.2316,-0.0953,0,0,
CUST-107339,53,Female,France,718,1,13,2023-04-30,16105.81,1,1,0,49261.09,4,0.6227,-0.2459,1,1,2024-05-30
CUST-107340,61,Male,Spain,676,3,41,2019-06-30,0.0,1,1,0,50100.2,7,0.7388,0.0,2,1,2022-11-29
CUST-107341,34,Female,Germany,708,3,39,2017-02-28,394017.41,2,0,1,174520.07,21,0.3098,0.0024,0,1,2020-05-30
CUST-107342,57,Male,France,564,0,9,2025-09-29,0.0,1,1,0,41924.63,6,0.4474,0.0,1,0,
CUST-107343,29,Male,Spain,578,2,28,2024-02-28,316681.18,2,1,1,57913.67,19,0.0,-0.0293,0,0,
CUST-107344,37,Female,France,695,8,99,2018-03-30,0.0,1,1,1,26608.41,23,0.1439,0.0,0,0,
CUST-107345,45,Male,France,585,5,66,2020-12-29,138097.75,2,1,0,93915.76,3,0.1302,-0.0106,0,0,
CUST-107346,27,Male,Germany,504,9,113,2017-01-28,23443.45,2,1,0,117049.83,6,0.0739,0.0921,1,0,
CUST-107347,60,Female,France,586,0,11,2021-01-28,101979.28,3,1,0,27465.9,3,0.4958,-0.4763,0,1,2021-12-29
CUST-107348,33,Male,France,630,5,71,2020-07-29,0.0,2,1,0,48367.14,17,0.1414,0.0,0,0,
CUST-107349,54,Male,France,813,6,79,2019-11-29,31276.49,2,0,0,46512.3,5,0.4206,-0.2144,0,0,
CUST-107350,28,Male,France,570,6,75,2020-03-30,480532.18,2,1,1,59184.55,24,0.2269,-0.1851,1,0,
CUST-107351,37,Male,France,644,1,21,2024-09-28,35590.74,1,1,1,97546.16,27,0.1153,0.003,1,0,
CUST-107352,31,Female,France,846,7,88,2019-02-28,116233.97,1,0,0,70953.4,6,0.5468,-0.2478,0,0,
CUST-107353,31,Male,Spain,545,9,115,2016-11-28,37865.37,2,1,1,71980.02,21,0.6337,-0.414,1,0,
CUST-107354,28,Male,Germany,713,3,44,2022-10-29,236199.52,2,1,0,32875.65,10,0.2438,-0.166,0,0,
CUST-107355,28,Female,France,582,2,28,2024-02-28,0.0,2,1,0,70340.4,8,0.3359,0.0,1,0,
CUST-107356,29,Female,France,689,3,36,2023-06-30,0.0,2,0,1,121637.07,24,0.2596,0.0,0,0,
CUST-107357,29,Female,Germany,850,4,54,2021-12-29,304346.81,1,1,1,76292.75,10,0.5397,-0.2552,0,0,
CUST-107358,50,Male,France,726,2,24,2024-06-29,108765.81,1,1,1,23890.97,15,0.4118,0.0321,0,0,
CUST-107359,53,Female,France,665,1,21,2019-02-28,0.0,1,1,1,144743.82,9,0.6819,0.0,0,1,2020-11-28
CUST-107360,27,Female,Germany,559,0,2,2026-04-30,36691.23,2,1,1,151348.37,17,0.1322,-0.0879,0,0,
CUST-107361,35,Female,France,633,1,13,2025-05-30,47501.91,1,1,1,98379.75,22,0.1133,-0.0789,1,0,
CUST-107362,50,Male,Spain,596,2,28,2024-02-28,0.0,2,1,0,120260.71,10,0.2515,0.0,0,0,
CUST-107363,43,Male,Spain,511,3,44,2022-10-29,47369.99,1,1,1,93729.3,19,0.0146,-0.0572,1,0,
CUST-107364,34,Male,Spain,446,4,55,2021-11-28,0.0,2,0,0,103442.64,13,0.1602,0.0,0,0,
CUST-107365,32,Female,France,570,2,28,2024-02-28,67738.81,1,1,0,52519.6,12,0.3054,0.0624,0,0,
CUST-107366,27,Male,France,647,4,57,2021-09-29,309656.51,2,1,0,111269.73,3,0.5476,-0.1721,0,0,
CUST-107367,58,Female,France,757,6,76,2020-02-28,51428.02,2,1,1,21025.06,16,0.1653,-0.0851,0,0,
CUST-107368,40,Male,Spain,579,9,117,2016-09-28,0.0,1,1,1,65958.63,26,0.0,0.0,1,0,
CUST-107369,38,Female,Spain,668,1,17,2025-01-28,31774.13,2,0,1,119074.19,25,0.0137,0.1385,0,0,
CUST-107370,30,Male,Spain,487,2,24,2019-05-30,0.0,1,1,0,161150.82,3,0.7587,0.0,2,1,2021-05-30
CUST-107371,36,Male,France,573,6,82,2019-08-30,0.0,1,1,0,90555.09,6,0.4375,0.0,0,0,
CUST-107372,50,Male,Spain,415,5,65,2021-01-28,89045.66,1,1,1,139345.33,12,0.4372,-0.1497,0,0,
CUST-107373,27,Female,Germany,850,0,8,2025-10-29,150054.41,1,1,1,69882.61,26,0.06,0.1361,1,0,
CUST-107374,30,Male,Spain,669,2,26,2024-04-29,0.0,1,1,1,102333.14,36,0.0622,0.0,1,0,
CUST-107375,28,Male,Germany,666,6,77,2020-01-29,51577.65,2,1,1,106587.58,29,0.0,-0.0132,0,0,
CUST-107376,54,Female,France,701,1,17,2023-10-30,62081.21,3,1,0,19648.23,12,0.3204,0.1761,0,1,2025-03-30
CUST-107377,26,Female,France,850,4,49,2020-08-29,99107.81,1,1,0,110641.09,5,0.8936,-0.3213,0,1,2024-09-28
CUST-107378,40,Female,Spain,608,1,20,2024-10-29,43846.65,2,1,1,76845.75,28,0.0,-0.3036,0,0,
CUST-107379,28,Female,France,556,8,99,2018-03-30,0.0,1,1,1,81247.2,29,0.1202,0.0,0,0,
CUST-107380,38,Male,France,842,2,25,2024-05-30,0.0,1,1,1,117839.16,29,0.079,0.0,0,0,
CUST-107381,27,Female,France,532,5,64,2021-02-28,25227.36,1,1,0,53672.47,9,0.1736,-0.0471,1,0,
CUST-107382,32,Male,France,775,3,39,2023-03-30,0.0,2,0,0,73040.79,9,0.2868,0.0,0,0,
CUST-107383,57,Female,Spain,643,3,44,2022-10-29,121858.4,1,1,0,74831.33,5,0.7556,-0.3752,0,0,
CUST-107384,42,Female,France,692,5,65,2020-02-28,34787.42,1,0,0,89043.76,6,0.5439,-0.1812,2,1,2025-07-30
CUST-107385,38,Male,France,512,5,62,2021-04-29,0.0,2,1,0,22060.79,7,0.4034,0.0,0,0,
CUST-107386,41,Male,Spain,850,5,64,2021-02-28,65870.74,1,1,0,104103.43,5,0.1886,0.0213,1,0,
CUST-107387,59,Female,Germany,613,5,68,2017-02-28,50112.69,1,1,0,106421.43,12,0.3647,0.034,0,1,2022-10-29
CUST-107388,39,Female,France,583,3,43,2022-11-29,19122.65,1,1,0,35128.83,10,0.3352,0.0032,0,0,
CUST-107389,49,Female,France,703,8,99,2018-03-30,0.0,1,1,1,47918.38,17,0.3186,0.0,0,0,
CUST-107390,50,Female,France,588,2,27,2018-03-30,0.0,1,1,1,134366.12,22,0.2866,0.0,0,1,2020-06-29
CUST-107391,48,Female,France,691,0,3,2026-03-30,0.0,1,0,0,42013.97,11,0.2408,0.0,0,0,
CUST-107392,72,Male,France,529,1,15,2019-11-29,0.0,2,1,1,163318.15,31,0.2341,0.0,0,1,2021-02-28
CUST-107393,44,Female,France,664,1,23,2024-07-29,141309.49,2,0,1,43140.02,26,0.2533,-0.2284,0,0,
CUST-107394,48,Male,Germany,592,2,26,2024-04-29,324857.45,1,0,0,122934.13,10,0.0769,-0.0065,0,0,
CUST-107395,32,Female,Spain,575,3,40,2023-02-28,106791.69,1,1,0,42382.08,10,0.2886,0.1058,1,0,
CUST-107396,37,Female,Spain,560,3,40,2023-02-28,0.0,4,1,1,113558.65,6,0.5818,0.0,0,0,
CUST-107397,37,Male,France,735,5,70,2020-08-29,0.0,2,1,0,81620.03,13,0.3142,0.0,1,0,
CUST-107398,30,Female,France,616,5,71,2020-07-29,15419.5,2,1,1,82241.75,21,0.0,-0.3055,1,0,
CUST-107399,30,Female,Spain,632,2,26,2024-04-29,0.0,2,1,1,40797.1,25,0.0324,0.0,0,0,
CUST-107400,37,Male,Spain,691,4,50,2017-11-28,0.0,1,1,0,71707.7,7,0.4606,0.0,2,1,2022-01-28
CUST-107401,39,Female,Germany,759,2,34,2023-08-30,33615.42,1,0,1,46826.11,28,0.0822,-0.1741,0,0,
CUST-107402,58,Female,France,561,0,9,2025-09-29,71284.27,1,0,1,44249.16,19,0.3685,0.0456,0,0,
CUST-107403,30,Male,France,671,7,91,2018-11-29,0.0,1,1,1,148696.19,23,0.1209,0.0,0,0,
CUST-107404,29,Male,Germany,563,2,30,2018-10-29,64426.5,3,1,0,347631.54,7,0.1059,-0.0606,0,1,2021-04-29
CUST-107405,27,Male,Germany,630,3,42,2022-12-29,79373.85,1,0,1,47240.74,26,0.1194,0.0049,0,0,
CUST-107406,46,Female,France,752,2,30,2023-12-29,0.0,1,1,1,90937.67,34,0.1927,0.0,0,0,
CUST-107407,62,Male,Spain,425,4,58,2021-08-29,0.0,2,1,1,120990.64,13,0.2076,0.0,0,0,
CUST-107408,36,Male,Germany,561,1,12,2020-10-29,899322.28,2,0,1,50906.35,4,0.6181,-0.3629,1,1,2021-10-29
CUST-107409,40,Female,Germany,628,7,91,2018-11-29,96441.95,1,0,1,44263.75,26,0.0336,0.042,0,0,
CUST-107410,36,Female,France,687,2,34,2023-08-30,0.0,1,1,1,72011.71,28,0.3179,0.0,0,0,
CUST-107411,44,Female,Spain,767,8,96,2018-06-30,55101.22,2,1,1,72683.8,36,0.0681,0.0336,0,0,
CUST-107412,29,Female,Germany,487,0,9,2025-09-29,61717.66,1,1,0,17954.38,11,0.3853,0.2019,0,0,
CUST-107413,42,Male,France,786,1,15,2025-03-30,0.0,2,1,1,82862.76,19,0.2685,0.0,1,0,
CUST-107414,36,Male,Germany,700,0,5,2026-01-28,282302.01,1,1,0,112100.43,7,0.2341,-0.1016,0,0,
CUST-107415,46,Female,Germany,627,6,75,2020-01-29,95066.58,1,1,0,94375.55,3,0.6336,-0.5388,1,1,2026-04-30
CUST-107416,46,Male,Spain,509,5,63,2021-03-30,0.0,2,0,0,62383.58,5,0.3301,0.0,1,0,
CUST-107417,40,Male,France,595,9,119,2016-07-29,0.0,2,1,0,32358.92,9,0.1987,0.0,0,0,
CUST-107418,35,Female,Spain,748,0,6,2018-01-28,0.0,2,0,0,92657.58,4,0.6452,0.0,2,1,2018-07-30
CUST-107419,30,Male,France,653,2,26,2024-04-29,111315.49,2,1,1,47045.62,21,0.298,-0.0247,1,0,
CUST-107420,45,Male,France,633,3,42,2019-06-30,192455.54,1,1,1,60486.38,15,0.5067,-0.3996,0,1,2022-12-29
CUST-107421,38,Female,France,557,1,22,2020-11-28,54449.74,2,1,1,72269.36,14,0.6002,-0.257,0,1,2022-09-29
CUST-107422,37,Female,France,721,3,40,2016-12-29,102115.26,1,1,0,112018.55,8,0.7438,-0.3299,1,1,2020-04-29
CUST-107423,33,Male,France,636,2,24,2024-06-29,0.0,1,1,1,127489.37,26,0.2039,0.0,0,0,
CUST-107424,55,Male,France,627,5,63,2021-03-30,131140.95,1,1,1,80745.37,19,0.3025,-0.1911,0,0,
CUST-107425,56,Female,Germany,641,0,3,2021-09-29,23292.13,1,1,0,73277.34,7,0.5352,-0.2075,2,1,2021-12-29
CUST-107426,34,Female,France,588,4,59,2021-07-30,0.0,1,0,1,109771.14,34,0.0,0.0,0,0,
CUST-107427,31,Male,Spain,572,5,62,2021-04-29,8249.14,2,1,0,44421.03,8,0.1822,-0.1456,0,0,
CUST-107428,35,Male,France,504,0,11,2025-07-30,0.0,1,1,0,49398.2,13,0.182,0.0,0,0,
CUST-107429,31,Female,Germany,591,0,2,2023-03-30,172481.55,1,0,0,160683.95,6,0.5386,-0.2689,0,1,2023-05-30
CUST-107430,41,Male,Spain,477,6,77,2019-10-30,124503.24,1,1,1,161253.71,16,0.4621,-0.4845,0,1,2026-03-30
CUST-107431,37,Male,Spain,697,6,75,2020-03-30,113799.29,2,1,1,27273.83,22,0.2033,0.0661,1,0,
CUST-107432,45,Male,Germany,586,1,15,2019-06-30,111315.95,1,1,0,54710.68,11,0.6971,-0.1931,0,1,2020-09-28
CUST-107433,34,Male,Germany,612,4,56,2021-10-29,139656.86,1,1,0,119877.12,8,0.3853,0.0631,0,0,
CUST-107434,74,Male,France,646,1,18,2023-01-29,42783.52,2,1,0,88769.26,7,0.5416,-0.2919,0,1,2024-07-29
CUST-107435,27,Male,France,573,7,86,2019-04-30,0.0,1,1,0,66330.29,8,0.4305,0.0,0,0,
CUST-107436,37,Female,France,537,1,13,2025-05-30,0.0,3,1,1,36970.21,26,0.089,0.0,1,0,
CUST-107437,69,Male,France,671,3,41,2021-09-29,238620.01,3,0,0,54361.56,1,0.714,-0.2981,0,1,2025-02-28
CUST-107438,45,Male,France,831,4,57,2021-09-29,133846.52,1,1,0,45261.64,14,0.269,0.1047,1,0,
CUST-107439,35,Male,France,737,3,40,2023-02-28,155533.44,2,1,1,152239.43,34,0.2655,-0.0936,0,0,
CUST-107440,41,Female,Spain,773,0,6,2025-12-29,0.0,2,0,0,47455.25,16,0.1528,0.0,0,0,
CUST-107441,28,Male,Spain,525,4,58,2021-08-29,95175.8,1,0,1,77269.76,27,0.0,-0.0513,0,0,
CUST-107442,37,Male,Spain,632,8,104,2016-07-29,82657.42,2,0,0,90643.96,3,0.5078,-0.2252,1,1,2025-03-30
CUST-107443,28,Female,Germany,631,2,24,2024-06-29,32181.72,1,1,0,67817.29,19,0.1339,-0.1159,0,0,
CUST-107444,25,Female,France,787,8,101,2018-01-28,0.0,1,1,0,70416.85,9,0.2604,0.0,1,0,
CUST-107445,54,Female,France,738,4,58,2021-08-29,76425.7,1,1,1,35661.38,28,0.0373,0.1345,0,0,
CUST-107446,32,Male,Germany,634,1,21,2018-08-29,177402.53,2,1,0,58169.19,9,0.2726,-0.2608,0,1,2020-05-30
CUST-107447,27,Male,Germany,430,2,34,2019-09-29,26274.95,2,1,0,60247.24,3,0.5376,-0.3034,0,1,2022-07-30
CUST-107448,34,Male,France,539,5,67,2020-11-28,0.0,1,1,0,51641.21,13,0.0455,0.0,0,0,
CUST-107449,44,Female,France,711,9,115,2016-11-28,19999.49,2,1,1,154564.24,20,0.0445,0.0042,0,0,
CUST-107450,28,Male,France,619,0,9,2025-09-29,120390.75,1,1,0,206902.81,7,0.506,-0.0682,0,0,
CUST-107451,33,Male,France,639,8,101,2018-01-28,0.0,2,0,1,123769.86,12,0.0145,0.0,0,0,
CUST-107452,46,Male,France,709,7,93,2018-09-29,0.0,1,1,0,165498.88,4,0.2694,0.0,0,0,
CUST-107453,38,Female,France,759,3,47,2022-07-30,0.0,1,0,0,50877.63,7,0.2496,0.0,0,0,
CUST-107454,54,Male,Germany,575,0,11,2025-07-30,136748.24,2,1,0,64076.35,8,0.3669,-0.2095,2,0,
CUST-107455,46,Male,Spain,707,3,36,2023-06-30,0.0,2,1,1,44859.79,24,0.1099,0.0,0,0,
CUST-107456,43,Female,Germany,805,5,68,2020-02-28,232992.45,1,1,0,76685.66,10,0.322,0.0918,0,1,2025-10-29
CUST-107457,45,Female,Germany,787,1,21,2024-09-28,456729.25,2,1,0,44134.59,7,0.2177,-0.033,0,0,
CUST-107458,27,Female,Spain,599,6,79,2019-11-29,0.0,2,1,1,40197.41,13,0.0113,0.0,1,0,
CUST-107459,37,Female,France,678,5,71,2017-11-28,48819.29,1,1,0,16026.03,8,0.2955,-0.041,0,1,2023-10-30
CUST-107460,65,Male,Germany,722,1,16,2022-08-29,52456.87,1,1,1,92585.4,16,0.6274,-0.297,0,1,2023-12-29
CUST-107461,34,Female,France,652,1,22,2024-08-29,0.0,1,1,0,137764.43,12,0.1335,0.0,0,0,
CUST-107462,37,Male,Germany,626,2,27,2024-03-30,63809.61,2,1,0,129639.79,12,0.2527,-0.0284,0,0,
CUST-107463,32,Female,France,484,7,91,2018-11-29,209996.68,2,0,0,109835.6,8,0.286,0.3335,1,0,
CUST-107464,32,Male,Spain,567,4,57,2021-09-29,0.0,1,0,1,113146.84,37,0.0479,0.0,0,0,
CUST-107465,47,Female,Spain,583,1,18,2024-12-29,173989.66,2,0,0,60742.42,8,0.0144,-0.1079,0,0,
CUST-107466,64,Female,France,529,3,43,2017-09-29,153752.31,1,1,1,30189.56,18,0.4662,-0.4269,1,1,2021-04-29
CUST-107467,57,Male,France,661,2,26,2024-04-29,0.0,1,1,1,39820.83,25,0.0395,0.0,0,0,
CUST-107468,25,Male,France,733,2,27,2024-03-30,0.0,2,1,1,60873.95,27,0.1936,0.0,1,0,
CUST-107469,36,Female,Spain,610,8,102,2017-08-29,202268.17,1,0,0,21812.76,3,0.5243,-0.2437,0,1,2026-02-28
CUST-107470,34,Male,Germany,438,1,15,2025-03-30,78591.5,2,1,1,98135.21,29,0.1599,-0.1025,0,0,
CUST-107471,28,Female,France,639,7,95,2018-07-30,0.0,2,1,1,90536.68,28,0.1739,0.0,0,0,
CUST-107472,48,Male,Spain,676,9,117,2016-09-28,0.0,1,1,0,96503.73,12,0.1548,0.0,0,0,
CUST-107473,34,Female,France,670,0,2,2026-04-30,45133.4,1,1,0,118934.39,10,0.3045,0.0097,0,0,
CUST-107474,29,Female,France,581,1,21,2024-09-28,0.0,1,1,1,26691.51,25,0.1967,0.0,0,0,
CUST-107475,41,Male,France,534,8,100,2018-02-28,48226.52,1,0,1,46558.57,20,0.4247,-0.0588,0,0,
CUST-107476,28,Female,Germany,735,2,31,2023-11-29,41888.55,2,1,1,38066.4,19,0.1316,-0.0361,0,0,
CUST-107477,51,Female,France,684,0,10,2024-01-29,0.0,1,0,0,52572.05,5,0.6233,0.0,1,1,2024-11-28
CUST-107478,53,Female,France,585,4,55,2017-10-29,0.0,1,0,0,48741.36,8,0.6879,0.0,0,1,2022-05-30
CUST-107479,45,Female,France,506,0,9,2025-09-29,93442.46,2,0,1,21881.32,27,0.3126,-0.0274,0,0,
CUST-107480,42,Female,Spain,671,5,63,2021-03-30,123632.26,2,1,0,105276.16,9,0.1605,-0.1463,0,0,
CUST-107481,36,Male,Germany,564,4,58,2021-08-29,198908.97,2,0,1,150868.45,31,0.0993,-0.1228,0,0,
CUST-107482,40,Male,Spain,687,6,72,2020-06-29,0.0,2,0,1,48042.71,35,0.0,0.0,0,0,
CUST-107483,36,Male,Germany,665,4,53,2016-08-29,78346.63,2,0,1,50842.84,7,0.861,-0.3797,1,1,2021-01-28
CUST-107484,27,Female,Spain,849,6,80,2019-10-30,69399.45,1,1,1,114358.37,39,0.0823,-0.2214,1,0,
CUST-107485,45,Female,France,643,2,26,2024-04-29,0.0,1,1,0,69097.78,9,0.3375,0.0,0,0,
CUST-107486,55,Male,Spain,842,3,36,2023-06-30,163303.58,2,1,1,97928.61,31,0.234,-0.1019,0,0,
CUST-107487,32,Male,France,658,3,41,2023-01-29,287180.51,2,1,0,41194.94,12,0.0579,0.1411,0,0,
CUST-107488,47,Male,France,586,1,20,2024-10-29,103419.24,1,0,0,100657.4,10,0.2932,-0.2389,1,0,
CUST-107489,37,Female,France,549,6,83,2019-07-30,47391.29,2,1,0,89409.89,15,0.254,-0.0946,1,0,
CUST-107490,33,Female,France,566,4,52,2022-02-28,0.0,2,0,1,56163.82,18,0.0,0.0,0,0,
CUST-107491,24,Female,Spain,691,9,116,2016-10-29,0.0,1,1,1,70141.12,15,0.3031,0.0,2,0,
CUST-107492,45,Female,Spain,662,1,16,2016-07-29,110245.17,3,1,1,22352.77,12,0.5106,-0.4885,2,1,2017-11-28
CUST-107493,42,Female,Spain,473,4,58,2021-08-29,205271.6,2,0,0,61813.57,17,0.0976,-0.1058,1,0,
CUST-107494,29,Male,France,748,2,25,2024-05-30,0.0,2,1,0,73136.51,11,0.0,0.0,0,0,
CUST-107495,35,Male,Spain,792,5,67,2020-11-28,53563.59,2,0,1,57192.71,30,0.2008,-0.0632,0,0,
CUST-107496,37,Male,Germany,473,9,112,2016-08-29,101338.6,2,0,0,45000.58,1,0.582,-0.0165,2,1,2025-12-29
CUST-107497,41,Female,France,747,9,109,2017-05-30,0.0,1,0,1,153894.46,21,0.2085,0.0,1,0,
CUST-107498,50,Female,Germany,812,4,49,2022-05-30,350243.85,1,1,1,142568.06,25,0.1981,0.0581,0,0,
CUST-107499,36,Male,Germany,478,9,109,2017-05-30,135614.24,2,0,1,73641.62,15,0.4424,-0.4341,1,0,
CUST-107500,26,Male,France,605,3,43,2022-11-29,0.0,2,1,1,87868.24,34,0.0685,0.0,0,0,
CUST-107501,38,Male,Germany,568,5,60,2021-06-29,41292.2,2,1,0,26537.14,7,0.2167,-0.1951,1,0,
CUST-107502,34,Female,Germany,743,1,13,2025-05-30,157679.84,1,1,1,38832.86,32,0.3638,0.0451,0,0,
CUST-107503,31,Male,France,610,2,24,2024-06-29,35706.59,2,1,0,55747.56,9,0.1581,0.0512,0,0,
CUST-107504,47,Female,France,606,0,8,2025-10-29,208809.29,1,1,0,40193.69,14,0.0,-0.0923,0,0,
CUST-107505,30,Male,Germany,690,9,119,2016-07-29,101063.48,2,0,0,125147.05,11,0.2414,0.0195,1,0,
CUST-107506,27,Female,Germany,800,0,8,2025-10-29,98712.79,1,1,1,51087.28,31,0.0866,-0.0108,1,0,
CUST-107507,33,Female,Spain,644,9,108,2017-06-29,250344.35,2,1,1,37048.75,26,0.1641,0.0694,0,0,
CUST-107508,37,Male,Spain,605,7,95,2018-07-30,98709.79,2,0,0,216499.95,2,0.7337,-0.5023,2,0,
CUST-107509,38,Female,Germany,623,0,6,2025-12-29,66064.84,2,0,0,198545.27,8,0.3809,0.1158,0,0,
CUST-107510,52,Male,Germany,713,2,34,2017-05-30,110365.78,2,0,0,107788.39,5,0.6061,-0.4599,0,1,2020-03-30
CUST-107511,31,Female,Germany,522,3,47,2022-07-30,44760.28,1,0,1,24741.84,30,0.0907,0.1241,1,0,
CUST-107512,45,Male,Germany,648,5,69,2019-02-28,107408.38,2,0,1,162146.16,41,0.0599,-0.1347,1,1,2024-11-28
CUST-107513,33,Female,France,560,2,30,2023-12-29,0.0,2,1,1,158939.86,30,0.1609,0.0,0,0,
CUST-107514,24,Male,Germany,535,7,88,2019-02-28,51498.67,1,1,1,27786.85,19,0.4295,0.0183,0,0,
CUST-107515,50,Female,Germany,463,0,9,2021-08-29,600161.88,1,1,1,20713.04,5,0.7214,-0.2694,0,1,2022-05-30
CUST-107516,26,Male,Germany,601,3,47,2022-07-30,76054.5,2,1,0,53109.12,9,0.1803,0.0379,1,0,
CUST-107517,40,Female,Spain,754,6,81,2019-09-29,0.0,1,1,0,87891.83,6,0.2714,0.0,0,0,
CUST-107518,27,Male,Germany,460,2,32,2023-10-30,22819.35,1,1,0,157827.37,6,0.3744,-0.0099,0,0,
CUST-107519,42,Male,France,702,0,11,2025-07-30,48808.61,2,0,0,25549.9,8,0.3793,-0.0957,0,0,
CUST-107520,28,Female,France,588,4,51,2022-03-30,161486.48,1,1,0,195080.29,15,0.1242,0.1125,0,0,
CUST-107521,26,Male,France,548,3,36,2023-06-30,25758.32,1,0,1,28672.41,21,0.0228,0.0108,0,0,
CUST-107522,35,Male,France,683,3,46,2022-08-29,0.0,1,1,0,115992.85,10,0.2194,0.0,0,0,
CUST-107523,23,Female,France,776,5,60,2021-06-29,0.0,1,1,1,70838.76,31,0.0,0.0,0,0,
CUST-107524,36,Male,France,794,0,7,2025-11-28,65758.89,1,0,1,143625.69,9,0.0545,0.1023,0,0,
CUST-107525,45,Female,France,677,2,31,2023-11-29,60178.83,2,1,1,88527.57,29,0.2807,0.118,0,0,
CUST-107526,65,Male,France,643,1,22,2024-03-30,0.0,1,1,0,69448.11,16,0.2613,0.0,1,1,2026-01-28
CUST-107527,39,Female,Spain,688,6,79,2019-11-29,0.0,1,1,1,104734.34,31,0.2169,0.0,0,0,
CUST-107528,36,Female,Spain,850,0,9,2025-09-29,41134.41,2,1,1,46592.0,26,0.0,-0.061,0,0,
CUST-107529,51,Male,France,622,4,49,2022-05-30,421399.44,2,1,0,67378.35,12,0.2327,0.0624,0,0,
CUST-107530,28,Male,France,759,5,65,2021-01-28,0.0,1,1,0,34345.24,9,0.2166,0.0,0,0,
CUST-107531,30,Female,France,593,8,102,2017-12-29,0.0,2,1,0,107683.94,11,0.2457,0.0,0,0,
CUST-107532,45,Female,France,570,6,73,2018-10-29,0.0,1,0,1,137560.8,5,0.4063,0.0,1,1,2024-11-28
CUST-107533,33,Male,France,820,3,47,2019-11-29,15554.74,1,1,0,92357.27,9,0.3358,-0.075,1,1,2023-10-30
CUST-107534,34,Male,France,650,5,61,2021-05-30,110496.51,1,1,1,81223.19,13,0.3416,-0.1377,0,0,
CUST-107535,37,Male,France,672,4,51,2022-03-30,102263.03,2,1,1,61067.99,18,0.0642,0.0505,0,0,
CUST-107536,28,Female,Spain,703,5,70,2020-08-29,377977.7,2,1,1,270150.35,23,0.2208,0.1797,0,0,
CUST-107537,26,Female,Germany,564,3,37,2021-04-29,552198.62,1,1,1,70558.98,23,0.0192,0.211,0,1,2024-05-30
CUST-107538,30,Male,Spain,608,2,26,2017-10-29,0.0,1,1,0,30448.22,7,0.3475,0.0,0,1,2019-12-29
CUST-107539,33,Male,France,588,4,53,2022-01-28,96624.98,2,1,0,98166.96,11,0.0518,0.1603,0,0,
CUST-107540,42,Female,France,682,5,66,2018-12-29,76551.95,1,1,0,74216.18,7,0.5561,-0.2379,0,1,2024-06-29
CUST-107541,37,Female,Spain,685,4,50,2022-04-30,0.0,2,1,0,225443.81,8,0.3257,0.0,0,0,
CUST-107542,44,Male,France,592,7,90,2018-12-29,64377.2,2,1,0,71503.05,11,0.3442,0.0391,1,0,
CUST-107543,37,Male,Germany,845,9,119,2016-07-29,195718.31,2,1,0,34134.48,14,0.389,-0.0132,0,0,
CUST-107544,46,Male,Spain,647,6,74,2020-04-29,265620.98,2,0,1,183132.53,27,0.066,0.0047,0,0,
CUST-107545,34,Female,Germany,660,0,3,2026-03-30,234697.72,1,1,1,84988.83,28,0.1256,-0.1236,0,0,
CUST-107546,23,Male,France,779,4,51,2022-03-30,0.0,2,0,0,52603.68,14,0.0429,0.0,0,0,
CUST-107547,31,Male,Germany,566,6,75,2020-03-30,130877.31,1,1,1,249321.65,18,0.1889,0.0254,2,0,
CUST-107548,38,Female,France,600,0,7,2025-11-28,163437.79,2,1,1,70776.58,18,0.0807,0.0735,1,0,
CUST-107549,43,Male,France,677,6,74,2020-04-29,156151.45,1,1,1,52999.53,25,0.2083,-0.3584,0,0,
CUST-107550,32,Male,France,508,9,115,2016-11-28,0.0,2,0,0,121685.99,7,0.2506,0.0,1,0,
CUST-107551,39,Male,Spain,627,0,8,2025-10-29,70634.32,1,0,1,122167.92,30,0.0367,-0.0273,0,0,
CUST-107552,33,Male,Germany,847,5,66,2020-12-29,55181.31,1,1,1,119332.54,23,0.0983,0.111,1,0,
CUST-107553,30,Male,France,826,6,82,2019-08-30,80566.5,1,1,1,150958.06,11,0.4323,-0.3325,0,0,
CUST-107554,43,Male,France,736,1,13,2025-05-30,0.0,1,1,1,25320.07,30,0.1868,0.0,1,0,
CUST-107555,41,Male,Germany,764,3,44,2021-10-29,144158.73,1,1,0,114004.53,3,0.3058,-0.0272,2,1,2025-06-29
CUST-107556,72,Male,Spain,697,1,14,2025-04-29,0.0,1,1,0,75295.62,14,0.6322,0.0,1,0,
CUST-107557,32,Female,France,609,0,9,2025-09-29,13990.9,2,1,0,77603.05,7,0.038,-0.0912,0,0,
CUST-107558,52,Female,France,808,7,85,2019-05-30,0.0,2,1,1,54540.3,27,0.1305,0.0,0,0,
CUST-107559,26,Male,Spain,559,4,50,2022-04-30,0.0,2,1,0,57133.88,6,0.2856,0.0,0,0,
CUST-107560,52,Female,Spain,743,0,9,2025-09-29,128083.58,2,1,0,62937.93,9,0.2046,-0.0069,0,0,
CUST-107561,37,Male,Spain,601,2,27,2021-02-28,0.0,1,1,1,77633.69,11,0.6786,0.0,1,1,2023-05-30
CUST-107562,34,Female,France,607,0,7,2025-11-28,125507.66,2,0,1,21514.39,27,0.2888,-0.0047,0,0,
CUST-107563,41,Female,France,702,9,117,2016-09-28,0.0,2,1,1,106966.19,30,0.0921,0.0,0,0,
CUST-107564,42,Female,France,845,6,76,2020-02-28,0.0,1,0,1,123412.01,40,0.0,0.0,0,0,
CUST-107565,50,Female,France,787,0,11,2025-07-30,66806.86,2,1,0,93191.11,9,0.3307,0.0694,0,0,
CUST-107566,29,Male,Spain,683,2,31,2019-11-29,21723.89,3,1,0,99638.05,8,0.4948,-0.3395,2,1,2022-06-30
CUST-107567,26,Male,France,656,3,38,2023-04-30,0.0,1,1,1,122486.82,25,0.1668,0.0,0,0,
CUST-107568,41,Male,Germany,725,1,18,2021-02-28,95734.45,1,1,1,81980.65,10,0.5785,-0.4791,1,1,2022-08-29
CUST-107569,40,Male,Spain,781,3,46,2022-08-29,0.0,2,1,1,239497.23,30,0.1728,0.0,1,0,
CUST-107570,50,Female,Spain,481,5,71,2020-07-29,111923.83,1,1,1,72132.2,17,0.0519,-0.1168,0,0,
CUST-107571,33,Male,Germany,638,4,51,2022-03-30,29118.07,1,0,1,123114.94,17,0.2616,-0.012,1,0,
CUST-107572,31,Male,Spain,549,8,103,2017-11-28,0.0,1,0,0,44024.37,10,0.1943,0.0,2,0,
CUST-107573,40,Female,France,629,3,46,2018-06-30,37171.03,1,1,0,66892.1,12,0.2785,-0.1601,0,1,2022-04-30
CUST-107574,37,Female,France,529,3,36,2023-06-30,0.0,2,1,0,132474.81,4,0.3413,0.0,0,0,
CUST-107575,43,Female,France,477,3,40,2023-02-28,102011.37,2,1,0,65706.52,7,0.1927,-0.1626,0,0,
CUST-107576,31,Male,Spain,523,1,19,2024-11-28,59142.37,2,1,0,52901.41,7,0.1074,-0.1402,0,0,
CUST-107577,52,Female,Spain,597,0,6,2025-12-29,0.0,2,1,0,86959.85,4,0.5368,0.0,1,0,
CUST-107578,40,Male,France,706,8,97,2018-05-30,81860.14,1,1,1,73711.84,22,0.0443,-0.0359,0,0,
CUST-107579,50,Female,France,572,2,26,2024-03-30,0.0,1,1,0,43225.18,5,0.7076,0.0,1,1,2026-05-30
CUST-107580,35,Male,France,567,3,41,2023-01-29,0.0,1,0,1,58316.87,27,0.3249,0.0,0,0,
CUST-107581,30,Male,France,688,0,3,2026-03-30,0.0,1,1,0,81183.35,12,0.2117,0.0,0,0,
CUST-107582,41,Female,Spain,678,1,18,2024-12-29,43479.1,2,0,1,18949.55,31,0.2062,0.004,1,0,
CUST-107583,44,Male,France,813,8,97,2018-05-30,90859.1,2,0,1,73745.64,33,0.1443,0.0289,0,0,
CUST-107584,26,Male,Spain,740,7,94,2018-08-29,0.0,1,1,0,43764.21,7,0.1955,0.0,0,0,
CUST-107585,63,Male,Germany,552,8,100,2017-01-28,175988.43,2,0,1,62394.26,13,0.5428,-0.2245,0,1,2025-05-30
CUST-107586,31,Female,France,586,6,76,2020-02-28,0.0,2,1,1,35792.95,34,0.1402,0.0,0,0,
CUST-107587,38,Female,France,722,7,84,2019-03-30,0.0,1,1,0,59064.45,4,0.6536,0.0,3,1,2026-03-30
CUST-107588,44,Male,Spain,565,8,100,2018-02-28,224393.45,2,1,0,193413.86,8,0.107,0.2448,0,0,
CUST-107589,37,Female,Germany,619,0,2,2023-09-29,26382.41,1,1,0,41087.15,6,0.757,-0.5318,0,1,2023-11-29
CUST-107590,38,Male,France,486,4,58,2021-08-29,0.0,2,1,0,49856.62,10,0.2463,0.0,0,0,
CUST-107591,38,Female,France,525,0,5,2026-01-28,12084.58,2,1,1,58528.11,21,0.1585,0.0666,0,0,
CUST-107592,24,Male,Spain,771,5,65,2021-01-28,54331.38,2,0,0,22256.56,15,0.1652,0.079,0,0,
CUST-107593,39,Male,Spain,666,7,90,2018-12-29,0.0,2,1,1,27545.66,22,0.0,0.0,0,0,
CUST-107594,33,Female,Spain,590,5,65,2021-01-28,0.0,2,1,1,96921.92,29,0.0695,0.0,0,0,
CUST-107595,49,Female,Germany,603,2,33,2021-05-30,57836.29,1,0,0,51670.31,6,0.1693,-0.3634,1,1,2024-02-28
CUST-107596,46,Male,Spain,815,3,43,2016-09-28,0.0,2,1,0,192323.25,5,0.5027,0.0,2,1,2020-04-29
CUST-107597,27,Male,France,587,3,36,2023-06-30,96259.96,1,0,0,42710.84,15,0.2642,-0.1976,1,0,
CUST-107598,26,Female,Germany,695,3,42,2022-12-29,24038.45,2,0,0,198830.5,10,0.2303,-0.0005,0,0,
CUST-107599,64,Male,France,734,0,11,2023-12-29,66867.02,2,1,1,27274.24,15,0.7227,-0.2776,1,1,2024-11-28
CUST-107600,22,Male,Germany,789,0,9,2025-09-29,181966.24,1,1,1,65390.25,25,0.0113,-0.0591,0,0,
CUST-107601,31,Male,Spain,568,0,4,2026-02-28,45866.17,1,1,0,43588.48,4,0.2108,0.0708,0,0,
CUST-107602,28,Male,Spain,516,1,17,2025-01-28,0.0,1,0,1,108805.29,30,0.3128,0.0,1,0,
CUST-107603,52,Male,Germany,544,0,1,2026-05-30,125584.31,1,1,1,49769.35,20,0.1801,0.0682,0,0,
CUST-107604,36,Male,Germany,720,1,21,2024-09-28,161935.31,2,1,1,53037.72,28,0.2103,0.0408,0,0,
CUST-107605,31,Male,Spain,841,2,26,2024-04-29,146595.22,2,1,1,67489.74,22,0.1265,-0.0047,0,0,
CUST-107606,37,Male,Spain,724,0,3,2026-03-30,65621.02,1,1,0,291577.68,4,0.1608,-0.2042,0,0,
CUST-107607,62,Female,Spain,587,8,98,2018-04-30,23064.78,2,1,1,152737.04,26,0.1362,-0.0121,0,0,
CUST-107608,42,Male,France,764,0,5,2026-01-28,0.0,2,1,1,55271.06,24,0.0,0.0,0,0,
CUST-107609,42,Female,France,605,8,97,2018-05-30,0.0,2,0,0,42047.11,11,0.2401,0.0,1,0,
CUST-107610,26,Male,Spain,570,1,13,2025-05-30,78099.74,2,1,1,43890.65,29,0.1412,0.1501,0,0,
CUST-107611,50,Male,Spain,618,2,35,2023-07-30,44378.87,2,0,0,38795.03,19,0.1949,0.0553,0,0,
CUST-107612,29,Male,Germany,594,8,102,2017-12-29,74812.95,1,1,0,125710.15,12,0.2361,-0.0062,0,0,
CUST-107613,41,Male,Germany,583,9,112,2017-02-28,234895.29,2,1,1,47421.26,36,0.0996,0.0929,1,0,
CUST-107614,30,Female,France,767,2,29,2024-01-29,108672.46,2,1,1,138678.42,46,0.2158,-0.0172,0,0,
CUST-107615,37,Male,France,600,3,45,2017-12-29,0.0,2,1,1,138055.99,18,0.2274,0.0,1,1,2021-09-29
CUST-107616,37,Female,Spain,498,8,104,2017-10-29,0.0,2,0,0,65525.63,20,0.0,0.0,0,0,
CUST-107617,79,Female,France,706,8,101,2018-01-28,0.0,2,0,1,31506.57,19,0.055,0.0,1,0,
CUST-107618,33,Male,Germany,558,1,13,2024-11-28,36651.22,1,1,0,109577.18,2,0.7463,-0.3787,0,1,2025-12-29
CUST-107619,40,Female,Germany,561,8,100,2016-10-29,72525.26,2,1,0,35827.68,16,0.2564,0.0839,0,1,2025-02-28
CUST-107620,36,Male,Spain,717,9,112,2017-02-28,130452.3,2,1,0,71837.24,8,0.3346,-0.3262,0,0,
CUST-107621,28,Male,France,580,1,23,2024-07-29,0.0,1,1,0,164236.77,11,0.2203,0.0,0,0,
CUST-107622,41,Male,Germany,607,1,20,2017-05-30,77522.31,1,1,0,18847.55,4,0.6444,-0.4582,1,1,2019-01-29
CUST-107623,47,Female,France,654,4,54,2021-12-29,129451.54,2,1,0,61464.71,14,0.1713,-0.0594,0,0,
CUST-107624,28,Female,France,623,9,109,2017-05-30,60082.48,2,0,1,50148.3,22,0.0265,-0.0037,0,0,
CUST-107625,35,Female,France,609,2,32,2023-10-30,166577.1,2,1,1,55495.83,22,0.0359,-0.0591,0,0,
CUST-107626,38,Female,France,425,6,72,2020-06-29,0.0,2,1,0,32863.33,11,0.2911,0.0,0,0,
CUST-107627,46,Male,Spain,633,4,51,2018-06-30,27951.34,2,0,0,225353.16,5,0.6721,-0.4035,1,1,2022-09-29
CUST-107628,46,Female,Spain,805,1,16,2023-01-29,0.0,1,0,0,78734.05,5,0.4744,0.0,1,1,2024-05-30
CUST-107629,25,Female,France,710,7,91,2018-11-29,0.0,1,0,1,23278.2,23,0.2909,0.0,0,0,
CUST-107630,63,Female,Spain,614,1,21,2019-12-29,0.0,3,1,1,88117.78,12,0.5739,0.0,2,1,2021-09-29
CUST-107631,42,Female,Germany,695,2,32,2023-10-30,83339.01,1,1,1,133703.76,23,0.0501,0.018,1,0,
CUST-107632,37,Female,Germany,710,2,28,2024-02-28,156387.58,2,1,1,69004.57,17,0.0,-0.0117,0,0,
CUST-107633,46,Male,Spain,569,4,51,2022-03-30,0.0,2,0,0,176289.63,11,0.259,0.0,0,0,
CUST-107634,54,Female,Germany,771,1,12,2025-04-29,140557.08,1,1,1,22806.99,19,0.3807,-0.1437,1,1,2026-04-30
CUST-107635,35,Female,France,666,6,78,2019-12-29,283422.11,2,0,0,134564.25,17,0.3279,-0.0835,0,0,
CUST-107636,34,Female,France,620,8,104,2017-10-29,0.0,2,1,1,62555.62,29,0.0525,0.0,1,0,
CUST-107637,28,Male,France,803,8,106,2017-08-29,0.0,1,1,1,43894.03,30,0.1866,0.0,0,0,
CUST-107638,35,Male,Spain,451,1,18,2024-12-29,83722.65,1,1,0,111195.15,6,0.1444,0.1016,0,0,
CUST-107639,43,Female,Germany,537,0,9,2019-01-29,69217.38,2,1,0,109912.65,6,0.6326,-0.2405,0,1,2019-10-30
CUST-107640,35,Female,France,712,2,33,2023-09-29,91256.93,2,1,0,165538.1,8,0.4136,-0.1571,0,0,
CUST-107641,34,Female,France,715,1,17,2025-01-28,0.0,1,1,0,161212.71,14,0.3922,0.0,0,0,
CUST-107642,59,Female,Spain,808,1,18,2017-09-29,0.0,1,1,0,74850.27,7,0.7101,0.0,0,1,2019-03-30
CUST-107643,40,Male,France,433,5,66,2020-12-29,58364.62,2,1,0,29656.17,12,0.1499,0.0699,0,0,
CUST-107644,40,Female,Germany,732,8,98,2018-04-30,42986.17,2,1,0,26390.58,3,0.5798,-0.3253,0,0,
CUST-107645,43,Male,Germany,530,1,15,2025-03-30,157309.58,2,0,0,27821.88,6,0.1454,-0.1102,0,0,
CUST-107646,48,Male,France,690,5,63,2020-03-30,104653.15,2,0,1,56598.95,27,0.1505,-0.011,0,1,2025-06-29
CUST-107647,38,Male,France,644,9,118,2016-08-29,0.0,2,0,0,82347.69,0,0.8692,0.0,3,0,
CUST-107648,30,Male,France,732,3,43,2022-11-29,51361.46,2,1,1,97398.39,31,0.3007,-0.0193,1,0,
CUST-107649,42,Male,France,627,8,103,2017-11-28,141100.2,2,1,1,98692.83,27,0.1154,0.0568,0,0,
CUST-107650,50,Female,Germany,747,0,7,2025-11-28,51987.07,2,1,0,45718.83,10,0.1998,0.2533,0,0,
CUST-107651,42,Male,Spain,571,2,30,2023-12-29,49866.41,3,1,0,152893.5,11,0.4038,-0.3226,3,0,
CUST-107652,46,Female,France,642,8,97,2018-05-30,0.0,1,1,0,174240.95,12,0.0809,0.0,0,0,
CUST-107653,34,Male,Germany,669,1,19,2024-11-28,63309.35,2,1,1,41204.95,23,0.1971,0.0555,0,0,
CUST-107654,31,Female,France,811,1,13,2025-05-30,0.0,1,1,1,67814.19,18,0.0935,0.0,0,0,
CUST-107655,39,Male,France,730,0,9,2025-09-29,0.0,2,1,0,104613.53,2,0.6775,0.0,2,0,
CUST-107656,33,Female,Spain,670,4,54,2021-12-29,72107.64,2,1,0,160212.22,17,0.2448,0.1496,1,0,
CUST-107657,55,Female,Spain,711,3,47,2019-02-28,84436.18,1,1,1,100068.5,33,0.0634,0.1192,0,1,2023-01-29
CUST-107658,43,Male,Spain,754,9,119,2016-07-29,0.0,2,1,1,51738.39,18,0.1539,0.0,0,0,
CUST-107659,33,Male,France,686,6,81,2019-09-29,118010.01,2,1,0,40876.34,5,0.6042,0.0264,0,0,
CUST-107660,29,Male,Germany,552,6,74,2020-04-29,129321.47,2,0,1,39651.78,23,0.2347,-0.0073,0,0,
CUST-107661,50,Male,France,710,1,16,2025-02-28,0.0,2,0,0,62370.82,4,0.2364,0.0,0,0,
CUST-107662,30,Male,Spain,647,0,4,2026-02-28,197704.11,2,1,0,54206.66,11,0.2573,0.24,0,0,
CUST-107663,37,Male,Germany,616,8,107,2017-07-30,322139.2,1,1,1,35502.7,28,0.2399,0.0339,0,0,
CUST-107664,40,Female,Spain,575,0,1,2026-05-30,135049.46,3,1,1,106562.63,23,0.2379,0.0347,0,0,
CUST-107665,30,Male,France,706,2,24,2024-06-29,42276.09,2,0,1,59378.95,27,0.3777,0.1623,0,0,
CUST-107666,36,Male,France,699,4,48,2018-09-29,110618.36,2,1,0,91549.9,9,0.0196,0.0844,0,1,2022-09-29
CUST-107667,52,Male,Spain,558,7,88,2019-02-28,250896.79,2,0,1,35218.39,22,0.1004,0.1199,0,0,
CUST-107668,27,Male,France,544,4,50,2022-04-30,0.0,2,1,1,125465.47,31,0.1079,0.0,0,0,
CUST-107669,49,Male,Germany,832,7,89,2019-01-29,332186.1,2,1,0,113671.64,13,0.1741,-0.0399,0,0,
CUST-107670,39,Female,Germany,733,3,37,2023-05-30,154969.43,1,0,1,135951.47,34,0.0255,0.0716,0,0,
CUST-107671,32,Female,Spain,658,8,102,2017-12-29,0.0,1,0,0,67385.98,10,0.1959,0.0,0,0,
CUST-107672,26,Male,France,708,5,62,2021-04-29,0.0,1,1,1,63204.92,27,0.1782,0.0,0,0,
CUST-107673,36,Male,Spain,605,6,76,2020-02-28,0.0,1,1,1,101596.75,32,0.2501,0.0,0,0,
CUST-107674,32,Male,France,633,3,41,2023-01-29,0.0,1,0,0,146718.77,12,0.3304,0.0,0,0,
CUST-107675,36,Female,France,652,0,11,2025-07-30,0.0,2,0,0,71037.48,12,0.1747,0.0,1,0,
CUST-107676,44,Male,Germany,743,7,91,2018-11-29,511930.31,2,0,1,30459.31,19,0.4139,-0.1606,0,0,
CUST-107677,26,Female,France,514,4,49,2022-05-30,183118.18,2,1,1,56025.92,34,0.265,0.0724,2,0,
CUST-107678,39,Female,Spain,552,6,82,2019-08-30,0.0,2,1,0,151455.61,12,0.1292,0.0,0,0,
CUST-107679,60,Female,Spain,532,5,67,2018-07-30,0.0,1,1,1,110039.35,22,0.0,0.0,1,1,2024-02-28
CUST-107680,33,Male,Spain,732,3,36,2023-06-30,0.0,2,1,0,85303.1,9,0.0,0.0,1,0,
CUST-107681,42,Female,Spain,640,6,81,2019-09-29,0.0,2,1,0,56951.98,10,0.5629,0.0,1,0,
CUST-107682,24,Male,Germany,562,9,113,2017-01-28,27459.74,2,1,0,184101.99,5,0.3377,-0.0628,0,0,
CUST-107683,26,Male,France,629,0,4,2026-02-28,0.0,1,1,0,40786.44,16,0.3694,0.0,0,0,
CUST-107684,31,Female,Spain,589,9,118,2016-08-29,0.0,2,1,0,72720.62,15,0.0777,0.0,1,0,
CUST-107685,53,Female,France,512,1,19,2024-11-28,0.0,1,0,1,93842.29,26,0.1318,0.0,1,0,
CUST-107686,33,Male,Spain,771,3,40,2020-09-28,61742.96,2,1,0,91200.3,6,0.6722,-0.4437,0,1,2024-01-29
CUST-107687,42,Male,France,636,0,9,2018-07-30,75440.57,1,0,1,46588.47,16,0.7023,-0.2419,1,1,2019-04-30
CUST-107688,32,Male,Germany,773,2,33,2023-09-29,104637.51,2,1,1,113657.82,23,0.1863,-0.0261,0,0,
CUST-107689,28,Female,France,511,1,19,2024-11-28,0.0,2,0,0,100041.21,7,0.3078,0.0,0,0,
CUST-107690,35,Male,France,698,5,65,2021-01-28,0.0,2,1,1,79716.47,31,0.2741,0.0,0,0,
CUST-107691,43,Male,France,512,4,55,2021-11-28,0.0,1,1,1,91153.34,25,0.0895,0.0,0,0,
CUST-107692,50,Male,France,850,2,26,2019-01-29,0.0,1,0,0,53653.0,9,0.8295,0.0,1,1,2021-03-30
CUST-107693,36,Female,France,484,0,7,2020-11-28,0.0,3,1,0,200202.55,8,0.7042,0.0,0,1,2021-06-29
CUST-107694,42,Female,France,822,3,37,2018-06-30,108180.34,2,1,0,151875.53,5,0.5471,-0.3128,0,1,2021-07-30
CUST-107695,38,Male,France,648,9,117,2016-09-28,0.0,2,0,1,50278.36,18,0.1058,0.0,1,0,
CUST-107696,39,Female,Germany,632,8,102,2017-12-29,223363.31,2,1,1,66000.36,24,0.1619,0.0128,0,0,
CUST-107697,30,Male,France,707,1,23,2024-07-29,0.0,1,1,1,136053.19,23,0.0431,0.0,0,0,
CUST-107698,31,Female,Spain,560,7,92,2018-10-29,31411.08,2,1,0,104268.65,9,0.0515,0.1039,0,0,
CUST-107699,28,Female,France,725,0,1,2026-05-30,29372.26,1,1,1,77749.43,18,0.1237,-0.1715,1,0,
CUST-107700,33,Male,Germany,732,4,48,2018-07-30,155571.71,1,0,0,42246.94,6,0.3021,-0.1455,0,1,2022-07-30
CUST-107701,47,Female,France,651,0,8,2018-05-30,132244.78,1,0,0,44698.38,2,0.5089,-0.2278,1,1,2019-01-29
CUST-107702,57,Female,Germany,674,0,6,2022-09-29,373748.61,1,1,0,76289.79,16,0.2674,-0.0571,0,1,2023-03-30
CUST-107703,47,Male,Germany,835,5,61,2021-05-30,28254.07,2,1,1,183623.84,19,0.3508,-0.142,0,0,
CUST-107704,42,Male,Germany,713,3,43,2022-11-29,127584.43,2,1,0,139185.45,5,0.512,0.1076,1,0,
CUST-107705,38,Female,France,575,4,49,2021-12-29,176165.26,1,0,1,103606.36,11,0.4743,-0.571,1,1,2026-01-28
CUST-107706,47,Male,Germany,722,5,62,2021-04-29,112823.49,2,1,0,110605.03,10,0.0623,-0.2555,0,0,
CUST-107707,86,Male,France,598,2,24,2024-06-29,0.0,1,1,0,20825.77,9,0.3624,0.0,1,0,
CUST-107708,40,Male,France,580,8,102,2017-12-29,68922.31,2,0,0,87085.7,8,0.3577,-0.0186,0,0,
CUST-107709,43,Female,France,699,3,46,2022-08-29,68891.33,1,0,1,86648.38,39,0.1589,0.1255,0,0,
CUST-107710,40,Female,Germany,553,4,57,2021-09-29,107776.14,1,0,1,32671.45,27,0.2765,-0.0141,0,0,
CUST-107711,62,Female,France,654,5,61,2021-05-30,229646.48,2,1,0,250460.2,13,0.0,0.2115,0,0,
CUST-107712,36,Male,Spain,715,5,69,2020-09-28,32294.07,1,1,1,94862.27,21,0.015,-0.0168,0,0,
CUST-107713,30,Female,France,833,9,108,2017-06-29,0.0,2,1,0,100310.08,7,0.3604,0.0,0,0,
CUST-107714,45,Male,France,711,3,40,2023-02-28,0.0,2,1,0,48521.45,7,0.2726,0.0,0,0,
CUST-107715,31,Female,France,509,0,1,2026-05-30,0.0,1,0,0,85083.41,8,0.3755,0.0,0,0,
CUST-107716,40,Female,France,524,1,21,2024-09-28,0.0,2,0,1,79983.08,22,0.1158,0.0,0,0,
CUST-107717,38,Male,Germany,816,0,3,2026-03-30,10138.83,2,0,0,211825.2,7,0.212,0.0012,0,0,
CUST-107718,42,Female,Spain,589,9,108,2017-06-29,0.0,1,1,1,124905.22,35,0.2326,0.0,1,0,
CUST-107719,38,Male,Spain,504,0,9,2025-09-29,0.0,2,1,1,82020.17,22,0.0728,0.0,0,0,
CUST-107720,25,Male,France,554,2,31,2023-11-29,0.0,2,0,0,31959.13,18,0.1479,0.0,1,0,
CUST-107721,44,Female,France,726,6,74,2020-04-29,34611.88,1,1,1,36853.97,37,0.0138,0.1937,1,0,
CUST-107722,41,Male,Spain,661,5,64,2021-02-28,36204.14,1,1,0,17837.84,8,0.1285,0.1036,0,0,
CUST-107723,51,Female,France,712,5,71,2019-07-30,0.0,1,0,1,61043.3,11,0.4904,0.0,1,1,2025-06-29
CUST-107724,31,Male,France,647,9,118,2016-08-29,0.0,2,1,0,97465.61,10,0.1649,0.0,0,0,
CUST-107725,24,Male,Spain,544,2,31,2018-01-28,0.0,3,1,0,76561.93,10,0.5965,0.0,3,1,2020-08-29
CUST-107726,45,Female,France,478,5,62,2021-04-29,0.0,2,1,1,104593.96,27,0.1242,0.0,0,0,
CUST-107727,44,Male,France,570,9,111,2017-03-30,110285.52,2,1,1,238336.16,20,0.2804,0.0814,2,0,
CUST-107728,43,Female,France,662,4,51,2022-03-30,36550.28,1,0,1,43485.31,16,0.1037,-0.1329,0,0,
CUST-107729,23,Female,Germany,536,4,55,2021-11-28,125260.21,2,1,0,43339.47,10,0.3135,0.0655,0,0,
CUST-107730,66,Male,France,744,2,35,2023-07-30,47742.78,1,1,1,78429.83,25,0.2568,0.0333,0,0,
CUST-107731,22,Male,Germany,554,7,91,2018-11-29,16334.36,1,0,0,30969.58,10,0.3385,-0.0317,1,0,
CUST-107732,24,Male,France,491,2,35,2023-07-30,0.0,1,1,0,70779.47,10,0.2471,0.0,0,0,
CUST-107733,28,Female,France,650,4,59,2021-07-30,126131.72,2,1,0,56874.73,9,0.371,-0.1846,0,0,
CUST-107734,46,Male,France,723,4,55,2018-02-28,0.0,2,1,0,36271.96,11,0.1672,0.0,0,1,2022-09-29
CUST-107735,52,Female,Spain,793,4,54,2021-12-29,93970.15,2,1,0,35752.79,9,0.3257,-0.0236,0,0,
CUST-107736,38,Female,France,495,4,56,2021-10-29,0.0,1,1,1,54685.88,20,0.359,0.0,0,0,
CUST-107737,44,Male,Germany,787,10,120,2016-06-29,55022.63,1,1,0,49896.06,19,0.2154,0.0737,0,0,
CUST-107738,31,Female,France,668,2,33,2023-09-29,0.0,2,0,0,59988.58,16,0.1132,0.0,0,0,
CUST-107739,29,Male,France,590,7,93,2018-09-29,146646.65,1,1,0,152932.09,12,0.1747,-0.0227,0,0,
CUST-107740,26,Male,France,715,5,69,2018-08-29,0.0,1,1,0,130018.36,6,0.7215,0.0,2,1,2024-05-30
CUST-107741,44,Male,Germany,780,6,82,2019-07-30,39872.05,2,1,0,90723.01,9,0.1968,-0.0313,0,1,2026-05-30
CUST-107742,51,Female,France,489,6,77,2020-01-29,0.0,2,1,0,106028.37,13,0.211,0.0,0,0,
CUST-107743,27,Male,Spain,609,1,23,2024-07-29,0.0,2,1,0,41681.58,5,0.2235,0.0,0,0,
CUST-107744,30,Female,Spain,598,5,67,2020-11-28,0.0,2,1,0,102580.36,18,0.0514,0.0,0,0,
CUST-107745,33,Male,Spain,710,7,90,2018-12-29,69211.0,2,1,0,42026.1,11,0.2229,-0.0622,0,0,
CUST-107746,28,Female,Germany,790,3,37,2023-05-30,54118.98,1,1,0,101078.05,8,0.1296,0.0889,0,0,
CUST-107747,41,Female,Germany,657,2,24,2024-06-29,57635.18,2,1,1,199729.33,30,0.1379,-0.0862,0,0,
CUST-107748,34,Female,Germany,622,0,4,2026-02-28,70419.44,1,0,1,126540.48,25,0.1869,-0.1735,1,0,
CUST-107749,54,Male,France,693,0,11,2025-07-30,72236.97,1,1,0,119275.76,13,0.1516,-0.1059,0,0,
CUST-107750,31,Male,Spain,627,5,60,2021-06-29,0.0,2,0,1,40691.19,32,0.2872,0.0,0,0,
CUST-107751,47,Male,Spain,442,0,2,2026-04-30,0.0,1,0,0,72989.11,20,0.2734,0.0,1,0,
CUST-107752,26,Male,France,700,6,78,2019-12-29,348907.59,1,0,0,85866.12,14,0.1384,-0.1726,0,0,
CUST-107753,32,Female,Spain,745,7,90,2018-12-29,0.0,1,1,1,131065.67,21,0.1167,0.0,1,0,
CUST-107754,39,Male,Spain,753,3,38,2023-04-30,0.0,2,0,0,49700.92,11,0.1042,0.0,0,0,
CUST-107755,41,Male,France,539,2,25,2024-05-30,326411.41,1,1,0,70253.46,12,0.3102,0.1712,0,0,
CUST-107756,56,Female,Spain,708,5,64,2021-02-28,43080.9,1,1,0,181137.75,12,0.2338,0.0833,0,0,
CUST-107757,40,Male,France,797,0,5,2026-01-28,0.0,2,0,1,76717.44,22,0.1603,0.0,0,0,
CUST-107758,41,Female,France,850,7,88,2019-02-28,0.0,1,1,0,21574.22,12,0.4266,0.0,0,0,
CUST-107759,29,Male,France,696,0,9,2025-09-29,0.0,1,0,1,40026.7,15,0.0,0.0,0,0,
CUST-107760,30,Male,Germany,744,2,27,2024-03-30,77735.89,1,0,1,51667.46,18,0.3203,0.008,0,0,
CUST-107761,33,Female,France,555,3,38,2023-04-30,0.0,2,1,1,42721.39,28,0.2147,0.0,0,0,
CUST-107762,37,Male,Spain,542,3,38,2023-04-30,0.0,1,1,0,86100.56,6,0.0323,0.0,1,0,
CUST-107763,36,Female,France,745,5,62,2021-04-29,0.0,1,0,1,140529.33,20,0.1971,0.0,0,0,
CUST-107764,41,Male,France,455,1,22,2018-03-30,0.0,1,0,0,155412.14,5,0.5353,0.0,2,1,2020-01-29
CUST-107765,54,Male,Germany,665,6,81,2019-09-29,73228.2,2,1,1,161541.17,28,0.151,-0.2327,0,0,
CUST-107766,37,Male,France,787,3,40,2022-05-30,0.0,1,1,0,54193.89,1,0.5482,0.0,1,1,2025-09-29
CUST-107767,46,Male,Germany,718,1,15,2019-07-30,114034.16,2,0,0,66343.44,6,0.5012,-0.4066,0,1,2020-10-29
CUST-107768,30,Female,France,718,7,91,2018-11-29,0.0,1,1,1,71299.45,31,0.1668,0.0,0,0,
CUST-107769,57,Male,Spain,645,2,33,2023-09-29,0.0,2,0,1,376463.0,32,0.0,0.0,0,0,
CUST-107770,37,Female,Germany,611,8,98,2018-04-30,270467.61,1,1,1,93816.84,18,0.1071,-0.0563,0,0,
CUST-107771,56,Female,France,850,5,60,2021-06-29,102569.53,1,1,0,69909.42,9,0.1385,-0.0957,0,0,
CUST-107772,35,Male,France,768,0,11,2025-07-30,0.0,1,1,0,45830.87,8,0.2131,0.0,0,0,
CUST-107773,33,Female,France,731,8,105,2017-09-29,0.0,2,1,0,146498.69,16,0.3401,0.0,1,0,
CUST-107774,32,Male,Spain,653,6,81,2019-09-29,50661.55,1,1,0,37929.2,7,0.2914,-0.2048,1,0,
CUST-107775,28,Female,Germany,594,2,25,2024-05-30,506152.13,1,1,1,86744.83,27,0.1737,-0.1255,0,0,
CUST-107776,49,Male,France,754,3,41,2023-01-29,474684.13,2,0,1,72193.39,26,0.1602,-0.1188,0,0,
CUST-107777,30,Female,France,621,3,38,2021-04-29,41007.21,3,1,0,62531.91,6,0.4807,-0.3424,2,1,2024-06-29
CUST-107778,41,Male,Spain,658,8,101,2018-01-28,91795.35,2,1,1,215297.43,13,0.2638,-0.095,0,0,
CUST-107779,28,Male,France,709,1,15,2025-03-30,0.0,3,1,0,101709.89,8,0.3195,0.0,0,0,
CUST-107780,62,Male,Germany,670,1,19,2024-08-29,53551.65,1,0,0,132430.68,3,0.838,-0.414,0,1,2026-03-30
CUST-107781,49,Male,Spain,799,0,4,2023-03-30,0.0,2,1,0,39273.22,6,0.2473,0.0,0,1,2023-07-30
CUST-107782,48,Female,France,523,8,107,2017-07-30,608812.39,2,1,1,132694.27,30,0.0269,-0.0212,0,0,
CUST-107783,39,Male,Germany,656,5,63,2021-03-30,60697.47,1,1,1,161203.45,15,0.2579,-0.1807,1,0,
CUST-107784,36,Female,France,850,1,15,2025-03-30,422398.24,1,0,0,86707.55,15,0.251,-0.1812,2,0,
CUST-107785,32,Male,France,736,9,112,2017-02-28,237998.82,1,0,1,58268.57,34,0.211,0.2473,0,0,
CUST-107786,56,Male,Spain,631,8,101,2018-01-28,129410.53,2,0,1,47588.29,24,0.3026,-0.0122,0,0,
CUST-107787,26,Male,Germany,727,1,13,2025-05-30,260951.9,2,0,1,75162.45,29,0.0592,-0.1131,1,0,
CUST-107788,44,Male,Spain,645,2,33,2023-09-29,0.0,1,0,1,66627.43,11,0.1704,0.0,0,0,
CUST-107789,31,Female,Germany,791,4,57,2021-09-29,145928.8,2,1,1,53352.74,24,0.2269,0.0668,1,0,
CUST-107790,28,Male,France,729,0,8,2025-10-29,0.0,2,1,1,96394.66,25,0.1161,0.0,0,0,
CUST-107791,34,Female,Germany,567,1,14,2020-05-30,60843.14,1,1,0,82920.62,6,0.6683,-0.32,0,1,2021-07-30
CUST-107792,34,Male,Germany,673,2,27,2024-03-30,77852.9,1,0,1,60141.63,20,0.0,0.0621,0,0,
CUST-107793,41,Male,France,690,6,74,2020-04-29,29803.27,2,1,1,60703.1,23,0.1182,0.0042,0,0,
CUST-107794,50,Male,France,695,1,20,2023-12-29,0.0,1,1,0,28936.69,5,0.531,0.0,0,1,2025-08-29
CUST-107795,36,Female,Germany,681,7,85,2019-05-30,54967.2,1,1,1,67511.77,22,0.6532,0.0508,0,0,
CUST-107796,25,Male,Germany,704,4,48,2022-06-30,27828.73,2,1,1,37295.38,16,0.0,0.0113,1,0,
CUST-107797,30,Female,France,690,3,41,2023-01-29,147425.19,1,1,0,59656.05,14,0.338,-0.179,0,0,
CUST-107798,35,Male,Spain,581,3,45,2022-09-29,73679.51,2,1,0,86992.53,9,0.3884,-0.1583,0,0,
CUST-107799,33,Male,France,606,9,113,2017-01-28,340980.86,1,1,1,26609.49,18,0.355,-0.1199,0,0,
CUST-107800,44,Female,France,626,3,36,2023-06-30,184433.68,2,0,1,62794.5,22,0.1895,0.0999,0,0,
CUST-107801,41,Female,France,659,8,99,2018-03-30,0.0,1,1,0,88916.99,5,0.1849,0.0,0,0,
CUST-107802,46,Female,Spain,626,9,110,2017-04-29,0.0,2,1,1,31479.34,33,0.1348,0.0,0,0,
CUST-107803,23,Male,France,756,7,87,2019-03-30,117047.21,1,1,1,52175.02,28,0.1271,-0.051,0,0,
CUST-107804,49,Female,France,558,1,16,2019-02-28,196728.24,1,1,1,35006.41,4,0.7508,-0.35,0,1,2020-06-29
CUST-107805,25,Male,France,483,6,78,2019-12-29,12617.76,1,1,0,117713.7,9,0.0658,-0.2119,0,0,
CUST-107806,43,Female,Germany,839,2,33,2023-09-29,25819.95,1,0,0,51419.54,9,0.1516,0.2148,0,0,
CUST-107807,53,Male,Spain,572,4,56,2018-02-28,0.0,1,0,0,50056.61,0,0.7066,0.0,0,1,2022-10-29
CUST-107808,24,Female,France,756,3,37,2023-05-30,23598.81,1,1,0,116251.45,10,0.2181,0.0334,0,0,
CUST-107809,22,Male,Spain,708,8,105,2017-09-29,47849.34,2,1,1,63067.04,18,0.1514,0.1472,0,0,
CUST-107810,36,Female,France,575,8,97,2018-05-30,146290.16,2,1,0,196214.52,3,0.3274,-0.1133,0,0,
CUST-107811,33,Female,France,637,5,70,2020-08-29,0.0,2,1,1,97110.1,24,0.3213,0.0,0,0,
CUST-107812,27,Female,Germany,623,0,1,2026-05-30,157726.71,1,1,0,93033.95,11,0.1611,-0.003,0,0,
CUST-107813,22,Male,Germany,684,9,117,2016-09-28,37798.91,2,1,1,94723.97,30,0.0159,0.2425,0,0,
CUST-107814,49,Male,France,576,7,90,2018-12-29,187408.59,1,1,1,147826.88,24,0.025,0.1275,0,0,
CUST-107815,27,Female,Germany,633,1,14,2023-12-29,47606.06,1,1,0,13087.07,5,0.7599,-0.5695,1,1,2025-02-28
CUST-107816,79,Female,France,646,2,28,2021-05-30,143951.74,1,1,0,105572.5,2,0.7504,-0.4398,3,1,2023-09-29
CUST-107817,28,Female,Germany,756,0,4,2026-02-28,161014.16,1,0,1,46001.99,39,0.0331,-0.0779,1,0,
CUST-107818,28,Male,Germany,611,8,105,2017-09-29,499309.39,2,0,0,37579.2,4,0.1082,0.0337,0,0,
CUST-107819,21,Male,Spain,556,3,40,2023-02-28,0.0,1,1,1,66700.78,30,0.1865,0.0,1,0,
CUST-107820,27,Male,France,598,9,117,2016-09-28,161863.88,1,0,1,68735.33,28,0.1457,-0.0227,0,0,
CUST-107821,29,Female,Germany,685,1,20,2024-10-29,70639.9,1,1,1,27491.35,25,0.0,-0.2314,0,0,
CUST-107822,36,Male,Germany,480,0,9,2025-09-29,102416.55,1,0,0,37464.94,8,0.3931,-0.0435,0,0,
CUST-107823,43,Male,France,765,0,4,2026-02-28,123486.34,2,1,0,33104.57,12,0.2581,0.0506,1,0,
CUST-107824,32,Female,France,652,3,45,2022-09-29,56160.97,1,0,1,45345.92,27,0.0258,-0.046,0,0,
CUST-107825,43,Female,Spain,692,4,52,2022-02-28,156099.75,1,0,0,95042.75,5,0.0709,0.1572,1,0,
CUST-107826,59,Female,France,671,3,42,2022-12-29,0.0,2,1,0,58414.82,10,0.2394,0.0,1,0,
CUST-107827,34,Male,Spain,586,5,68,2020-10-29,169051.96,2,1,0,84334.14,15,0.2052,0.2197,0,0,
CUST-107828,32,Male,France,546,5,64,2017-12-29,37656.31,3,1,1,46581.11,8,0.6121,-0.4064,0,1,2023-04-30
CUST-107829,28,Male,Spain,583,5,64,2021-02-28,0.0,1,1,0,152467.55,6,0.1835,0.0,1,0,
CUST-107830,37,Male,France,505,6,81,2019-09-29,0.0,2,1,0,56019.35,12,0.1083,0.0,0,0,
CUST-107831,56,Female,Spain,683,4,58,2018-09-29,167306.11,1,1,1,117819.57,10,0.7848,-0.4378,0,1,2023-07-30
CUST-107832,36,Male,Germany,634,4,59,2017-09-29,79832.39,1,1,0,74542.61,8,0.717,-0.2728,0,1,2022-08-29
CUST-107833,43,Male,France,503,5,69,2020-09-28,87073.74,2,1,1,46953.43,21,0.1106,-0.1804,0,0,
CUST-107834,37,Male,Germany,591,3,38,2023-04-30,65243.97,1,1,1,237180.21,24,0.3889,-0.2129,0,0,
CUST-107835,36,Female,Germany,713,8,97,2018-05-30,145373.56,1,0,1,142097.71,24,0.0025,0.1108,0,0,
CUST-107836,74,Female,France,774,1,17,2025-01-28,24338.62,1,1,0,64007.46,5,0.5663,-0.2968,0,0,
CUST-107837,40,Male,France,527,0,5,2026-01-28,0.0,1,0,0,119499.58,14,0.4541,0.0,1,0,
CUST-107838,47,Male,Germany,850,6,82,2019-08-30,56870.4,2,1,0,71383.91,4,0.3229,-0.2495,0,0,
CUST-107839,42,Male,Germany,558,8,102,2017-12-29,140147.65,1,1,0,61981.88,1,0.5919,-0.2567,2,0,
CUST-107840,36,Female,France,486,2,31,2023-11-29,0.0,2,0,0,48945.14,5,0.318,0.0,2,0,
CUST-107841,22,Male,Spain,819,3,44,2022-10-29,120779.5,2,1,0,71561.32,7,0.174,-0.0355,0,0,
CUST-107842,31,Male,France,550,8,101,2018-01-28,0.0,1,0,1,85524.36,25,0.1806,0.0,1,0,
CUST-107843,55,Female,France,796,3,44,2021-01-28,75288.57,1,0,0,81008.67,4,0.4103,-0.5127,0,1,2024-09-28
CUST-107844,24,Male,Germany,586,7,89,2019-01-29,42249.95,1,1,1,99098.17,23,0.1287,0.1183,2,0,
CUST-107845,30,Female,France,622,9,116,2016-10-29,72581.37,1,1,1,71083.72,30,0.1966,-0.1057,0,0,
CUST-107846,30,Male,France,525,4,50,2022-04-30,0.0,3,0,1,35169.32,20,0.0,0.0,0,0,
CUST-107847,48,Female,Germany,773,0,5,2022-07-30,66195.75,3,1,0,89708.32,6,0.4943,-0.3316,1,1,2022-12-29
CUST-107848,56,Male,France,759,1,23,2024-07-29,0.0,1,1,0,48094.14,12,0.2876,0.0,0,0,
CUST-107849,26,Male,France,587,0,8,2025-10-29,456420.73,1,1,1,28652.73,20,0.1927,-0.0363,0,0,
CUST-107850,35,Male,Germany,643,3,41,2023-01-29,122738.15,2,0,0,62439.85,12,0.256,-0.1816,0,0,
CUST-107851,48,Male,Germany,714,8,103,2017-11-28,44181.41,2,1,0,52932.33,5,0.5553,-0.498,1,1,2026-06-30
CUST-107852,31,Female,Spain,605,5,68,2020-10-29,85752.62,2,1,0,44379.51,8,0.1383,0.2303,0,0,
CUST-107853,43,Male,Germany,781,1,13,2025-05-30,362365.68,2,1,0,34364.1,15,0.1978,-0.0451,0,0,
CUST-107854,34,Male,France,640,4,57,2021-09-29,0.0,1,1,1,82128.31,24,0.1834,0.0,1,0,
CUST-107855,67,Female,France,600,2,31,2018-07-30,0.0,2,1,1,48935.34,13,0.5547,0.0,3,1,2021-02-28
CUST-107856,32,Male,Spain,498,5,71,2020-07-29,0.0,2,1,1,41961.17,22,0.2712,0.0,0,0,
CUST-107857,45,Female,France,526,6,74,2020-04-29,115319.88,1,1,1,87240.64,13,0.1049,-0.0292,0,0,
CUST-107858,33,Female,France,707,9,114,2016-12-29,58400.86,1,1,1,62588.46,29,0.2674,-0.0238,0,0,
CUST-107859,38,Male,Spain,673,7,89,2018-01-28,0.0,1,1,1,85340.0,19,0.6507,0.0,0,1,2025-06-29
CUST-107860,27,Female,Germany,728,4,57,2017-02-28,680367.06,1,1,0,64149.36,6,0.6446,-0.3647,1,1,2021-11-28
CUST-107861,43,Female,Germany,596,2,27,2024-03-30,103333.1,2,0,0,84904.57,7,0.2144,0.0908,0,0,
CUST-107862,51,Female,France,492,5,69,2020-09-28,96668.37,2,1,0,31251.02,7,0.1646,0.0975,0,0,
CUST-107863,26,Male,France,602,7,92,2018-10-29,34595.6,1,1,1,154862.64,21,0.0681,0.1634,0,0,
CUST-107864,30,Male,France,846,2,34,2023-08-30,0.0,1,0,1,26987.04,17,0.1332,0.0,0,0,
CUST-107865,49,Female,Germany,557,1,22,2023-02-28,138653.13,1,1,0,111422.06,6,0.7651,-0.2748,1,1,2024-12-29
CUST-107866,33,Female,France,647,1,16,2025-02-28,0.0,2,1,0,65341.87,9,0.1184,0.0,0,0,
CUST-107867,36,Male,France,418,0,3,2026-03-30,119025.17,2,1,0,231282.06,9,0.2233,-0.1264,0,0,
CUST-107868,28,Male,France,600,0,7,2025-11-28,88527.74,1,1,0,71912.83,13,0.2708,-0.1013,0,0,
CUST-107869,51,Female,Germany,610,0,7,2025-11-28,100507.07,1,0,0,101572.47,6,0.6179,-0.1242,0,0,
CUST-107870,27,Female,Germany,682,1,21,2024-09-28,64795.38,1,1,1,22432.59,20,0.3098,0.0477,0,0,
CUST-107871,36,Female,France,619,9,108,2017-06-29,97890.32,2,1,1,138996.57,18,0.0,-0.029,0,0,
CUST-107872,31,Female,France,504,5,61,2021-05-30,0.0,2,1,0,90774.11,11,0.3379,0.0,0,0,
CUST-107873,46,Male,France,586,8,104,2017-10-29,0.0,1,0,1,26315.84,29,0.2023,0.0,0,0,
CUST-107874,74,Female,France,630,0,10,2025-08-29,172158.47,2,1,1,48627.16,13,0.1041,-0.2064,1,0,
CUST-107875,25,Male,Germany,554,6,80,2019-10-30,77273.04,2,1,0,59293.37,13,0.1441,-0.1479,0,0,
CUST-107876,31,Male,France,568,0,10,2025-08-29,50949.14,1,1,1,128275.08,24,0.3311,-0.1584,0,0,
CUST-107877,33,Male,Germany,746,4,58,2020-04-29,281886.22,1,0,0,60578.88,7,0.1091,0.0002,1,1,2025-02-28
CUST-107878,27,Female,Spain,590,6,76,2020-02-28,223920.19,2,1,1,34653.65,35,0.0506,-0.0196,0,0,
CUST-107879,37,Male,Spain,692,9,111,2017-03-30,39243.78,2,1,1,54813.96,18,0.4649,-0.3059,0,0,
CUST-107880,47,Male,Spain,633,1,23,2024-07-29,0.0,2,1,1,95217.8,26,0.0242,0.0,2,0,
CUST-107881,39,Male,France,532,6,81,2019-09-29,0.0,2,1,1,66364.68,29,0.169,0.0,0,0,
CUST-107882,44,Male,France,618,4,49,2022-05-30,113805.37,1,1,1,101335.88,18,0.3608,-0.2192,0,0,
CUST-107883,30,Male,France,678,7,94,2018-08-29,149140.18,1,1,0,18445.0,13,0.3415,0.1054,0,0,
CUST-107884,44,Male,Germany,817,2,33,2023-09-29,71013.08,1,1,0,192646.79,2,0.7527,-0.4394,0,0,
CUST-107885,39,Male,France,576,3,39,2023-03-30,0.0,1,1,1,69463.61,28,0.2604,0.0,0,0,
CUST-107886,27,Male,France,642,4,55,2021-11-28,0.0,2,1,0,84195.25,10,0.2155,0.0,0,0,
CUST-107887,37,Female,France,737,7,95,2018-07-30,0.0,2,1,1,113666.78,25,0.0,0.0,0,0,
CUST-107888,31,Female,France,771,8,98,2018-04-30,144053.43,1,1,1,141704.86,36,0.24,-0.0565,0,0,
CUST-107889,88,Female,Germany,588,1,23,2024-02-28,139846.7,1,1,1,133230.69,9,0.659,-0.5361,2,1,2026-01-28
CUST-107890,48,Male,Germany,635,8,100,2018-02-28,377242.97,2,1,0,45796.38,9,0.2925,-0.0981,1,0,
CUST-107891,38,Male,Germany,757,0,8,2025-10-29,262530.25,2,1,0,28238.49,4,0.3293,-0.071,0,0,
CUST-107892,54,Male,Spain,699,0,2,2026-04-30,156487.94,1,1,1,93495.74,28,0.1348,-0.0601,0,0,
CUST-107893,44,Female,France,749,3,47,2022-07-30,67664.21,2,1,1,137052.34,27,0.1343,0.0132,0,0,
CUST-107894,28,Male,France,762,2,32,2023-10-30,46517.99,2,1,0,93738.54,14,0.1968,0.083,0,0,
CUST-107895,59,Male,France,703,2,26,2024-04-29,0.0,2,1,0,22600.33,7,0.0209,0.0,0,0,
CUST-107896,26,Female,Germany,664,0,2,2020-03-30,125749.36,3,1,0,220393.58,7,0.4727,-0.1964,2,1,2020-05-30
CUST-107897,57,Female,Germany,586,1,16,2020-10-29,48133.05,2,0,1,53530.5,16,0.1169,-0.1071,0,1,2022-02-28
CUST-107898,39,Male,France,627,5,60,2021-06-29,102368.46,2,0,0,114530.25,11,0.2899,-0.0472,0,0,
CUST-107899,37,Female,Spain,633,9,117,2016-09-28,0.0,2,1,1,25052.61,18,0.0503,0.0,1,0,
CUST-107900,30,Male,France,765,9,116,2016-10-29,0.0,2,0,1,154343.18,15,0.2968,0.0,0,0,
CUST-107901,40,Male,France,667,5,64,2018-12-29,0.0,1,1,1,123929.73,10,0.5077,0.0,3,1,2024-04-29
CUST-107902,43,Male,Germany,668,3,45,2022-09-29,54624.25,1,1,1,56448.49,15,0.2268,-0.015,0,0,
CUST-107903,42,Female,Spain,555,7,95,2018-07-30,0.0,2,1,1,145373.06,18,0.4916,0.0,1,0,
CUST-107904,39,Male,Germany,766,6,75,2020-03-30,401935.71,1,1,0,79186.95,7,0.2821,0.2666,1,0,
CUST-107905,35,Female,Spain,576,1,15,2025-03-30,76684.36,2,1,1,113513.99,32,0.1159,-0.0332,0,0,
CUST-107906,45,Male,France,623,4,52,2022-02-28,0.0,1,1,1,67258.47,16,0.1286,0.0,3,0,
CUST-107907,33,Female,Germany,776,2,29,2023-02-28,25991.05,2,1,0,48530.46,4,0.7593,-0.3988,2,1,2025-07-30
CUST-107908,36,Female,Spain,735,3,38,2020-12-29,30709.55,1,1,0,194421.92,3,0.7864,-0.4214,1,1,2024-02-28
CUST-107909,41,Female,Germany,568,5,60,2021-06-29,43131.37,2,0,1,93160.88,23,0.1391,-0.1326,0,0,
CUST-107910,37,Female,France,546,1,15,2025-03-30,0.0,2,1,0,33473.52,13,0.2392,0.0,1,0,
CUST-107911,26,Female,Spain,630,4,55,2021-11-28,40064.45,1,1,0,77997.1,11,0.1159,-0.1935,0,0,
CUST-107912,39,Female,France,595,5,60,2021-06-29,0.0,1,1,0,105558.59,4,0.6121,0.0,1,0,
CUST-107913,39,Male,France,509,3,38,2023-04-30,0.0,1,1,0,132457.8,10,0.1825,0.0,0,0,
CUST-107914,38,Female,Spain,578,1,22,2022-12-29,0.0,1,1,0,233453.04,2,0.6501,0.0,1,1,2024-10-29
CUST-107915,35,Male,Spain,386,5,60,2021-06-29,15706.79,1,1,0,101296.43,5,0.3268,0.1022,0,0,
CUST-107916,34,Male,Spain,737,2,25,2024-05-30,0.0,1,0,1,48155.75,25,0.0692,0.0,1,0,
CUST-107917,37,Male,Spain,731,9,111,2017-03-30,60264.76,2,1,1,63848.29,17,0.2261,0.0793,0,0,
CUST-107918,30,Male,France,785,4,52,2022-02-28,299444.54,1,1,1,147515.82,23,0.3671,-0.4796,1,0,
CUST-107919,55,Female,Spain,684,6,73,2018-04-30,0.0,1,1,1,49055.03,9,0.4026,0.0,1,1,2024-05-30
CUST-107920,42,Male,France,607,7,90,2018-12-29,0.0,1,0,1,80614.47,35,0.1918,0.0,0,0,
CUST-107921,40,Male,Germany,748,2,35,2023-07-30,72299.16,2,1,0,55212.43,3,0.4682,-0.1039,1,0,
CUST-107922,23,Female,France,583,10,120,2016-06-29,54528.99,1,1,0,60536.99,5,0.3199,-0.1253,0,0,
CUST-107923,50,Female,Spain,523,7,86,2019-04-30,141820.43,1,1,1,63457.04,23,0.044,0.0192,2,0,
CUST-107924,29,Male,Germany,636,8,103,2017-11-28,32655.92,1,0,1,81595.43,33,0.0695,-0.0007,0,0,
CUST-107925,33,Female,Spain,689,4,59,2021-07-30,216761.1,1,0,0,66729.19,13,0.3655,-0.0206,0,0,
CUST-107926,32,Male,France,572,9,117,2016-09-28,0.0,2,1,1,29640.34,35,0.2157,0.0,0,0,
CUST-107927,41,Male,France,549,8,96,2018-06-30,25375.13,2,1,1,141454.89,31,0.1311,0.0424,0,0,
CUST-107928,29,Female,France,610,3,36,2023-06-30,133239.03,2,0,0,132593.85,11,0.2767,-0.1608,0,0,
CUST-107929,46,Female,France,690,9,109,2017-05-30,0.0,2,1,0,80727.08,15,0.2845,0.0,0,0,
CUST-107930,40,Female,Germany,636,7,84,2019-06-30,33550.27,1,0,1,143467.19,28,0.1872,0.0231,0,0,
CUST-107931,31,Male,France,850,0,11,2025-07-30,0.0,1,1,0,108316.78,3,0.0948,0.0,0,0,
CUST-107932,27,Male,Germany,637,2,35,2018-07-30,58988.79,2,1,1,111606.63,7,0.5251,-0.3928,0,1,2021-06-29
CUST-107933,40,Male,France,722,2,33,2023-09-29,0.0,2,1,0,86157.56,6,0.2453,0.0,1,0,
CUST-107934,25,Female,France,511,2,30,2023-12-29,0.0,2,0,1,109306.45,20,0.1449,0.0,0,0,
CUST-107935,31,Male,Germany,706,2,30,2020-11-28,126430.92,3,1,1,40945.87,16,0.5184,-0.1354,0,1,2023-05-30
CUST-107936,36,Male,France,606,6,76,2020-02-28,0.0,2,1,1,60242.0,34,0.3168,0.0,0,0,
CUST-107937,35,Male,France,649,9,118,2016-08-29,0.0,1,0,1,32319.61,24,0.3501,0.0,0,0,
CUST-107938,32,Female,France,812,1,18,2024-12-29,175401.76,2,1,1,37551.62,21,0.185,-0.0652,1,0,
CUST-107939,45,Male,France,614,0,8,2025-10-29,0.0,1,1,1,143383.97,17,0.0628,0.0,0,0,
CUST-107940,30,Female,Germany,524,8,100,2016-12-29,17630.53,1,1,0,90806.23,2,0.7944,-0.4675,0,1,2025-04-29
CUST-107941,32,Male,France,539,0,1,2026-05-30,63667.12,2,1,0,54883.98,18,0.0,0.1,0,0,
CUST-107942,38,Male,France,667,9,114,2016-12-29,50798.06,2,0,1,42388.1,22,0.1053,-0.1946,1,0,
CUST-107943,38,Male,Germany,661,1,17,2025-01-28,180750.74,1,1,1,33721.73,23,0.0,0.1095,0,0,
CUST-107944,28,Male,Germany,657,1,19,2024-11-28,51826.76,2,1,1,36996.91,29,0.0854,0.237,0,0,
CUST-107945,38,Female,Germany,527,2,29,2024-01-29,80085.13,2,1,1,51154.55,18,0.082,-0.2043,0,0,
CUST-107946,32,Female,France,845,7,84,2019-06-30,135896.8,1,1,1,15101.77,26,0.1981,-0.0326,0,0,
CUST-107947,32,Male,Spain,791,8,103,2017-11-28,0.0,1,1,0,118315.51,13,0.2,0.0,0,0,
CUST-107948,40,Male,France,663,9,118,2016-08-29,0.0,1,1,0,85506.33,11,0.1717,0.0,1,0,
CUST-107949,29,Male,France,504,2,28,2024-02-28,0.0,1,1,0,90607.6,8,0.1415,0.0,0,0,
CUST-107950,35,Female,Spain,802,0,9,2025-09-29,41641.15,1,0,0,102116.8,5,0.1873,-0.0339,0,0,
CUST-107951,36,Female,Germany,759,3,45,2022-09-29,117611.93,2,0,1,70692.33,18,0.3817,-0.3233,1,0,
CUST-107952,40,Female,Germany,660,5,61,2018-07-30,322738.69,1,1,0,81063.93,8,0.684,-0.338,0,1,2023-08-30
CUST-107953,31,Male,Spain,765,3,47,2022-07-30,44404.28,1,1,0,70283.17,13,0.1549,0.0383,0,0,
CUST-107954,42,Male,France,603,5,61,2021-05-30,35063.44,2,0,0,160072.21,10,0.3493,-0.0267,0,0,
CUST-107955,46,Female,Spain,558,1,18,2024-12-29,152324.94,1,1,1,43741.38,22,0.1693,-0.1862,0,0,
CUST-107956,45,Male,Germany,665,3,41,2023-01-29,48097.53,2,0,1,113620.46,19,0.4695,-0.1133,1,0,
CUST-107957,27,Female,France,501,1,17,2025-01-28,431419.84,1,1,1,39753.7,27,0.1666,-0.0966,0,0,
CUST-107958,45,Female,France,543,3,43,2022-11-29,0.0,1,0,1,37890.61,20,0.0,0.0,0,0,
CUST-107959,45,Female,France,702,1,19,2024-11-28,0.0,2,1,0,31946.68,14,0.0822,0.0,2,0,
CUST-107960,59,Female,Spain,673,3,44,2022-10-29,57549.03,2,1,0,24894.47,9,0.1612,-0.0436,0,0,
CUST-107961,28,Male,France,517,1,18,2024-12-29,276594.12,2,1,1,82680.69,25,0.1733,-0.0978,0,0,
CUST-107962,53,Female,France,611,1,23,2024-07-29,31651.57,2,1,1,40767.37,28,0.1137,0.0257,0,0,
CUST-107963,25,Male,Germany,522,4,54,2018-04-30,66635.1,1,1,0,85991.79,4,0.6206,-0.4567,2,1,2022-10-29
CUST-107964,46,Female,Germany,603,0,4,2026-02-28,71645.25,1,0,1,176787.64,26,0.0,-0.1622,0,0,
CUST-107965,49,Male,France,593,6,74,2020-04-29,11343.59,2,1,1,55874.18,21,0.0874,0.1258,0,0,
CUST-107966,45,Female,Spain,745,5,66,2020-12-29,0.0,2,1,1,87994.35,23,0.0975,0.0,0,0,
CUST-107967,26,Female,Germany,635,1,19,2024-11-28,75556.48,1,1,1,126912.88,16,0.2251,-0.0793,0,0,
CUST-107968,52,Female,Spain,627,3,45,2021-06-29,0.0,1,1,0,84389.88,2,0.5206,0.0,1,1,2025-03-30
CUST-107969,72,Male,France,612,0,10,2025-08-29,0.0,2,1,0,77087.73,12,0.3131,0.0,0,0,
CUST-107970,29,Male,France,485,7,86,2019-04-30,166037.31,2,1,1,28531.49,21,0.0,-0.0964,0,0,
CUST-107971,34,Female,Germany,641,7,89,2019-01-29,98451.97,2,1,0,76901.8,12,0.4522,-0.0869,1,0,
CUST-107972,31,Female,France,696,4,48,2022-06-30,0.0,1,1,0,100744.15,1,0.2057,0.0,1,0,
CUST-107973,43,Male,Germany,672,2,29,2024-01-29,42697.66,1,0,1,194884.09,33,0.1562,0.0984,0,0,
CUST-107974,33,Female,France,716,8,107,2017-07-30,0.0,2,1,0,58864.29,10,0.0871,0.0,0,0,
CUST-107975,44,Female,Spain,721,5,68,2020-10-29,563242.35,1,1,1,141033.25,18,0.2503,-0.1215,0,0,
CUST-107976,35,Female,Spain,850,7,88,2019-02-28,0.0,2,1,1,51181.27,28,0.1525,0.0,0,0,
CUST-107977,38,Female,Spain,542,0,2,2026-04-30,127728.91,2,0,0,120269.29,12,0.2664,-0.0337,0,0,
CUST-107978,37,Female,Spain,673,6,78,2019-12-29,40257.55,2,0,0,45552.03,12,0.3836,-0.1906,0,0,
CUST-107979,25,Female,Spain,683,0,6,2025-12-29,95017.63,1,0,0,77120.95,8,0.1062,-0.1501,0,0,
CUST-107980,38,Male,France,619,4,58,2021-08-29,0.0,2,0,1,50249.37,31,0.1736,0.0,0,0,
CUST-107981,26,Female,France,589,6,81,2019-09-29,0.0,2,1,1,72310.87,17,0.0402,0.0,1,0,
CUST-107982,27,Female,Spain,698,1,19,2024-11-28,65153.57,1,1,0,72194.88,7,0.2022,-0.2183,0,0,
CUST-107983,52,Female,Spain,689,0,10,2025-08-29,34085.74,1,1,1,75763.66,19,0.1662,-0.047,0,0,
CUST-107984,43,Female,Spain,549,0,7,2025-11-28,61158.53,1,1,1,46513.68,21,0.108,0.0035,0,0,
CUST-107985,42,Female,Spain,477,0,9,2023-01-29,0.0,1,1,1,70142.91,20,0.4056,0.0,0,1,2023-10-30
CUST-107986,38,Male,France,603,7,85,2019-05-30,102964.45,1,1,0,86942.16,7,0.3195,0.0908,0,0,
CUST-107987,67,Male,Spain,585,0,11,2025-07-30,0.0,1,1,1,60148.42,21,0.3314,0.0,0,0,
CUST-107988,38,Male,Spain,708,1,13,2025-05-30,114539.13,2,0,0,44639.54,11,0.0,0.0493,0,0,
CUST-107989,36,Female,Germany,561,8,101,2018-01-28,36651.57,2,1,1,47664.22,18,0.2468,0.1144,0,0,
CUST-107990,36,Female,Spain,633,1,13,2025-05-30,0.0,2,1,1,124157.5,24,0.2088,0.0,2,0,
CUST-107991,50,Male,Germany,486,5,68,2020-10-29,43053.9,2,1,0,72318.78,11,0.1684,0.0174,1,0,
CUST-107992,37,Male,Spain,501,3,36,2023-06-30,0.0,1,1,1,155211.27,26,0.3613,0.0,0,0,
CUST-107993,40,Female,France,576,3,39,2016-09-28,87053.66,2,1,0,63007.3,3,0.7506,-0.484,0,1,2019-12-29
CUST-107994,51,Male,Spain,626,9,111,2017-03-30,26642.97,1,1,1,66321.2,21,0.2354,0.0457,0,0,
CUST-107995,42,Male,France,571,7,95,2018-07-30,0.0,1,0,1,96711.22,18,0.0887,0.0,0,0,
CUST-107996,47,Male,France,664,6,83,2019-07-30,24754.44,2,0,0,97614.74,8,0.2975,-0.0007,1,0,
CUST-107997,31,Female,France,487,2,28,2024-02-28,0.0,2,1,1,150237.49,14,0.1858,0.0,0,0,
CUST-107998,28,Female,France,629,7,85,2019-05-30,107436.08,1,1,0,21907.13,5,0.4717,-0.2062,1,0,
CUST-107999,56,Female,France,630,0,2,2026-04-30,0.0,2,1,1,93523.43,31,0.148,0.0,0,0,
CUST-108000,46,Male,Spain,511,6,81,2018-10-29,0.0,1,1,0,40077.72,4,0.6868,0.0,1,1,2025-07-30
CUST-108001,43,Male,Germany,672,8,107,2017-07-30,79915.65,2,0,1,67236.52,26,0.0983,-0.204,0,0,
CUST-108002,41,Female,Spain,442,6,75,2018-07-30,216901.06,1,0,1,39063.6,19,0.065,-0.1253,0,1,2024-10-29
CUST-108003,37,Female,France,584,2,31,2023-11-29,78909.62,1,1,1,80932.38,16,0.1969,-0.0501,0,0,
CUST-108004,31,Male,France,726,10,120,2016-06-29,22965.88,1,0,0,40001.05,15,0.4182,-0.021,0,0,
CUST-108005,31,Female,Spain,436,6,72,2019-05-30,61435.63,1,1,0,25272.25,10,0.1641,-0.1527,0,1,2025-05-30
CUST-108006,28,Female,Germany,714,0,11,2025-07-30,74986.86,2,1,1,38037.06,23,0.2757,0.0261,0,0,
CUST-108007,26,Female,Germany,538,8,103,2017-11-28,57257.13,2,1,1,134562.07,20,0.1421,-0.0621,0,0,
CUST-108008,30,Male,Spain,593,1,13,2025-05-30,0.0,2,1,1,103845.78,27,0.2011,0.0,0,0,
CUST-108009,34,Male,Spain,785,5,66,2020-12-29,198620.49,2,1,0,144371.01,10,0.1156,0.0842,0,0,
CUST-108010,56,Male,Germany,590,4,52,2016-09-28,128454.84,1,1,1,24447.97,7,0.5574,-0.3282,0,1,2021-01-28
CUST-108011,26,Female,Spain,805,3,39,2018-11-29,0.0,2,0,0,191248.86,7,0.6087,0.0,0,1,2022-02-28
CUST-108012,38,Female,Germany,621,0,9,2021-09-29,116247.09,1,1,0,266591.66,15,0.3061,-0.0243,0,1,2022-06-30
CUST-108013,57,Male,Germany,642,0,3,2026-03-30,82441.07,1,0,1,40433.65,12,0.4431,-0.332,1,0,
CUST-108014,49,Male,France,731,9,108,2017-06-29,46744.07,2,1,0,88346.07,9,0.1444,-0.2025,2,0,
CUST-108015,37,Male,France,702,6,75,2020-03-30,0.0,2,1,0,50939.55,11,0.1594,0.0,0,0,
CUST-108016,31,Female,France,665,5,65,2021-01-28,0.0,1,1,1,110223.06,18,0.4828,0.0,1,0,
CUST-108017,24,Female,Spain,606,5,63,2021-03-30,46177.02,2,1,1,177888.76,17,0.4502,-0.2538,2,0,
CUST-108018,38,Male,Germany,501,7,84,2019-06-30,79209.56,2,1,0,41923.75,11,0.2392,-0.0684,0,0,
CUST-108019,45,Female,France,506,9,108,2017-06-29,0.0,1,1,1,34884.32,18,0.0,0.0,0,0,
CUST-108020,32,Male,Germany,776,5,65,2021-01-28,334542.35,2,1,1,62336.2,25,0.2175,-0.1096,1,0,
CUST-108021,50,Female,France,813,3,45,2022-09-29,133027.03,1,1,1,531588.9,22,0.3598,-0.2166,0,0,
CUST-108022,36,Female,France,662,6,80,2017-01-28,52224.52,1,1,0,114300.84,4,0.7261,-0.6545,1,1,2023-09-29
CUST-108023,40,Male,Spain,480,9,119,2016-07-29,0.0,2,1,0,94770.1,9,0.0671,0.0,0,0,
CUST-108024,37,Female,France,576,1,14,2025-04-29,0.0,3,1,0,126674.05,8,0.5402,0.0,0,0,
CUST-108025,50,Female,France,571,8,97,2018-05-30,0.0,2,1,1,136797.75,23,0.1437,0.0,0,0,
CUST-108026,51,Female,France,597,0,11,2025-07-30,30043.45,1,1,1,86559.6,13,0.3226,0.0447,0,0,
CUST-108027,43,Female,France,565,3,45,2022-09-29,0.0,1,1,0,69936.52,4,0.2742,0.0,1,0,
CUST-108028,34,Male,Germany,700,4,48,2017-07-30,39739.94,1,1,0,52384.05,6,0.5598,-0.129,1,1,2021-07-30
CUST-108029,37,Female,Spain,674,1,13,2025-05-30,0.0,1,1,1,81219.92,35,0.2242,0.0,0,0,
CUST-108030,68,Female,Germany,802,1,19,2024-08-29,126231.25,1,1,0,135101.54,10,0.2762,0.1039,0,1,2026-03-30
CUST-108031,58,Male,Germany,613,1,23,2024-07-29,187122.05,2,0,0,130714.53,11,0.0268,-0.1418,1,0,
CUST-108032,38,Female,France,669,9,109,2017-05-30,31196.77,2,1,0,53207.68,5,0.3446,0.076,0,0,
CUST-108033,28,Male,Germany,721,0,1,2026-05-30,78333.82,2,1,1,67620.12,27,0.2683,0.0669,0,0,
CUST-108034,48,Female,France,748,0,1,2026-05-30,229608.18,2,0,0,37288.29,15,0.2247,-0.042,0,0,
CUST-108035,33,Male,France,531,1,16,2025-02-28,0.0,1,0,1,130048.48,20,0.0938,0.0,0,0,
CUST-108036,55,Male,Spain,689,5,62,2016-10-29,0.0,2,0,0,95761.53,4,0.5344,0.0,2,1,2021-12-29
CUST-108037,31,Male,France,664,2,25,2024-05-30,59776.08,3,1,0,61919.57,11,0.1246,-0.0509,1,0,
CUST-108038,33,Female,France,679,1,17,2025-01-28,0.0,1,1,0,57108.95,7,0.3727,0.0,1,0,
CUST-108039,28,Female,France,656,5,66,2020-12-29,0.0,1,1,1,42239.07,16,0.0,0.0,0,0,
CUST-108040,62,Male,Spain,814,1,20,2024-10-29,292533.91,2,1,1,75336.69,42,0.3042,-0.1859,0,0,
CUST-108041,29,Male,France,564,7,84,2019-06-30,74072.19,2,1,0,163935.26,6,0.1848,-0.1834,1,0,
CUST-108042,47,Female,France,559,2,26,2024-04-29,73717.55,3,1,1,46813.93,24,0.1638,-0.2535,0,0,
CUST-108043,35,Female,Spain,571,1,23,2024-07-29,36285.58,1,1,1,33783.52,21,0.1149,0.0008,0,0,
CUST-108044,33,Male,France,622,8,97,2018-05-30,0.0,2,1,0,76874.59,6,0.3974,0.0,2,0,
CUST-108045,33,Female,Spain,678,3,37,2017-11-28,62468.0,2,0,1,138016.38,17,0.5397,-0.3445,0,1,2020-12-29
CUST-108046,54,Male,France,606,3,44,2022-10-29,88209.06,2,1,1,122078.96,22,0.022,0.1699,0,0,
CUST-108047,82,Male,Germany,747,1,17,2025-01-28,13890.97,1,1,0,140590.05,7,0.3371,-0.1397,2,0,
CUST-108048,52,Male,Spain,650,4,54,2021-12-29,0.0,2,1,1,54207.63,19,0.348,0.0,0,0,
CUST-108049,25,Female,Germany,641,2,25,2024-05-30,253163.18,1,1,0,117314.09,7,0.2908,0.1678,1,0,
CUST-108050,47,Male,Germany,522,2,30,2022-12-29,99683.49,1,1,0,88387.3,10,0.4727,-0.0673,1,1,2025-06-29
CUST-108051,36,Female,France,825,5,62,2021-04-29,0.0,2,1,0,62317.61,4,0.1992,0.0,1,0,
CUST-108052,36,Male,Spain,645,3,46,2022-08-29,0.0,1,1,1,73163.19,25,0.2256,0.0,1,0,
CUST-108053,30,Female,Spain,807,2,27,2024-03-30,0.0,1,0,1,113048.19,25,0.148,0.0,0,0,
CUST-108054,39,Male,Germany,590,4,49,2022-05-30,26007.2,1,1,0,98633.87,10,0.0857,0.0042,0,0,
CUST-108055,37,Male,Spain,730,4,56,2021-10-29,0.0,2,1,0,97410.69,11,0.1653,0.0,0,0,
CUST-108056,43,Male,Germany,596,1,16,2018-10-29,69151.74,1,1,1,104205.79,27,0.1382,0.0603,0,1,2020-02-28
CUST-108057,35,Male,Germany,825,3,44,2022-10-29,129735.51,2,1,1,57610.34,43,0.2254,0.1932,0,0,
CUST-108058,48,Male,France,758,5,69,2020-09-28,0.0,2,1,1,34742.85,44,0.101,0.0,0,0,
CUST-108059,38,Female,Germany,732,1,14,2025-04-29,76934.72,2,1,0,49230.59,8,0.4512,-0.2035,1,0,
CUST-108060,38,Female,Spain,580,7,95,2018-07-30,0.0,1,0,1,117038.43,29,0.2294,0.0,0,0,
CUST-108061,37,Female,Germany,833,4,49,2022-05-30,372026.68,2,1,1,32889.46,25,0.1783,-0.0711,1,0,
CUST-108062,47,Male,France,846,5,69,2020-09-28,0.0,2,0,0,72411.39,13,0.1851,0.0,0,0,
CUST-108063,34,Female,Germany,614,4,52,2022-02-28,167251.81,2,1,1,78191.51,29,0.1963,-0.0431,1,0,
CUST-108064,43,Male,Spain,666,0,7,2025-11-28,0.0,2,1,1,107346.01,30,0.0202,0.0,0,0,
CUST-108065,39,Female,Spain,739,9,108,2017-06-29,0.0,2,1,1,35726.88,25,0.0928,0.0,0,0,
CUST-108066,55,Female,France,461,3,45,2017-10-29,0.0,1,0,0,20859.19,10,0.5253,0.0,1,1,2021-07-30
CUST-108067,34,Male,France,760,2,32,2018-02-28,0.0,1,1,1,52614.62,14,0.1271,0.0,1,1,2020-10-29
CUST-108068,48,Male,France,748,2,26,2024-04-29,101613.53,1,1,0,98031.6,12,0.0224,0.0836,0,0,
CUST-108069,41,Female,France,596,5,62,2021-04-29,15841.04,1,0,1,154625.14,19,0.1573,0.0578,0,0,
CUST-108070,53,Male,Spain,440,2,32,2023-10-30,0.0,2,0,1,49838.05,26,0.2421,0.0,0,0,
CUST-108071,38,Female,France,682,0,4,2026-02-28,0.0,1,1,1,45385.08,17,0.1107,0.0,0,0,
CUST-108072,33,Female,Germany,541,4,50,2022-04-30,68145.17,1,1,0,82409.3,11,0.1743,0.0285,0,0,
CUST-108073,33,Male,France,498,9,119,2016-07-29,121501.76,1,1,0,226734.32,19,0.1821,0.0489,0,0,
CUST-108074,40,Male,France,686,8,98,2018-04-30,379791.69,2,1,1,92849.78,22,0.0408,-0.0457,0,0,
CUST-108075,37,Male,Spain,777,2,27,2024-03-30,144988.8,1,1,1,96691.5,18,0.0,-0.0855,0,0,
CUST-108076,34,Female,France,629,2,35,2023-07-30,0.0,2,1,1,211397.45,27,0.0254,0.0,0,0,
CUST-108077,40,Male,France,764,2,27,2024-03-30,167481.93,2,1,1,120274.43,31,0.0,-0.1094,0,0,
CUST-108078,22,Male,France,714,0,4,2026-02-28,0.0,1,0,1,78932.09,30,0.0818,0.0,0,0,
CUST-108079,36,Male,Spain,518,2,32,2023-10-30,0.0,1,1,1,38856.39,16,0.187,0.0,0,0,
CUST-108080,38,Female,Spain,597,5,62,2018-03-30,0.0,1,1,0,74945.23,5,0.7314,0.0,0,1,2023-05-30
CUST-108081,26,Female,France,754,2,29,2024-01-29,0.0,1,0,0,107157.1,12,0.1268,0.0,0,0,
CUST-108082,29,Female,Germany,596,4,57,2021-01-28,121774.04,1,1,0,40604.92,10,0.1667,-0.0533,0,1,2025-10-29
CUST-108083,30,Female,France,729,4,48,2022-06-30,0.0,1,1,0,120356.65,11,0.2545,0.0,2,0,
CUST-108084,37,Female,Germany,611,1,21,2024-09-28,52073.81,1,1,1,67717.98,28,0.0975,0.0176,1,0,
CUST-108085,35,Female,France,719,7,91,2017-03-30,0.0,1,0,0,64094.79,5,0.5839,0.0,0,1,2024-10-29
CUST-108086,35,Male,Spain,691,8,102,2017-12-29,51635.55,2,1,1,43149.34,25,0.0834,-0.3013,0,0,
CUST-108087,26,Male,Spain,626,9,109,2017-05-30,205524.17,2,1,0,87345.92,7,0.2879,0.2186,2,0,
CUST-108088,50,Female,France,717,8,100,2017-08-29,0.0,2,1,0,104826.83,5,0.4544,0.0,0,1,2025-12-29
CUST-108089,54,Male,France,443,9,110,2017-04-29,119319.46,2,1,1,39957.14,19,0.3007,0.1944,0,0,
CUST-108090,27,Male,France,546,4,58,2021-08-29,0.0,2,1,1,95651.78,28,0.1263,0.0,0,0,
CUST-108091,35,Female,France,605,0,10,2025-08-29,247927.59,2,1,1,117837.53,26,0.0343,-0.1673,0,0,
CUST-108092,35,Female,France,763,8,102,2017-12-29,0.0,1,0,0,114374.11,11,0.3754,0.0,0,0,
CUST-108093,42,Male,France,511,5,65,2021-01-28,0.0,1,0,1,81700.35,24,0.4066,0.0,0,0,
CUST-108094,33,Male,Spain,647,3,46,2022-08-29,0.0,2,1,0,60300.92,13,0.1269,0.0,0,0,
CUST-108095,48,Male,France,680,2,29,2021-09-29,0.0,1,1,0,62289.24,8,0.4788,0.0,0,1,2024-02-28
CUST-108096,29,Male,Spain,674,8,107,2017-07-30,80028.22,2,1,1,33460.3,15,0.2323,-0.2008,0,0,
CUST-108097,45,Male,France,641,9,119,2016-07-29,11233.01,1,1,1,50940.99,18,0.1238,-0.1306,0,0,
CUST-108098,41,Male,Germany,590,3,39,2023-03-30,22770.21,2,1,0,61302.12,13,0.2618,-0.024,0,0,
CUST-108099,28,Female,France,626,4,57,2021-09-29,0.0,2,1,1,46157.27,21,0.1208,0.0,1,0,
CUST-108100,34,Male,Spain,744,3,36,2016-11-28,28014.59,1,0,1,78034.43,12,0.4654,-0.2827,3,1,2019-11-29
CUST-108101,28,Male,France,584,7,91,2018-11-29,0.0,1,1,0,163542.72,12,0.1611,0.0,0,0,
CUST-108102,63,Female,France,443,2,30,2018-12-29,34222.76,1,0,0,180430.02,7,0.8036,-0.4417,1,1,2021-06-29
CUST-108103,36,Male,Germany,695,0,11,2023-04-30,111156.15,2,1,1,52188.39,14,0.5181,-0.5272,0,1,2024-03-30
CUST-108104,33,Male,Germany,794,7,95,2018-07-30,80925.43,2,1,1,189622.12,22,0.0713,0.0991,0,0,
CUST-108105,25,Male,Germany,549,4,48,2021-01-28,79448.75,2,1,0,134122.78,6,0.4262,-0.2511,0,1,2025-01-28
CUST-108106,40,Female,France,781,9,117,2016-09-28,60844.22,1,1,1,49076.69,26,0.1222,-0.0809,0,0,
CUST-108107,34,Male,France,700,2,34,2023-08-30,49859.33,2,1,0,94661.98,16,0.0284,-0.1166,0,0,
CUST-108108,45,Male,Spain,539,7,87,2019-03-30,0.0,2,1,1,71112.59,21,0.1375,0.0,0,0,
CUST-108109,57,Female,Germany,582,3,46,2021-07-30,12261.26,1,0,1,23173.98,26,0.3522,-0.0552,0,1,2025-05-30
CUST-108110,46,Female,Germany,578,1,23,2024-07-29,200486.33,2,1,1,35630.06,34,0.1827,0.1095,0,0,
CUST-108111,29,Female,France,666,9,117,2016-09-28,0.0,2,0,0,106303.63,11,0.1685,0.0,0,0,
CUST-108112,33,Female,France,633,8,107,2017-07-30,104688.41,2,1,0,30629.45,12,0.1392,-0.0014,0,0,
CUST-108113,27,Female,Spain,756,0,9,2025-09-29,0.0,1,0,1,194013.57,33,0.1674,0.0,0,0,
CUST-108114,31,Male,Germany,732,5,69,2020-09-28,250259.24,1,0,1,124850.02,27,0.0225,-0.1685,0,0,
CUST-108115,49,Male,France,502,6,79,2019-05-30,48581.05,1,0,0,104796.48,5,0.9974,-0.4602,2,1,2025-12-29
CUST-108116,32,Male,Spain,514,8,106,2017-08-29,62412.13,1,1,1,30544.56,24,0.2465,-0.0913,0,0,
CUST-108117,45,Male,Germany,709,0,6,2025-12-29,24981.7,2,1,0,127974.67,16,0.1276,-0.2712,0,0,
CUST-108118,33,Male,France,601,2,32,2023-10-30,119578.98,1,1,0,122111.68,10,0.0607,-0.1861,0,0,
CUST-108119,46,Male,France,633,7,84,2019-06-30,448911.92,1,0,1,118121.27,35,0.2175,0.0571,1,0,
CUST-108120,29,Female,Germany,702,1,22,2024-08-29,57462.82,1,1,0,120756.82,11,0.3439,0.3873,0,0,
CUST-108121,28,Female,France,732,0,6,2024-09-28,72547.08,1,1,1,187952.53,28,0.1015,0.0908,1,1,2025-03-30
CUST-108122,63,Male,Germany,532,0,3,2026-03-30,128926.45,1,1,0,48237.03,4,0.5751,-0.2546,2,0,
CUST-108123,30,Male,Germany,437,2,31,2017-05-30,82031.73,1,1,0,64587.62,5,0.6881,-0.2512,2,1,2019-12-29
CUST-108124,49,Male,France,639,5,68,2020-10-29,167601.32,2,1,0,44317.54,10,0.0,0.1699,1,0,
CUST-108125,42,Male,Spain,568,5,63,2021-03-30,84832.28,1,1,1,110629.62,17,0.1528,-0.1323,0,0,
CUST-108126,31,Male,France,656,0,10,2025-08-29,192931.73,1,1,0,63049.6,13,0.1345,0.1681,0,0,
CUST-108127,31,Male,France,641,4,52,2022-02-28,60733.18,1,1,1,34521.76,36,0.1243,-0.0356,0,0,
CUST-108128,34,Male,Germany,556,3,47,2020-04-29,95074.38,1,1,0,75041.93,7,0.5283,-0.1814,0,1,2024-03-30
CUST-108129,50,Female,Germany,850,3,36,2017-03-30,40977.42,1,0,0,23877.9,7,0.5248,-0.2614,0,1,2020-03-30
CUST-108130,33,Male,France,652,4,52,2022-02-28,52496.37,2,1,0,74918.95,16,0.2924,-0.3172,0,0,
CUST-108131,45,Female,Germany,595,1,13,2025-05-30,96416.28,1,0,1,76954.64,11,0.2335,-0.2428,1,0,
CUST-108132,41,Male,Spain,660,9,116,2016-10-29,88198.03,2,1,0,56348.64,4,0.2757,-0.0182,0,0,
CUST-108133,41,Male,Spain,701,0,6,2025-12-29,193049.89,2,1,1,125116.46,33,0.1227,0.2087,0,0,
CUST-108134,64,Male,Spain,589,0,10,2024-08-29,0.0,3,1,1,26588.9,15,0.6746,0.0,0,1,2025-06-29
CUST-108135,44,Female,France,850,9,112,2017-02-28,80053.34,2,1,1,75828.11,18,0.0845,-0.0464,1,0,
CUST-108136,41,Male,France,504,4,54,2021-12-29,0.0,2,1,1,80194.16,31,0.1715,0.0,0,0,
CUST-108137,25,Male,Germany,511,0,5,2026-01-28,99420.44,1,0,1,70252.39,14,0.2264,-0.0377,0,0,
CUST-108138,54,Female,France,496,6,77,2016-10-29,186131.35,1,0,1,141629.29,10,0.7541,-0.3157,1,1,2023-03-30
CUST-108139,46,Male,Spain,650,1,13,2025-05-30,0.0,2,0,1,50510.95,31,0.0978,0.0,0,0,
CUST-108140,41,Male,France,695,7,86,2018-01-28,0.0,2,1,0,68318.01,2,0.5633,0.0,0,1,2025-03-30
CUST-108141,34,Female,France,618,8,106,2017-08-29,0.0,2,1,1,76365.16,27,0.0814,0.0,1,0,
CUST-108142,25,Male,France,695,2,34,2023-08-30,46083.53,1,1,0,58007.94,9,0.2853,0.0385,0,0,
CUST-108143,43,Female,France,694,1,18,2016-07-29,60826.61,1,0,0,30344.46,2,0.8637,-0.3737,1,1,2018-01-28
CUST-108144,37,Male,France,615,9,114,2016-12-29,0.0,2,0,1,165608.46,16,0.046,0.0,0,0,
CUST-108145,62,Female,Germany,691,8,103,2017-11-28,282964.34,2,1,1,46772.77,24,0.2121,-0.2427,0,0,
CUST-108146,45,Male,Germany,631,8,99,2018-03-30,67399.12,1,1,0,47265.2,6,0.2773,0.0525,0,0,
CUST-108147,39,Female,France,611,9,113,2017-01-28,0.0,1,0,0,20956.95,16,0.2325,0.0,0,0,
CUST-108148,69,Female,France,602,0,7,2025-11-28,0.0,2,1,1,74285.77,25,0.1566,0.0,0,0,
CUST-108149,37,Female,Spain,672,3,43,2022-11-29,0.0,2,1,1,79219.82,15,0.1668,0.0,0,0,
CUST-108150,60,Female,France,767,1,14,2025-04-29,33012.93,1,1,0,143518.9,12,0.0106,0.1978,0,0,
CUST-108151,24,Female,Germany,534,2,25,2024-05-30,111750.15,2,0,0,58569.97,14,0.3106,0.0889,0,0,
CUST-108152,74,Male,Germany,604,1,13,2018-07-30,120132.63,1,1,0,82778.38,4,0.5866,-0.0365,1,1,2019-08-30
CUST-108153,50,Male,Germany,666,0,10,2025-08-29,116262.49,1,1,1,124868.55,24,0.0563,0.1249,0,0,
CUST-108154,30,Male,Spain,819,8,106,2017-08-29,0.0,1,0,1,153967.22,31,0.0,0.0,0,0,
CUST-108155,66,Male,Germany,691,3,44,2017-09-29,32289.6,1,0,1,88422.63,31,0.0997,-0.1528,0,1,2021-05-30
CUST-108156,23,Male,Spain,572,9,109,2017-05-30,88167.37,1,1,0,59372.02,12,0.2017,-0.1089,1,0,
CUST-108157,28,Female,Spain,561,9,115,2016-11-28,0.0,1,0,0,139591.25,7,0.2675,0.0,0,0,
CUST-108158,43,Female,France,745,0,10,2019-08-30,65342.01,2,1,0,141572.32,8,0.2908,-0.3121,1,1,2020-06-29
CUST-108159,54,Female,France,620,3,39,2017-08-29,146462.33,1,0,0,27768.58,3,0.7028,-0.6364,0,1,2020-11-28
CUST-108160,41,Male,France,532,5,71,2020-07-29,78271.71,2,0,0,87279.6,15,0.188,0.1165,0,0,
CUST-108161,26,Female,France,747,8,99,2018-03-30,142400.65,1,1,1,123332.27,26,0.2021,0.0937,0,0,
CUST-108162,31,Female,Germany,680,1,18,2020-04-29,38103.48,3,1,1,107114.19,20,0.1587,-0.2342,0,1,2021-10-29
CUST-108163,33,Female,France,535,4,59,2021-07-30,73646.78,2,1,1,62067.45,26,0.1194,-0.1305,0,0,
CUST-108164,42,Female,France,521,3,45,2022-09-29,0.0,2,1,1,55325.49,26,0.0,0.0,0,0,
CUST-108165,36,Male,France,442,2,35,2023-07-30,55006.28,1,1,1,153642.1,31,0.2042,0.0679,0,0,
CUST-108166,57,Male,Germany,590,0,8,2016-08-29,117317.13,1,1,1,82416.87,10,0.8058,-0.493,2,1,2017-04-29
CUST-108167,52,Female,Germany,679,1,18,2024-12-29,86168.93,1,0,1,65113.21,32,0.1506,-0.0993,0,0,
CUST-108168,25,Female,Spain,742,7,88,2019-02-28,58618.06,2,0,1,66651.11,15,0.304,0.0884,0,0,
CUST-108169,45,Female,France,691,7,95,2018-07-30,0.0,2,1,1,71974.49,21,0.2758,0.0,0,0,
CUST-108170,28,Female,France,525,2,31,2023-11-29,0.0,2,1,1,66296.18,20,0.3243,0.0,1,0,
CUST-108171,57,Female,Spain,623,3,42,2021-08-29,0.0,2,1,0,135717.79,20,0.5775,0.0,1,1,2025-02-28
CUST-108172,45,Female,Germany,787,1,14,2018-01-28,155793.8,1,1,0,91626.4,5,0.6308,-0.3205,1,1,2019-03-30
CUST-108173,36,Female,Germany,601,1,19,2024-11-28,29226.35,1,1,0,88284.39,13,0.7098,-0.1674,2,0,
CUST-108174,34,Female,Germany,724,2,34,2023-08-30,167286.85,1,1,0,64516.8,11,0.3231,-0.1073,2,0,
CUST-108175,42,Male,France,712,0,6,2016-09-28,0.0,1,0,1,98997.86,17,0.8134,0.0,0,1,2017-03-30
CUST-108176,52,Male,Spain,723,1,21,2017-01-28,0.0,2,1,1,43844.55,20,0.3423,0.0,1,1,2018-10-29
CUST-108177,41,Male,Germany,691,9,117,2016-09-28,57331.47,2,0,0,79427.13,7,0.3367,-0.1514,0,0,
CUST-108178,36,Male,Germany,723,6,79,2019-11-29,45710.07,2,1,1,29465.36,23,0.2836,-0.2103,0,0,
CUST-108179,30,Female,Germany,508,2,27,2018-06-30,116267.9,1,0,1,62829.41,23,0.2276,0.0762,0,1,2020-09-28
CUST-108180,36,Female,France,795,3,40,2023-02-28,411229.73,1,1,0,54090.18,12,0.199,-0.067,0,0,
CUST-108181,52,Male,France,477,6,72,2020-06-29,86646.33,1,0,1,70878.9,23,0.0507,-0.17,1,0,
CUST-108182,47,Male,Spain,680,4,58,2021-08-29,57004.4,2,1,0,57308.8,9,0.2407,-0.0327,1,0,
CUST-108183,54,Male,Germany,645,1,19,2021-05-30,86577.56,1,1,0,95697.96,5,0.7232,-0.1946,1,1,2022-12-29
CUST-108184,29,Female,France,590,4,52,2022-02-28,80115.27,1,1,0,49490.26,15,0.1515,-0.0305,0,0,
CUST-108185,26,Female,France,556,3,46,2022-08-29,136388.48,2,1,1,116130.11,18,0.0,-0.0108,0,0,
CUST-108186,46,Male,Spain,703,7,95,2018-07-30,0.0,1,0,1,169364.1,23,0.0932,0.0,0,0,
CUST-108187,27,Male,France,727,0,8,2025-10-29,0.0,2,1,1,39706.89,28,0.1088,0.0,0,0,
CUST-108188,54,Female,France,640,3,45,2022-05-30,94808.08,2,1,0,101221.17,4,0.6711,-0.1743,1,1,2026-02-28
CUST-108189,46,Male,Germany,622,9,116,2016-10-29,68970.08,2,0,1,62108.62,33,0.0437,-0.0545,0,0,
CUST-108190,41,Female,Spain,773,7,94,2018-08-29,36488.47,2,1,1,120303.62,18,0.3476,0.0158,0,0,
CUST-108191,28,Female,Germany,610,1,15,2025-03-30,71150.2,2,0,1,39647.01,32,0.026,0.1511,0,0,
CUST-108192,38,Male,Spain,646,5,63,2021-03-30,235227.28,2,1,0,139799.67,12,0.2629,0.0666,0,0,
CUST-108193,36,Male,France,630,1,19,2024-11-28,43882.9,1,0,0,58610.08,9,0.3764,0.0812,2,0,
CUST-108194,41,Male,Spain,850,9,112,2017-02-28,79599.95,1,1,0,63750.83,10,0.0385,0.1419,0,0,
CUST-108195,60,Male,Spain,569,0,6,2025-12-29,62002.42,2,1,0,63809.32,10,0.3955,-0.0434,0,0,
CUST-108196,29,Male,Germany,730,1,12,2019-11-29,29093.9,1,1,0,38927.57,12,0.2767,-0.1322,0,1,2020-11-28
CUST-108197,34,Male,Germany,487,5,62,2021-04-29,107982.56,1,1,1,111056.0,22,0.2792,-0.0979,0,0,
CUST-108198,37,Male,France,558,4,49,2022-05-30,83620.09,1,1,1,51847.45,23,0.4849,-0.1527,1,0,
CUST-108199,55,Female,France,620,0,8,2025-10-29,537295.29,2,1,1,94596.23,20,0.2059,-0.212,0,0,
CUST-108200,39,Male,France,637,4,56,2021-10-29,154852.83,2,1,1,62452.03,23,0.254,-0.003,0,0,
CUST-108201,45,Female,France,624,2,32,2023-10-30,0.0,1,1,0,64108.61,10,0.0327,0.0,0,0,
CUST-108202,57,Male,Spain,640,2,28,2019-07-30,45096.92,1,1,1,124994.31,5,0.4447,-0.5268,0,1,2021-11-28
CUST-108203,41,Male,France,584,9,116,2016-10-29,159410.78,1,0,0,31531.32,13,0.1121,-0.0272,0,0,
CUST-108204,35,Male,Germany,774,0,11,2018-04-30,137026.81,4,1,0,20382.78,6,0.5018,-0.3845,1,1,2019-03-30
CUST-108205,53,Male,France,554,4,49,2016-07-29,12707.92,1,1,1,48873.89,14,0.459,-0.4162,2,1,2020-08-29
CUST-108206,59,Male,France,721,2,30,2023-05-30,217363.3,1,1,1,68164.7,17,0.476,-0.328,1,1,2025-11-28
CUST-108207,44,Female,France,715,8,99,2018-03-30,80497.69,1,1,0,62861.89,12,0.3817,-0.0797,1,0,
CUST-108208,32,Female,France,559,1,23,2024-07-29,42799.4,1,0,0,47402.04,10,0.1773,-0.1468,0,0,
CUST-108209,34,Male,Germany,615,8,102,2017-12-29,80963.96,2,1,0,180731.21,5,0.1336,0.0068,0,0,
CUST-108210,59,Male,Spain,650,2,32,2023-10-30,53556.26,1,1,1,143553.05,19,0.2172,-0.04,0,0,
CUST-108211,46,Male,France,811,8,98,2018-04-30,0.0,2,1,0,16622.9,11,0.2303,0.0,0,0,
CUST-108212,35,Female,Spain,615,4,50,2022-04-30,64037.22,1,1,1,49723.24,19,0.1811,0.0628,0,0,
CUST-108213,25,Male,Germany,850,3,46,2022-08-29,347355.98,2,1,1,89014.82,17,0.4493,-0.2242,1,0,
CUST-108214,46,Male,Germany,724,1,13,2025-05-30,348700.93,1,1,1,86112.51,20,0.0917,0.0431,2,0,
CUST-108215,44,Female,France,683,1,15,2025-03-30,107855.86,1,1,1,46139.19,17,0.3633,0.0728,0,0,
CUST-108216,46,Female,France,735,9,119,2016-07-29,0.0,2,0,0,149214.37,7,0.1867,0.0,0,0,
CUST-108217,31,Female,Spain,485,7,95,2018-07-30,0.0,2,1,0,43556.39,7,0.2766,0.0,0,0,
CUST-108218,35,Male,Germany,763,3,41,2023-01-29,67740.93,1,1,1,70895.86,20,0.1062,0.0194,0,0,
CUST-108219,51,Male,France,523,5,61,2021-05-30,76501.52,2,1,0,69013.95,12,0.2778,-0.2344,0,0,
CUST-108220,22,Male,Spain,733,9,119,2016-07-29,142952.76,2,1,1,82289.59,22,0.1778,-0.3098,2,0,
CUST-108221,34,Female,France,593,8,97,2018-05-30,0.0,2,1,1,52462.32,33,0.2795,0.0,0,0,
CUST-108222,26,Female,Spain,573,7,91,2018-11-29,0.0,2,0,1,94006.84,18,0.0375,0.0,1,0,
CUST-108223,30,Male,France,820,8,99,2018-03-30,0.0,2,1,1,45433.62,27,0.3997,0.0,2,0,
CUST-108224,48,Female,Spain,640,1,17,2025-01-28,0.0,2,1,1,86483.65,11,0.0098,0.0,0,0,
CUST-108225,36,Male,France,503,5,71,2020-07-29,39178.65,2,1,0,52489.64,14,0.3761,0.2446,0,0,
CUST-108226,29,Female,France,744,2,26,2024-04-29,228008.89,2,1,0,154889.27,10,0.1424,-0.2282,1,0,
CUST-108227,43,Male,Germany,533,2,24,2021-08-29,120564.06,1,1,0,62861.49,8,0.2787,-0.1442,1,1,2023-08-30
CUST-108228,32,Male,France,781,4,57,2021-09-29,182382.49,2,1,1,79171.41,12,0.1451,0.0861,0,0,
CUST-108229,36,Male,Spain,648,1,12,2025-06-29,42880.21,1,1,1,130864.1,35,0.161,0.1947,0,0,
CUST-108230,39,Female,Germany,528,7,85,2019-05-30,127985.61,2,1,0,80874.81,14,0.1775,-0.162,0,0,
CUST-108231,54,Male,France,729,4,48,2022-06-30,0.0,2,1,0,111989.76,9,0.2302,0.0,0,0,
CUST-108232,39,Male,France,700,6,74,2020-04-29,0.0,2,1,0,37108.04,7,0.1645,0.0,1,0,
CUST-108233,34,Female,Spain,446,2,34,2023-08-30,0.0,1,1,0,97562.74,5,0.4918,0.0,3,0,
CUST-108234,42,Female,Germany,644,6,73,2020-05-30,284607.14,1,1,1,64493.98,23,0.103,-0.1044,0,0,
CUST-108235,43,Female,Spain,679,1,16,2019-08-30,74907.5,1,1,0,115342.55,2,0.6902,-0.2539,1,1,2020-12-29
CUST-108236,33,Female,France,673,7,85,2019-05-30,0.0,2,1,0,93897.95,7,0.2099,0.0,0,0,
CUST-108237,36,Female,Spain,632,5,68,2020-10-29,45445.93,1,1,0,96069.59,6,0.297,0.0525,0,0,
CUST-108238,37,Female,Germany,722,2,29,2022-09-29,280048.84,3,1,0,105954.54,4,0.5737,-0.2969,1,1,2025-02-28
CUST-108239,51,Male,Germany,705,1,20,2022-02-28,65375.09,3,1,1,126731.84,10,0.6599,-0.295,1,1,2023-10-30
CUST-108240,22,Male,France,653,6,75,2020-03-30,0.0,2,1,1,23155.79,29,0.0,0.0,0,0,
CUST-108241,41,Male,France,627,5,66,2020-12-29,0.0,1,1,0,46980.97,12,0.0891,0.0,0,0,
CUST-108242,47,Male,Spain,664,7,84,2017-01-28,833161.34,1,1,0,71300.22,14,0.2485,-0.0678,0,1,2024-01-29
CUST-108243,51,Male,Spain,592,3,36,2023-06-30,60044.3,2,1,0,37734.35,13,0.1217,-0.0028,0,0,
CUST-108244,26,Male,France,552,0,2,2026-04-30,0.0,1,0,1,63142.99,34,0.1315,0.0,0,0,
CUST-108245,26,Male,Spain,542,6,72,2020-06-29,0.0,2,1,1,80304.33,23,0.3893,0.0,0,0,
CUST-108246,32,Female,France,640,7,85,2019-05-30,0.0,2,1,1,171858.52,25,0.137,0.0,0,0,
CUST-108247,45,Female,France,568,4,59,2021-07-30,0.0,2,1,1,107254.21,18,0.2173,0.0,0,0,
CUST-108248,49,Female,France,635,1,18,2023-04-30,0.0,4,1,0,107134.72,8,0.1863,0.0,0,1,2024-10-29
CUST-108249,25,Female,France,778,8,96,2018-06-30,0.0,2,1,1,74179.95,16,0.2239,0.0,0,0,
CUST-108250,40,Male,France,630,9,108,2017-06-29,531851.68,1,0,1,27858.85,19,0.0049,-0.1497,1,0,
CUST-108251,48,Male,France,663,2,24,2017-05-30,57154.14,3,1,1,48389.39,15,0.4793,-0.3044,0,1,2019-05-30
CUST-108252,33,Male,France,628,9,108,2017-06-29,187246.09,1,0,1,29379.87,19,0.1064,-0.2081,0,0,
CUST-108253,41,Male,Germany,775,4,48,2022-06-30,97861.45,2,1,0,98175.99,16,0.1061,-0.0043,1,0,
CUST-108254,28,Male,Spain,809,0,2,2026-04-30,0.0,2,0,1,76138.68,24,0.3075,0.0,1,0,
CUST-108255,44,Female,Germany,605,0,11,2025-07-30,92912.63,1,1,0,80884.25,9,0.5044,-0.2696,1,0,
CUST-108256,36,Male,France,720,9,117,2016-09-28,166807.53,1,1,1,94982.36,32,0.0513,0.2036,0,0,
CUST-108257,35,Male,Spain,850,3,40,2023-02-28,96973.32,2,0,0,55746.47,13,0.0217,-0.21,0,0,
CUST-108258,40,Male,France,539,0,2,2026-04-30,47802.86,1,1,1,35191.82,34,0.0271,-0.1869,1,0,
CUST-108259,24,Male,Spain,744,2,34,2023-08-30,0.0,2,1,0,56710.91,5,0.3424,0.0,0,0,
CUST-108260,32,Female,Germany,483,3,38,2021-10-29,37199.54,1,0,0,92578.13,3,0.735,-0.4137,1,1,2024-12-29
CUST-108261,48,Female,France,653,6,83,2019-07-30,93889.34,1,1,0,28103.41,10,0.6169,-0.3446,0,0,
CUST-108262,25,Female,France,637,1,20,2024-10-29,155200.27,2,1,0,80374.19,5,0.1159,0.0421,0,0,
CUST-108263,26,Female,Spain,486,6,72,2020-06-29,227445.7,1,1,1,37178.43,21,0.4656,0.2529,0,0,
CUST-108264,33,Male,Spain,755,5,69,2020-09-28,137835.81,2,1,1,99684.23,29,0.0931,-0.0452,0,0,
CUST-108265,37,Male,Germany,664,1,12,2025-06-29,113111.1,2,1,1,35691.54,33,0.155,0.0279,1,0,
CUST-108266,39,Female,Spain,561,4,57,2021-09-29,0.0,2,1,1,110872.92,23,0.0,0.0,0,0,
CUST-108267,62,Male,Spain,682,7,95,2018-07-30,30464.02,2,1,1,33392.97,31,0.1239,0.0636,0,0,
CUST-108268,40,Male,France,737,3,46,2022-08-29,141995.35,2,0,1,42724.11,23,0.2119,-0.14,0,0,
CUST-108269,41,Male,Germany,480,6,74,2020-04-29,132176.24,2,0,1,104499.1,30,0.2891,-0.1233,2,0,
CUST-108270,51,Female,France,350,9,109,2017-05-30,36340.2,2,1,1,65371.11,25,0.0528,0.1044,0,0,
CUST-108271,30,Male,France,646,2,26,2024-04-29,0.0,1,1,0,24410.52,11,0.3272,0.0,0,0,
CUST-108272,42,Female,France,576,4,58,2021-08-29,0.0,2,0,0,106220.44,10,0.4109,0.0,2,0,
CUST-108273,45,Male,Spain,778,9,110,2017-04-29,157960.93,1,1,0,22473.55,11,0.1886,0.0455,0,0,
CUST-108274,43,Male,Germany,614,1,21,2024-09-28,31269.16,1,1,1,65292.75,27,0.0363,-0.2231,0,0,
CUST-108275,39,Male,France,680,1,16,2025-02-28,0.0,1,1,0,225291.17,12,0.0464,0.0,2,0,
CUST-108276,39,Male,France,632,6,80,2019-10-30,87433.88,1,1,1,75298.84,16,0.3222,-0.0108,0,0,
CUST-108277,29,Male,France,502,0,7,2025-11-28,208744.33,2,0,1,59443.07,30,0.1626,-0.1119,0,0,
CUST-108278,34,Female,Germany,653,4,58,2021-08-29,128849.54,1,1,1,69198.69,21,0.0934,-0.0814,0,0,
CUST-108279,57,Male,Spain,523,4,53,2022-01-28,0.0,1,1,1,39486.67,21,0.2834,0.0,0,0,
CUST-108280,32,Male,France,518,2,26,2024-04-29,0.0,1,0,1,79168.21,16,0.2563,0.0,0,0,
CUST-108281,38,Male,France,545,1,12,2023-09-29,302678.15,2,1,0,237329.88,2,0.1427,0.1086,0,1,2024-09-28
CUST-108282,37,Male,Germany,536,2,27,2024-03-30,125105.66,1,1,0,56981.8,11,0.1041,0.1672,0,0,
CUST-108283,42,Female,France,630,5,71,2020-07-29,58261.74,2,1,0,46086.18,7,0.2479,-0.1552,1,0,
CUST-108284,37,Male,Germany,612,7,95,2018-07-30,63941.92,2,1,1,93447.73,36,0.0186,0.0988,1,0,
CUST-108285,35,Female,France,677,7,92,2018-10-29,0.0,2,1,0,108440.2,13,0.4319,0.0,0,0,
CUST-108286,48,Male,France,499,1,19,2017-02-28,0.0,1,1,1,76230.99,31,0.0,0.0,0,1,2018-09-29
CUST-108287,40,Male,France,626,4,53,2022-01-28,0.0,2,1,0,60742.75,7,0.3259,0.0,0,0,
CUST-108288,39,Female,Spain,604,3,38,2021-03-30,0.0,1,1,1,97704.31,16,0.4004,0.0,0,1,2024-05-30
CUST-108289,33,Male,France,669,0,7,2025-11-28,0.0,2,1,1,32142.02,38,0.2117,0.0,1,0,
CUST-108290,34,Female,France,674,6,82,2019-08-30,47695.81,2,0,1,55036.52,22,0.0,-0.1193,0,0,
CUST-108291,40,Male,Germany,665,5,62,2021-04-29,97816.71,2,1,0,20191.36,10,0.0,0.0074,1,0,
CUST-108292,49,Male,Spain,555,1,16,2025-02-28,0.0,2,1,0,67865.4,2,0.1435,0.0,0,0,
CUST-108293,54,Female,France,652,6,76,2019-08-30,16135.19,1,1,0,64022.12,10,0.488,-0.0807,1,1,2025-12-29
CUST-108294,41,Male,France,601,4,55,2021-11-28,69853.63,2,1,1,128344.16,19,0.2581,0.0964,1,0,
CUST-108295,66,Female,Germany,776,1,15,2020-12-29,104393.74,1,1,1,45015.57,12,0.7317,-0.2241,2,1,2022-03-30
CUST-108296,35,Female,France,661,4,55,2021-11-28,0.0,1,1,1,127463.71,10,0.4737,0.0,1,0,
CUST-108297,35,Male,Germany,658,5,66,2020-12-29,39886.76,2,1,0,64161.09,8,0.2103,0.0673,0,0,
CUST-108298,52,Male,France,527,1,19,2024-11-28,0.0,2,1,1,102347.66,22,0.0,0.0,0,0,
CUST-108299,39,Female,France,593,6,76,2020-02-28,0.0,2,0,1,110070.79,21,0.2529,0.0,1,0,
CUST-108300,33,Male,France,675,0,4,2026-02-28,0.0,2,1,1,73921.8,19,0.119,0.0,0,0,
CUST-108301,37,Female,Germany,642,3,40,2019-07-30,403032.15,2,1,1,83735.93,23,0.0279,0.1486,0,1,2022-11-29
CUST-108302,29,Male,France,641,6,81,2019-09-29,0.0,2,1,0,52462.33,9,0.5474,0.0,0,0,
CUST-108303,36,Male,France,482,5,68,2020-10-29,128833.11,2,1,1,139204.74,27,0.2514,-0.3447,0,0,
CUST-108304,29,Male,France,572,3,45,2022-09-29,0.0,1,1,1,316913.48,19,0.3867,0.0,1,0,
CUST-108305,29,Female,Spain,624,7,93,2018-09-29,86482.66,1,1,1,32287.91,20,0.4707,-0.2544,0,0,
CUST-108306,40,Female,France,765,3,46,2022-08-29,32786.05,1,1,1,74753.55,20,0.2895,-0.2858,0,0,
CUST-108307,23,Female,Germany,468,1,16,2025-02-28,39860.61,1,1,1,61429.79,43,0.2917,0.1794,0,0,
CUST-108308,29,Male,Germany,550,9,115,2016-11-28,111201.17,2,0,1,92043.98,22,0.2726,0.1977,0,0,
CUST-108309,31,Male,France,468,7,84,2019-06-30,0.0,2,1,0,29667.36,11,0.3465,0.0,0,0,
CUST-108310,34,Male,Spain,681,1,21,2024-09-28,0.0,2,0,1,40298.97,27,0.0141,0.0,1,0,
CUST-108311,44,Male,Spain,764,6,75,2019-07-30,97280.46,1,1,1,186044.73,12,0.5449,-0.4009,1,1,2025-10-29
CUST-108312,34,Male,France,685,8,97,2018-05-30,56564.73,2,1,1,161113.73,30,0.2126,-0.1044,0,0,
CUST-108313,56,Female,France,705,3,39,2023-03-30,71756.96,2,1,1,29840.04,26,0.1255,0.0786,0,0,
CUST-108314,32,Male,France,551,9,108,2017-06-29,0.0,1,1,1,212910.19,30,0.2864,0.0,0,0,
CUST-108315,24,Male,France,685,2,29,2024-01-29,60491.97,1,1,1,47835.66,24,0.1384,0.0878,0,0,
CUST-108316,29,Female,Germany,576,7,89,2019-01-29,41357.16,2,0,1,114103.03,14,0.076,0.0114,0,0,
CUST-108317,40,Male,Spain,656,1,20,2024-10-29,239177.98,1,1,0,67820.73,9,0.1378,0.2984,1,0,
CUST-108318,29,Female,Spain,698,3,41,2023-01-29,0.0,2,1,1,83177.06,35,0.1469,0.0,0,0,
CUST-108319,32,Male,France,622,3,46,2018-04-30,87982.63,3,1,1,78522.31,31,0.1801,-0.043,0,1,2022-02-28
CUST-108320,52,Male,France,729,3,45,2022-09-29,76982.27,1,1,0,122650.69,11,0.3037,0.13,0,0,
CUST-108321,57,Female,France,634,3,45,2016-08-29,90542.83,1,0,0,54997.88,1,0.8902,-0.2357,2,1,2020-05-30
CUST-108322,27,Female,Germany,676,1,17,2025-01-28,50507.28,2,1,0,203716.34,13,0.2411,-0.0197,3,0,
CUST-108323,35,Female,France,832,5,62,2021-04-29,222652.91,1,1,1,134502.47,28,0.0482,-0.2581,1,0,
CUST-108324,40,Male,Spain,698,0,6,2025-12-29,0.0,2,0,0,60152.39,8,0.4115,0.0,0,0,
CUST-108325,48,Male,Spain,578,2,33,2020-09-28,0.0,1,1,1,75104.67,30,0.1864,0.0,1,1,2023-06-30
CUST-108326,33,Female,France,604,2,34,2023-08-30,0.0,1,1,0,78547.28,10,0.2979,0.0,0,0,
CUST-108327,40,Male,Germany,734,8,99,2018-03-30,119520.58,2,1,0,58762.83,8,0.2511,0.0884,0,0,
CUST-108328,51,Female,Germany,750,3,40,2023-02-28,225811.12,2,0,1,61069.61,29,0.1352,0.0013,0,0,
CUST-108329,38,Male,Spain,647,7,90,2018-12-29,125043.3,1,1,1,114299.5,27,0.0,-0.0505,0,0,
CUST-108330,22,Male,France,503,0,4,2024-08-29,138740.78,1,0,1,101715.69,15,0.2453,-0.0666,0,1,2024-12-29
CUST-108331,35,Male,France,559,5,61,2021-05-30,0.0,1,1,1,54655.07,38,0.1999,0.0,1,0,
CUST-108332,30,Female,Germany,667,7,95,2018-07-30,104052.54,1,1,1,76283.82,15,0.2343,-0.1806,1,0,
CUST-108333,31,Male,France,706,4,54,2021-12-29,119879.21,1,1,0,42167.86,16,0.2916,-0.2056,0,0,
CUST-108334,32,Female,Germany,746,5,67,2020-11-28,166863.38,1,1,1,187099.01,21,0.0541,-0.0827,0,0,
CUST-108335,23,Male,France,455,4,54,2021-12-29,114865.12,2,1,0,111364.74,7,0.0978,0.0868,0,0,
CUST-108336,56,Male,Germany,734,1,19,2024-11-28,75099.04,2,1,0,69579.88,11,0.3634,-0.1832,0,0,
CUST-108337,49,Male,Spain,787,0,2,2026-04-30,585384.27,2,1,0,80217.39,2,0.3107,0.1309,0,0,
CUST-108338,59,Female,France,420,0,7,2025-11-28,0.0,2,1,0,113816.43,10,0.3381,0.0,1,0,
CUST-108339,68,Female,France,649,4,54,2021-12-29,0.0,2,1,1,54168.2,22,0.2157,0.0,0,0,
CUST-108340,39,Male,Germany,723,9,118,2016-08-29,60253.83,2,0,1,72193.45,27,0.0,-0.2102,0,0,
CUST-108341,33,Male,France,515,6,75,2020-03-30,0.0,2,1,1,106713.23,34,0.0354,0.0,0,0,
CUST-108342,42,Female,Germany,602,5,62,2020-03-30,17335.89,2,1,0,37335.5,12,0.6221,-0.2988,2,1,2025-05-30
CUST-108343,43,Male,Germany,704,1,17,2025-01-28,76156.07,1,0,1,97967.12,26,0.0,-0.2206,0,0,
CUST-108344,33,Female,France,600,0,1,2026-05-30,0.0,2,1,1,285573.91,27,0.1288,0.0,1,0,
CUST-108345,32,Female,Spain,615,5,67,2020-11-28,0.0,2,1,1,29162.77,24,0.0,0.0,0,0,
CUST-108346,37,Male,Germany,671,2,33,2023-09-29,56708.02,1,1,1,119264.64,19,0.0,-0.0763,1,0,
CUST-108347,32,Female,Germany,538,1,16,2025-02-28,54898.19,1,1,1,36817.05,20,0.2503,0.2446,0,0,
CUST-108348,43,Female,France,548,3,36,2019-10-30,64761.88,1,1,1,33755.29,15,0.562,-0.5258,3,1,2022-10-29
CUST-108349,28,Male,France,695,7,84,2019-06-30,104875.98,2,1,1,58087.0,21,0.3822,-0.1161,3,0,
CUST-108350,46,Male,France,741,8,104,2017-10-29,0.0,2,1,1,96499.7,34,0.1703,0.0,0,0,
CUST-108351,54,Male,Spain,688,2,32,2023-10-30,190579.68,1,1,1,98474.76,15,0.253,-0.2313,0,0,
CUST-108352,72,Female,Spain,781,0,3,2017-05-30,0.0,1,0,0,67560.41,7,0.6091,0.0,0,1,2017-08-29
CUST-108353,57,Female,Spain,690,1,21,2024-03-30,109290.68,1,1,0,40015.1,7,0.7434,-0.4746,0,1,2025-12-29
CUST-108354,72,Male,France,827,6,77,2020-01-29,19264.49,2,0,0,66612.58,9,0.3318,0.1156,0,0,
CUST-108355,43,Male,Germany,656,2,31,2023-11-29,18999.62,1,1,1,26562.21,22,0.2245,-0.2216,0,0,
CUST-108356,27,Male,Spain,674,0,6,2025-12-29,47937.57,2,1,0,114462.35,11,0.1448,0.0705,0,0,
CUST-108357,38,Male,Germany,689,4,48,2022-06-30,33561.11,1,1,1,58065.69,8,0.5096,-0.1348,1,0,
CUST-108358,66,Male,France,590,0,11,2025-07-30,23491.15,1,0,1,132374.79,26,0.2588,0.003,0,0,
CUST-108359,57,Male,Spain,575,6,83,2017-06-29,191761.64,1,1,0,42175.67,3,0.6936,-0.3069,1,1,2024-05-30
CUST-108360,35,Male,France,564,1,21,2024-09-28,0.0,1,1,1,96797.21,27,0.0,0.0,0,0,
CUST-108361,24,Female,France,597,1,12,2021-07-30,44797.19,4,1,1,27209.43,6,0.6654,-0.3802,1,1,2022-07-30
CUST-108362,43,Female,Spain,849,3,40,2023-02-28,0.0,1,1,0,151203.74,5,0.3083,0.0,1,0,
CUST-108363,27,Male,France,825,4,52,2022-02-28,0.0,2,0,0,91748.42,10,0.4457,0.0,0,0,
CUST-108364,42,Female,France,619,8,104,2017-10-29,84293.31,2,1,1,58995.8,19,0.1172,0.0689,1,0,
CUST-108365,44,Male,Germany,610,7,95,2018-07-30,27016.15,2,1,1,56637.26,34,0.1441,0.1037,0,0,
CUST-108366,56,Male,Spain,444,0,10,2017-07-30,0.0,3,1,0,60555.68,9,0.2577,0.0,0,1,2018-05-30
CUST-108367,24,Female,France,555,3,40,2023-02-28,0.0,1,1,0,71927.92,18,0.3473,0.0,0,0,
CUST-108368,48,Male,Spain,572,3,43,2022-11-29,0.0,2,0,0,29967.91,10,0.2417,0.0,0,0,
CUST-108369,37,Male,France,608,1,17,2025-01-28,0.0,2,0,0,60025.45,10,0.1817,0.0,0,0,
CUST-108370,61,Male,France,595,0,7,2023-04-30,119064.23,2,0,0,60703.38,4,0.6327,-0.253,0,1,2023-11-29
CUST-108371,47,Female,France,671,5,69,2020-09-28,61729.89,2,0,1,126023.78,20,0.0,0.1151,0,0,
CUST-108372,39,Male,Germany,724,4,58,2021-08-29,70979.15,2,1,1,54065.44,20,0.228,0.0445,0,0,
CUST-108373,30,Female,France,580,4,50,2022-04-30,0.0,1,1,0,40850.53,6,0.1346,0.0,1,0,
CUST-108374,38,Male,France,788,2,35,2023-07-30,0.0,2,1,1,69342.13,25,0.1137,0.0,0,0,
CUST-108375,52,Male,Germany,683,9,114,2016-12-29,130344.14,2,1,1,99303.14,9,0.336,-0.1833,0,0,
CUST-108376,38,Male,Germany,735,9,113,2017-01-28,276159.53,1,0,1,75832.26,26,0.3652,-0.048,2,0,
CUST-108377,37,Female,Germany,608,0,4,2021-01-28,116495.84,1,1,0,74351.63,4,0.3671,-0.3253,1,1,2021-05-30
CUST-108378,38,Male,Spain,702,4,50,2022-04-30,191987.86,1,1,1,73859.85,23,0.3151,-0.0248,0,0,
CUST-108379,33,Female,France,694,3,44,2022-10-29,0.0,2,1,1,65942.94,25,0.0807,0.0,0,0,
CUST-108380,30,Female,France,791,8,106,2017-08-29,0.0,1,0,1,52915.73,29,0.1161,0.0,0,0,
CUST-108381,31,Male,France,713,6,73,2020-05-30,115327.59,1,0,0,46739.77,7,0.077,-0.1773,0,0,
CUST-108382,39,Male,Germany,732,0,3,2026-03-30,47366.33,2,0,1,73095.85,22,0.2772,-0.4336,0,0,
CUST-108383,49,Male,France,599,5,68,2020-10-29,83613.1,1,0,0,86083.59,9,0.1435,-0.1011,1,0,
CUST-108384,40,Female,France,765,2,31,2023-11-29,255798.06,2,0,0,74649.34,10,0.3728,0.2009,1,0,
CUST-108385,52,Female,France,527,9,110,2017-04-29,0.0,2,0,1,26779.11,22,0.1577,0.0,0,0,
CUST-108386,57,Male,France,595,6,75,2020-03-30,0.0,2,1,1,120026.45,18,0.211,0.0,0,0,
CUST-108387,67,Female,Spain,677,2,33,2022-06-30,0.0,1,0,0,33817.48,2,0.7274,0.0,2,1,2025-03-30
CUST-108388,65,Male,Germany,539,1,19,2018-05-30,89767.49,1,1,0,34824.86,5,0.4048,-0.4081,2,1,2019-12-29
CUST-108389,27,Female,France,561,1,15,2025-03-30,296106.81,1,1,1,40484.94,28,0.2935,-0.1612,0,0,
CUST-108390,45,Female,Germany,561,3,43,2022-11-29,64557.81,1,1,1,56872.12,30,0.2656,-0.1364,0,1,2026-06-30
CUST-108391,34,Male,Germany,686,5,71,2020-07-29,90726.06,2,1,1,67672.69,30,0.0988,0.1573,0,0,
CUST-108392,31,Male,France,635,3,46,2022-08-29,288476.9,1,1,1,123252.74,23,0.1832,-0.1966,1,0,
CUST-108393,36,Male,France,743,0,2,2022-01-28,40244.04,4,1,0,124286.28,11,0.388,-0.1317,0,1,2022-03-30
CUST-108394,59,Female,Germany,831,4,53,2019-02-28,585623.62,2,1,0,27684.04,9,0.4788,-0.3362,0,1,2023-07-30
CUST-108395,52,Male,France,676,0,11,2025-07-30,48347.45,1,1,1,26829.87,28,0.1095,0.009,0,0,
CUST-108396,39,Female,Germany,601,2,24,2024-06-29,150695.87,2,1,1,129821.87,24,0.1982,0.0823,1,0,
CUST-108397,47,Male,Germany,685,1,13,2025-05-30,135325.25,1,0,0,65317.88,16,0.3037,-0.1004,0,0,
CUST-108398,43,Male,Spain,564,0,6,2025-12-29,0.0,1,1,1,40893.81,17,0.1095,0.0,1,0,
CUST-108399,36,Female,Spain,644,6,81,2019-09-29,0.0,1,0,1,99199.96,32,0.0825,0.0,1,0,
CUST-108400,32,Male,Spain,850,1,17,2025-01-28,31640.99,1,1,1,133688.65,24,0.0,-0.1473,0,0,
CUST-108401,38,Female,Germany,631,1,14,2025-04-29,74972.46,2,0,0,90521.04,11,0.1487,-0.0824,0,0,
CUST-108402,48,Male,France,679,7,88,2019-02-28,0.0,1,0,0,47054.64,7,0.2243,0.0,0,0,
CUST-108403,62,Male,Germany,634,1,20,2022-11-29,70234.03,1,1,0,21989.39,6,0.635,-0.3399,3,1,2024-07-29
CUST-108404,45,Male,Spain,611,7,87,2019-03-30,56992.4,2,1,1,95800.55,27,0.0765,-0.091,0,0,
CUST-108405,33,Male,Spain,696,1,14,2017-11-28,52724.28,1,1,0,67204.07,6,0.6586,-0.1482,1,1,2019-01-29
CUST-108406,30,Female,Spain,528,1,17,2025-01-28,0.0,1,1,0,45375.81,10,0.3813,0.0,0,0,
CUST-108407,42,Male,France,634,1,16,2025-02-28,0.0,1,1,1,30414.11,18,0.1665,0.0,1,0,
CUST-108408,25,Male,Germany,520,1,21,2024-09-28,60961.72,2,0,0,81391.59,8,0.1111,-0.0012,0,0,
CUST-108409,81,Male,Spain,798,2,25,2024-05-30,0.0,2,0,0,53167.73,6,0.3113,0.0,0,0,
CUST-108410,44,Female,Germany,745,5,70,2017-07-30,45440.5,1,1,1,78843.64,23,0.2312,0.0088,1,1,2023-05-30
CUST-108411,56,Female,Germany,576,6,79,2019-11-29,171016.16,1,1,1,118809.04,26,0.1788,-0.0183,0,0,
CUST-108412,51,Female,Germany,472,2,34,2018-10-29,50668.56,2,0,1,49510.23,22,0.3862,-0.2683,1,1,2021-08-29
CUST-108413,44,Female,Germany,697,1,13,2020-01-29,168759.96,1,1,0,230886.46,3,0.863,-0.3703,0,1,2021-02-28
CUST-108414,43,Male,France,646,4,53,2022-01-28,96503.62,1,1,0,67724.16,8,0.3911,-0.0158,0,0,
CUST-108415,49,Male,France,850,0,2,2026-04-30,406743.8,2,1,0,108970.17,11,0.3985,-0.0732,0,0,
CUST-108416,35,Male,Spain,785,5,66,2020-12-29,99557.06,1,1,1,53835.26,29,0.2287,-0.1295,1,0,
CUST-108417,39,Male,Spain,711,2,25,2024-05-30,139985.78,1,1,0,99245.4,4,0.0212,0.0968,0,0,
CUST-108418,49,Female,Spain,599,9,110,2017-04-29,37806.2,2,0,1,43833.5,33,0.0,0.0175,0,0,
CUST-108419,27,Female,France,625,5,61,2021-05-30,0.0,1,0,0,103256.15,18,0.2961,0.0,2,0,
CUST-108420,39,Male,France,679,2,30,2023-12-29,403055.49,1,1,0,283221.61,5,0.1499,-0.1825,1,0,
CUST-108421,37,Female,France,684,5,66,2020-12-29,182869.51,2,0,1,39584.39,30,0.1814,0.0002,1,0,
CUST-108422,24,Male,Spain,582,2,32,2023-10-30,0.0,1,1,1,20023.72,22,0.0,0.0,0,0,
CUST-108423,46,Female,Germany,519,0,3,2026-03-30,147789.01,2,1,1,51466.26,21,0.0,-0.0919,0,0,
CUST-108424,41,Male,Spain,835,0,5,2019-12-29,0.0,1,1,0,84776.44,8,0.1755,0.0,1,1,2020-05-30
CUST-108425,39,Female,France,653,7,88,2019-02-28,319120.75,2,1,1,75648.44,17,0.0,0.121,0,0,
CUST-108426,52,Male,Germany,691,4,48,2022-06-30,44327.33,2,0,0,57086.21,5,0.5211,-0.1389,1,0,
CUST-108427,50,Female,Spain,568,6,77,2019-02-28,0.0,1,1,1,130003.67,15,0.576,0.0,0,1,2025-07-30
CUST-108428,51,Female,France,781,3,39,2023-03-30,58590.5,1,0,0,56124.83,12,0.1113,0.0372,0,0,
CUST-108429,38,Male,Spain,750,2,30,2023-12-29,0.0,2,0,0,116850.69,9,0.2446,0.0,0,0,
CUST-108430,35,Male,Germany,656,0,9,2018-10-29,64226.94,3,0,1,58494.43,23,0.2671,-0.0014,0,1,2019-07-30
CUST-108431,41,Female,France,670,6,73,2020-05-30,155892.9,2,0,0,43963.36,10,0.4575,-0.1544,1,0,
CUST-108432,44,Female,France,677,0,1,2026-05-30,0.0,2,0,0,76843.22,10,0.172,0.0,1,0,
CUST-108433,47,Male,Spain,659,3,38,2023-04-30,0.0,3,0,1,79061.44,25,0.0,0.0,0,0,
CUST-108434,31,Female,Germany,704,4,53,2022-01-28,28771.27,1,1,1,200820.6,28,0.2077,0.2127,0,0,
CUST-108435,43,Female,Spain,686,4,52,2022-02-28,0.0,1,1,1,91129.39,23,0.068,0.0,0,0,
CUST-108436,54,Female,Spain,633,2,35,2023-07-30,71327.44,2,0,0,83914.85,11,0.2192,0.1207,1,0,
CUST-108437,32,Male,France,538,0,7,2025-11-28,0.0,2,1,0,76722.35,12,0.0674,0.0,0,0,
CUST-108438,24,Female,Spain,648,5,61,2016-12-29,0.0,1,1,0,52833.64,3,0.6561,0.0,0,1,2022-01-28
CUST-108439,22,Male,Spain,722,4,52,2022-02-28,103878.83,1,0,0,62957.2,15,0.2263,-0.0343,0,0,
CUST-108440,35,Male,France,715,5,61,2021-05-30,88379.9,1,0,1,53958.89,25,0.1413,-0.0375,1,0,
CUST-108441,30,Female,Spain,776,4,49,2022-05-30,0.0,2,1,1,77452.55,29,0.0,0.0,0,0,
CUST-108442,45,Male,France,786,7,94,2018-06-30,74640.43,2,1,1,30932.26,6,0.8978,-0.1942,1,1,2026-04-30
CUST-108443,43,Male,France,717,2,32,2023-10-30,40533.73,2,1,0,27771.66,14,0.2868,0.1367,0,0,
CUST-108444,25,Female,France,668,7,92,2018-10-29,39386.57,2,0,1,47542.7,15,0.1135,-0.0348,1,0,
CUST-108445,54,Female,Spain,683,6,83,2019-07-30,115852.63,1,0,1,44685.11,28,0.1734,-0.0345,0,0,
CUST-108446,32,Male,France,595,8,102,2017-12-29,0.0,2,0,0,84458.86,14,0.1287,0.0,0,0,
CUST-108447,30,Male,France,727,10,120,2016-06-29,74095.69,1,1,0,52482.2,7,0.1766,-0.0119,0,0,
CUST-108448,42,Male,Germany,777,1,15,2025-03-30,105898.52,1,1,0,96088.6,10,0.6041,0.0252,0,1,2026-06-30
CUST-108449,34,Male,France,750,7,85,2019-05-30,115938.35,2,1,0,50451.72,9,0.2419,-0.0447,1,0,
CUST-108450,41,Male,Spain,703,9,112,2017-02-28,0.0,2,1,0,240199.46,12,0.1533,0.0,0,0,
CUST-108451,37,Male,Spain,627,2,33,2023-09-29,0.0,2,0,1,61920.73,30,0.1732,0.0,0,0,
CUST-108452,56,Female,France,616,4,52,2022-02-28,169652.54,2,1,0,89023.13,12,0.2298,-0.2138,1,0,
CUST-108453,41,Female,France,635,1,16,2025-02-28,139805.96,1,1,0,50289.97,13,0.0689,-0.0918,0,0,
CUST-108454,36,Female,Spain,580,1,23,2024-07-29,0.0,1,1,1,56644.34,25,0.0,0.0,0,0,
CUST-108455,38,Female,France,676,1,23,2024-07-29,0.0,1,1,0,90412.64,19,0.2441,0.0,0,0,
CUST-108456,52,Female,France,382,4,55,2021-11-28,75317.82,1,1,0,71822.87,16,0.1403,0.0329,1,0,
CUST-108457,31,Female,Spain,598,3,36,2020-11-28,119263.66,2,0,1,107263.74,6,0.4195,-0.4577,0,1,2023-11-29
CUST-108458,46,Male,Spain,657,8,96,2018-06-30,0.0,2,1,1,125746.9,23,0.0582,0.0,0,0,
CUST-108459,39,Female,Germany,850,4,57,2021-09-29,131694.91,1,1,1,223243.97,27,0.1133,0.2116,0,0,
CUST-108460,39,Male,Germany,650,2,32,2020-09-28,187952.08,2,0,0,106779.91,8,0.3115,-0.0484,0,1,2023-05-30
CUST-108461,30,Male,Spain,654,1,12,2025-06-29,66981.16,2,0,0,73429.9,13,0.1,-0.0748,0,0,
CUST-108462,35,Male,Germany,570,6,75,2020-03-30,137993.5,1,0,1,57419.82,25,0.1554,0.0442,0,0,
CUST-108463,33,Male,Germany,815,4,57,2021-09-29,57952.57,2,1,0,48910.6,19,0.2701,-0.0946,0,0,
CUST-108464,39,Male,Spain,572,3,36,2023-06-30,0.0,2,0,0,57364.09,5,0.4753,0.0,0,0,
CUST-108465,27,Female,Germany,845,2,26,2024-04-29,141105.38,2,1,1,81034.71,19,0.3911,-0.1967,0,0,
CUST-108466,24,Male,Germany,579,8,104,2017-10-29,415555.92,1,1,1,136698.39,19,0.2298,-0.0632,2,0,
CUST-108467,34,Male,France,740,1,23,2024-07-29,0.0,2,1,1,88090.16,32,0.0945,0.0,1,0,
CUST-108468,52,Male,Germany,645,2,33,2020-08-29,590877.83,1,1,1,61508.1,20,0.0675,-0.1483,0,1,2023-05-30
CUST-108469,44,Female,Germany,596,3,43,2017-03-30,56982.91,2,0,0,37206.19,5,0.527,-0.2753,1,1,2020-10-29
CUST-108470,38,Male,France,747,5,62,2021-04-29,205182.14,1,1,0,46711.09,5,0.3665,0.0329,0,0,
CUST-108471,30,Male,France,778,0,3,2026-03-30,0.0,1,1,0,81028.69,9,0.2486,0.0,0,0,
CUST-108472,22,Female,Spain,632,8,97,2018-05-30,0.0,1,1,1,97829.64,23,0.199,0.0,0,0,
CUST-108473,32,Female,France,648,5,67,2020-11-28,0.0,2,1,0,121023.61,9,0.1287,0.0,0,0,
CUST-108474,36,Male,France,610,5,62,2021-04-29,133128.23,1,1,1,120954.35,18,0.308,-0.1253,0,0,
CUST-108475,29,Female,France,672,0,4,2019-01-29,101871.87,1,0,1,41288.05,20,0.5646,-0.1809,1,1,2019-05-30
CUST-108476,43,Male,France,545,3,43,2022-11-29,78229.94,2,0,1,49096.8,31,0.0506,0.0518,0,0,
CUST-108477,43,Female,Spain,391,0,4,2026-02-28,0.0,2,0,0,115048.33,8,0.3338,0.0,0,0,
CUST-108478,34,Female,France,470,9,116,2016-10-29,29294.27,2,1,1,127574.45,33,0.1318,-0.1427,0,0,
CUST-108479,37,Female,France,629,1,13,2025-05-30,0.0,2,0,1,71596.34,25,0.1785,0.0,0,0,
CUST-108480,37,Male,Spain,547,2,31,2023-11-29,63414.96,2,1,1,173571.22,18,0.2013,0.0851,0,0,
CUST-108481,42,Female,France,639,2,35,2023-07-30,73403.49,3,1,1,135205.05,24,0.3775,-0.4804,0,0,
CUST-108482,31,Male,France,601,2,28,2024-02-28,33339.8,1,1,1,104349.17,35,0.3004,-0.0395,1,0,
CUST-108483,79,Male,Spain,582,2,26,2022-06-30,69143.2,1,1,1,87103.64,16,0.3943,-0.2799,1,1,2024-08-29
CUST-108484,27,Female,Germany,588,6,83,2019-07-30,110641.5,1,1,0,28170.35,13,0.0866,-0.0882,0,0,
CUST-108485,31,Female,Spain,743,3,46,2022-08-29,43040.9,2,1,1,43093.51,29,0.1071,0.1478,0,0,
CUST-108486,41,Male,Spain,673,4,49,2022-05-30,0.0,2,1,0,68367.75,11,0.1325,0.0,1,0,
CUST-108487,62,Female,Spain,800,2,24,2018-09-29,96481.54,1,0,0,175070.59,0,0.8417,-0.67,1,1,2020-09-28
CUST-108488,33,Male,France,660,1,17,2025-01-28,66926.74,2,0,0,149268.74,6,0.2327,-0.0084,0,0,
CUST-108489,30,Female,Spain,467,5,62,2021-04-29,140124.42,1,0,0,48897.95,8,0.3164,-0.1292,0,0,
CUST-108490,36,Male,Germany,550,1,21,2024-09-28,191302.3,2,0,0,122901.19,8,0.2734,-0.0422,1,0,
CUST-108491,46,Male,France,661,2,28,2024-02-28,61734.47,1,1,1,44061.41,8,0.4916,-0.1334,0,0,
CUST-108492,47,Female,Spain,673,5,64,2020-12-29,0.0,2,1,0,17051.16,4,0.8711,0.0,0,1,2026-04-30
CUST-108493,44,Male,France,594,6,81,2019-09-29,0.0,2,0,1,208018.58,29,0.0,0.0,1,0,
CUST-108494,64,Female,Spain,574,8,103,2017-11-28,0.0,1,1,1,21136.63,12,0.4594,0.0,0,0,
CUST-108495,47,Male,Germany,592,5,62,2021-04-29,33637.26,2,0,1,15045.74,20,0.0776,-0.1213,0,0,
CUST-108496,50,Female,Germany,636,0,11,2016-06-29,154404.39,1,1,0,82426.13,3,0.4727,-0.1851,1,1,2017-05-30
CUST-108497,51,Male,France,645,5,67,2018-02-28,0.0,2,1,1,60450.4,10,0.7426,0.0,0,1,2023-09-29
CUST-108498,29,Female,Spain,545,6,83,2018-07-30,0.0,1,1,1,87228.35,14,0.7642,0.0,0,1,2025-06-29
CUST-108499,37,Female,Germany,674,3,37,2023-05-30,30520.79,1,0,1,199744.03,22,0.1371,0.0261,0,0,
CUST-108500,31,Female,France,673,2,24,2024-06-29,0.0,1,0,1,122699.11,19,0.2595,0.0,1,0,
CUST-108501,32,Male,France,639,0,10,2025-08-29,88495.8,2,1,0,97523.54,8,0.1704,-0.0693,0,0,
CUST-108502,35,Female,Spain,584,6,82,2019-08-30,0.0,2,1,0,44520.21,7,0.3375,0.0,0,0,
CUST-108503,42,Female,France,714,0,7,2025-11-28,0.0,1,0,1,54652.25,28,0.1137,0.0,1,0,
CUST-108504,61,Male,Germany,777,2,24,2024-06-29,31178.24,2,1,1,98988.22,20,0.1132,-0.1059,0,0,
CUST-108505,46,Female,Germany,607,4,49,2022-05-30,233876.59,1,1,0,56743.88,12,0.1689,0.1023,0,0,
CUST-108506,43,Female,France,590,1,20,2024-10-29,0.0,2,1,1,111808.95,31,0.2391,0.0,0,0,
CUST-108507,35,Female,Germany,695,0,6,2024-01-29,35057.1,3,0,1,81404.4,10,0.7415,-0.3837,1,1,2024-07-29
CUST-108508,63,Male,France,538,1,21,2024-09-28,121480.88,2,0,1,64614.88,19,0.2709,-0.1766,1,0,
CUST-108509,27,Male,Spain,527,2,26,2024-04-29,0.0,2,0,1,133475.04,33,0.2468,0.0,0,0,
CUST-108510,47,Female,Spain,588,1,18,2024-10-29,49830.59,1,1,0,62960.94,5,0.7942,-0.3963,2,1,2026-04-30
CUST-108511,24,Female,France,680,5,66,2020-12-29,0.0,2,1,0,33942.36,13,0.2439,0.0,1,0,
CUST-108512,40,Male,Germany,565,0,8,2025-10-29,60890.65,2,1,1,142499.61,23,0.0912,0.0923,0,0,
CUST-108513,52,Female,Germany,648,0,8,2025-08-29,17850.13,2,1,0,72270.7,4,0.8021,-0.4173,0,1,2026-04-30
CUST-108514,38,Male,Spain,457,3,47,2022-07-30,66847.29,2,1,0,63626.65,6,0.1858,0.1039,0,0,
CUST-108515,56,Male,France,709,3,47,2022-07-30,46223.45,2,1,1,67233.4,27,0.2563,0.0483,0,1,2026-06-30
CUST-108516,30,Female,Germany,788,3,37,2023-05-30,13146.2,2,1,1,52604.72,19,0.0,0.173,0,0,
CUST-108517,22,Female,Spain,563,2,31,2023-11-29,0.0,2,1,1,303598.69,37,0.0385,0.0,1,0,
CUST-108518,27,Female,France,693,9,111,2017-03-30,238373.15,2,1,0,35278.38,12,0.1748,-0.2308,0,0,
CUST-108519,35,Female,Germany,630,7,95,2018-07-30,115557.58,2,0,0,87775.75,13,0.1854,0.1084,0,0,
CUST-108520,42,Male,France,660,8,104,2017-10-29,0.0,1,1,0,80657.63,8,0.361,0.0,0,0,
CUST-108521,32,Male,Germany,626,7,85,2019-05-30,60457.32,2,1,0,112032.12,7,0.3987,-0.0124,0,0,
CUST-108522,40,Male,France,621,2,28,2024-02-28,0.0,2,1,1,59210.72,13,0.1213,0.0,0,0,
CUST-108523,45,Female,Spain,570,4,51,2022-03-30,0.0,2,1,1,142366.57,17,0.0979,0.0,0,0,
CUST-108524,30,Male,France,545,5,62,2021-04-29,0.0,1,0,0,59943.28,10,0.275,0.0,0,0,
CUST-108525,31,Female,France,756,2,34,2023-08-30,84777.84,1,1,0,54901.47,11,0.1891,-0.0367,0,0,
CUST-108526,26,Male,Spain,489,5,63,2021-03-30,200621.66,2,1,0,75456.28,14,0.2176,-0.093,0,0,
CUST-108527,56,Male,Spain,648,5,64,2017-12-29,29781.07,2,1,1,87201.8,16,0.5709,-0.2132,0,1,2023-04-30
CUST-108528,56,Male,Germany,644,4,49,2022-05-30,180759.41,2,0,0,131449.73,8,0.4909,-0.3295,0,0,
CUST-108529,40,Female,Germany,645,2,24,2021-08-29,313968.04,1,1,0,35337.22,6,0.7524,-0.3201,2,1,2023-08-30
CUST-108530,28,Male,France,714,4,52,2022-02-28,54569.52,1,1,0,119480.09,8,0.2003,-0.0476,0,0,
CUST-108531,60,Female,Germany,614,1,14,2025-04-29,29340.39,2,0,1,123915.62,27,0.0207,0.1129,0,0,
CUST-108532,31,Female,France,713,0,3,2025-08-29,52801.65,3,0,1,107878.95,25,0.0702,0.0371,1,1,2025-11-28
CUST-108533,27,Male,France,841,4,51,2022-03-30,0.0,1,0,1,69539.97,15,0.5282,0.0,0,0,
CUST-108534,30,Female,Spain,635,6,74,2020-04-29,634852.16,1,1,0,55153.77,8,0.4326,0.2115,0,0,
CUST-108535,30,Male,Germany,455,4,50,2018-08-29,46711.96,2,0,0,94793.95,3,0.5517,-0.3528,1,1,2022-10-29
CUST-108536,28,Male,France,636,5,62,2021-04-29,0.0,1,1,0,81915.34,6,0.1309,0.0,0,0,
CUST-108537,32,Male,France,627,0,10,2023-07-30,0.0,1,1,1,31900.02,8,0.5636,0.0,1,1,2024-05-30
CUST-108538,39,Female,Spain,689,2,28,2021-07-30,0.0,3,1,1,118965.0,14,0.5392,0.0,0,1,2023-11-29
CUST-108539,47,Female,France,459,6,75,2020-03-30,86256.36,2,1,0,49675.01,6,0.2126,0.0454,0,0,
CUST-108540,36,Male,France,681,5,66,2017-02-28,23032.95,1,1,1,50639.06,19,0.3369,0.0344,0,1,2022-08-29
CUST-108541,36,Female,France,610,8,98,2018-04-30,32797.8,2,1,0,130005.55,15,0.1544,0.1248,0,0,
CUST-108542,35,Female,France,727,8,103,2017-11-28,0.0,2,0,1,79228.07,34,0.1062,0.0,1,0,
CUST-108543,27,Female,France,600,0,7,2025-11-28,0.0,3,1,1,66020.13,20,0.0862,0.0,0,0,
CUST-108544,47,Male,Spain,733,3,47,2022-07-30,0.0,1,1,1,58929.21,15,0.4121,0.0,0,0,
CUST-108545,52,Female,France,505,4,51,2022-03-30,232232.73,2,1,0,63276.43,4,0.0,-0.2309,0,0,
CUST-108546,59,Female,Germany,652,1,18,2021-03-30,13662.18,1,0,0,71050.83,8,0.8242,-0.3895,1,1,2022-09-29
CUST-108547,34,Male,Germany,557,4,51,2022-03-30,108235.81,1,1,0,178741.89,14,0.2569,0.0559,0,0,
CUST-108548,58,Female,Germany,603,2,27,2022-08-29,67066.34,2,1,0,24992.22,8,0.179,0.0363,0,1,2024-11-28
CUST-108549,49,Male,Germany,850,3,45,2020-08-29,116115.65,1,1,0,287637.32,9,0.6015,-0.4656,0,1,2024-05-30
CUST-108550,28,Female,Germany,559,1,20,2020-10-29,29493.75,1,1,0,261565.05,4,0.8408,-0.4759,0,1,2022-06-30
CUST-108551,31,Female,Germany,614,1,23,2024-07-29,166824.31,2,1,1,59088.41,25,0.2227,-0.1943,0,0,
CUST-108552,39,Male,Germany,540,9,108,2017-06-29,67931.67,1,1,1,79929.77,23,0.1003,0.0717,0,0,
CUST-108553,36,Male,Spain,621,0,3,2024-07-29,47022.9,3,1,0,79821.38,2,0.5196,-0.1196,0,1,2024-10-29
CUST-108554,27,Female,Germany,636,5,67,2020-11-28,60351.95,2,1,1,129801.29,42,0.0,0.0516,0,0,
CUST-108555,39,Female,Spain,579,5,65,2021-01-28,0.0,1,1,1,77810.31,24,0.0,0.0,1,0,
CUST-108556,39,Female,France,801,2,30,2016-12-29,0.0,2,0,0,89046.67,4,0.6936,0.0,0,1,2019-06-30
CUST-108557,48,Female,Germany,761,0,2,2024-09-28,112912.4,4,0,0,138278.83,4,0.5354,-0.3314,1,1,2024-11-28
CUST-108558,33,Male,Germany,559,8,101,2018-01-28,151284.85,2,1,0,24862.82,12,0.0663,0.1109,0,0,
CUST-108559,31,Male,France,728,3,37,2023-05-30,48827.22,2,1,0,66164.43,6,0.2714,-0.029,0,0,
CUST-108560,26,Female,Spain,604,3,36,2023-06-30,0.0,1,1,1,81904.23,17,0.1393,0.0,1,0,
CUST-108561,41,Male,France,532,5,65,2021-01-28,0.0,2,0,0,60372.84,13,0.3131,0.0,0,0,
CUST-108562,40,Female,France,581,5,60,2021-06-29,0.0,1,1,1,28321.41,30,0.08,0.0,0,0,
CUST-108563,62,Male,Spain,529,3,36,2023-06-30,0.0,2,1,0,73892.93,14,0.2977,0.0,0,0,
CUST-108564,47,Male,France,740,3,37,2022-01-28,46270.81,1,1,1,53456.92,10,0.4755,-0.3445,0,1,2025-02-28
CUST-108565,33,Female,France,566,3,41,2023-01-29,67457.87,2,1,0,57022.98,8,0.1696,-0.0128,1,0,
CUST-108566,38,Female,France,774,1,13,2025-05-30,156146.81,2,1,1,71783.24,20,0.1735,0.0307,1,0,
CUST-108567,27,Female,Spain,664,9,115,2016-11-28,0.0,1,0,1,28480.44,30,0.1639,0.0,1,0,
CUST-108568,34,Male,France,611,2,35,2023-07-30,160452.74,2,1,0,61526.05,4,0.2518,0.0389,0,0,
CUST-108569,40,Female,Germany,602,6,80,2018-01-28,58873.28,1,0,1,49635.11,7,0.6122,-0.3077,0,1,2024-09-28
CUST-108570,63,Male,Spain,818,2,35,2021-11-28,0.0,1,1,0,35608.34,13,0.2159,0.0,0,1,2024-10-29
CUST-108571,30,Female,Germany,651,0,6,2025-12-29,209764.71,2,0,1,95099.7,30,0.1651,-0.0952,2,0,
CUST-108572,55,Female,Spain,602,8,96,2018-01-28,52359.25,1,1,1,35611.94,8,0.4352,-0.194,3,1,2026-01-28
CUST-108573,41,Male,Spain,732,4,50,2022-04-30,0.0,1,1,1,97599.89,19,0.2235,0.0,0,0,
CUST-108574,47,Female,France,706,1,16,2017-03-30,0.0,1,1,1,116993.35,8,0.6748,0.0,2,1,2018-07-30
CUST-108575,38,Female,Spain,555,4,57,2021-09-29,0.0,1,1,0,67821.33,12,0.348,0.0,0,0,
CUST-108576,32,Male,Germany,651,4,49,2022-05-30,100814.04,2,1,0,131770.9,13,0.0769,0.103,0,0,
CUST-108577,54,Female,France,476,8,102,2017-12-29,0.0,2,1,1,258035.67,18,0.0,0.0,1,0,
CUST-108578,34,Male,France,647,0,9,2025-09-29,0.0,1,1,0,98794.51,7,0.4026,0.0,0,0,
CUST-108579,46,Female,Germany,680,0,9,2025-09-29,101627.18,2,0,0,60908.75,12,0.2147,-0.1415,0,0,
CUST-108580,28,Male,France,693,8,107,2017-07-30,0.0,2,1,1,138097.77,34,0.0799,0.0,0,0,
CUST-108581,29,Male,Germany,554,1,20,2024-10-29,99589.35,2,1,0,24825.64,14,0.0901,-0.1297,0,0,
CUST-108582,24,Female,France,579,6,73,2020-05-30,0.0,2,1,1,261359.34,20,0.3004,0.0,0,0,
CUST-108583,37,Male,Germany,674,1,18,2024-12-29,53600.34,1,1,1,76142.23,19,0.146,0.0531,0,0,
CUST-108584,41,Female,France,770,0,8,2017-09-29,0.0,4,1,0,84249.73,7,0.7668,0.0,1,1,2018-05-30
CUST-108585,38,Male,Spain,659,9,108,2017-06-29,0.0,1,1,1,30535.99,30,0.0,0.0,1,0,
CUST-108586,26,Male,France,596,1,12,2025-06-29,278386.79,2,1,1,119169.71,32,0.0866,0.1619,1,0,
CUST-108587,29,Male,France,743,6,75,2020-03-30,0.0,1,1,1,77083.21,19,0.2017,0.0,0,0,
CUST-108588,47,Male,France,662,8,99,2018-03-30,0.0,2,1,1,66927.05,27,0.0967,0.0,1,0,
CUST-108589,33,Male,France,667,2,24,2021-06-29,0.0,1,0,0,51145.26,9,0.5172,0.0,1,1,2023-06-30
CUST-108590,39,Male,Germany,727,0,3,2026-03-30,222419.76,2,1,0,44256.24,14,0.0463,0.0553,0,0,
CUST-108591,32,Male,Germany,641,6,72,2020-06-29,36067.81,1,0,1,48016.66,29,0.2369,-0.1336,0,0,
CUST-108592,45,Male,France,560,2,24,2017-08-29,0.0,2,1,0,29491.3,5,0.6116,0.0,2,1,2019-08-30
CUST-108593,32,Male,Spain,635,0,5,2026-01-28,0.0,2,1,0,80497.6,9,0.2791,0.0,0,0,
CUST-108594,36,Male,France,757,9,116,2016-10-29,0.0,1,1,0,172324.8,5,0.7369,0.0,1,0,
CUST-108595,51,Male,France,832,0,9,2025-09-29,0.0,1,0,0,89498.13,8,0.2526,0.0,0,0,
CUST-108596,38,Male,Spain,533,5,68,2019-12-29,0.0,2,1,0,45860.41,3,0.8467,0.0,3,1,2025-08-29
CUST-108597,30,Male,Germany,807,5,60,2021-06-29,46755.63,2,1,0,86216.85,9,0.0462,0.1254,0,0,
CUST-108598,43,Male,Germany,615,5,64,2021-02-28,115644.2,2,1,1,16738.77,33,0.1465,0.0802,0,0,
CUST-108599,26,Male,France,652,8,104,2017-10-29,0.0,2,1,0,183898.37,10,0.2718,0.0,0,0,
CUST-108600,30,Male,France,813,6,73,2020-05-30,27252.45,2,1,0,52928.42,13,0.1835,-0.1742,0,0,
CUST-108601,27,Female,Germany,611,5,60,2021-06-29,44816.37,1,0,0,95490.92,1,0.6455,0.1718,0,0,
CUST-108602,45,Male,France,624,7,92,2018-10-29,45851.45,2,1,1,69812.01,21,0.0321,-0.0252,0,0,
CUST-108603,42,Male,France,588,0,7,2025-11-28,53013.23,2,0,1,99124.48,27,0.1276,-0.0821,0,0,
CUST-108604,44,Female,Spain,654,8,97,2018-05-30,183555.16,2,0,0,259466.73,18,0.1186,0.1227,1,0,
CUST-108605,40,Male,Germany,680,6,82,2019-08-30,241219.21,2,1,1,22199.08,23,0.0,-0.0545,0,0,
CUST-108606,54,Male,France,584,1,19,2023-09-29,40633.64,1,0,0,82995.32,8,0.2096,-0.1271,0,1,2025-04-29
CUST-108607,40,Female,France,789,4,48,2022-06-30,68633.03,2,1,0,84236.54,8,0.165,-0.1286,0,0,
CUST-108608,33,Female,Germany,578,2,30,2023-12-29,45936.78,2,1,1,58478.11,14,0.134,-0.0718,0,0,
CUST-108609,30,Female,France,698,1,20,2024-10-29,0.0,1,1,0,47892.81,18,0.2055,0.0,2,0,
CUST-108610,40,Female,France,653,4,48,2022-06-30,130331.07,2,0,0,121772.89,15,0.2496,-0.0641,0,0,
CUST-108611,53,Female,France,769,3,40,2023-02-28,0.0,2,1,1,70622.98,17,0.5569,0.0,0,0,
CUST-108612,28,Female,Germany,573,0,6,2021-10-29,230507.56,3,1,0,71981.09,5,0.666,-0.2391,2,1,2022-04-30
CUST-108613,44,Male,Germany,705,4,49,2022-05-30,88231.89,2,0,0,61006.73,11,0.5776,-0.2058,0,0,
CUST-108614,36,Female,France,850,3,36,2023-06-30,19781.87,1,1,1,65973.21,27,0.1814,0.0176,1,0,
CUST-108615,50,Female,France,512,2,33,2021-12-29,0.0,3,1,0,100733.45,1,0.6071,0.0,0,1,2024-09-28
CUST-108616,25,Male,Germany,564,3,45,2022-09-29,21540.09,1,1,1,98421.51,14,0.0571,-0.0351,0,0,
CUST-108617,62,Male,Germany,850,2,30,2023-12-29,192668.97,2,0,0,46961.46,10,0.2446,-0.1736,0,0,
CUST-108618,36,Female,Germany,637,10,120,2016-06-29,51366.44,2,1,1,60944.23,19,0.0626,-0.0022,0,0,
CUST-108619,25,Male,France,661,5,71,2020-07-29,0.0,1,0,0,126065.75,4,0.106,0.0,0,0,
CUST-108620,27,Female,Germany,618,6,72,2020-06-29,286552.63,1,0,1,181614.06,18,0.0835,-0.0156,0,0,
CUST-108621,65,Male,Spain,809,3,40,2023-02-28,0.0,2,1,0,181721.85,7,0.3093,0.0,0,0,
CUST-108622,44,Female,Germany,495,5,60,2021-06-29,66739.25,2,0,0,174127.4,7,0.1014,-0.1039,0,0,
CUST-108623,35,Male,France,769,9,108,2017-06-29,0.0,2,1,0,80319.86,8,0.257,0.0,1,0,
CUST-108624,70,Female,Germany,508,0,5,2021-07-30,26690.6,3,1,0,127235.26,7,0.7395,-0.2254,2,1,2021-12-29
CUST-108625,39,Male,France,500,3,36,2023-06-30,0.0,1,1,0,88096.09,11,0.2111,0.0,0,0,
CUST-108626,49,Male,France,546,4,54,2021-12-29,223297.1,1,1,1,47966.49,18,0.0847,-0.0016,0,0,
CUST-108627,29,Male,France,638,4,58,2021-08-29,0.0,1,1,0,67313.41,10,0.3284,0.0,0,0,
CUST-108628,34,Male,Spain,581,0,1,2026-05-30,149093.36,3,1,1,64306.01,20,0.2969,-0.1589,1,0,
CUST-108629,39,Male,France,576,1,23,2024-07-29,92558.32,1,1,0,119778.6,13,0.2401,-0.0552,0,0,
CUST-108630,33,Female,Spain,561,1,17,2025-01-28,0.0,2,1,0,111552.24,12,0.1718,0.0,0,0,
CUST-108631,63,Male,Germany,563,6,74,2020-04-29,225265.8,2,1,0,68035.36,16,0.311,0.2726,0,0,
CUST-108632,54,Female,Germany,560,1,19,2019-04-30,205479.63,2,1,0,63559.25,3,0.6634,-0.4589,1,1,2020-11-28
CUST-108633,43,Female,France,673,2,24,2024-06-29,0.0,1,1,1,49502.53,25,0.2336,0.0,0,0,
CUST-108634,27,Male,Germany,589,8,103,2017-11-28,43419.39,1,1,0,60119.54,15,0.167,0.0405,0,0,
CUST-108635,35,Female,France,394,0,2,2026-04-30,10769.13,2,0,1,67933.5,27,0.1048,0.0711,0,0,
CUST-108636,30,Female,France,646,4,59,2021-07-30,0.0,1,1,0,86272.4,9,0.3919,0.0,0,0,
CUST-108637,44,Female,France,722,2,35,2023-07-30,331827.27,1,0,1,76632.06,15,0.0257,0.0206,0,0,
CUST-108638,33,Female,France,623,9,113,2017-01-28,0.0,1,1,0,46274.23,7,0.2319,0.0,0,0,
CUST-108639,25,Female,Germany,529,3,42,2022-12-29,216380.06,2,0,0,55099.18,10,0.4647,-0.0889,0,0,
CUST-108640,41,Female,France,722,1,13,2024-12-29,15471.9,2,0,0,67808.91,9,0.3723,0.0081,0,1,2026-01-28
CUST-108641,33,Male,France,518,4,57,2021-09-29,0.0,2,1,0,95143.7,5,0.4461,0.0,0,0,
CUST-108642,56,Male,Spain,619,0,1,2026-05-30,120070.7,1,1,1,54767.78,28,0.4537,-0.0941,1,0,
CUST-108643,28,Female,France,648,0,3,2026-03-30,51800.32,1,1,0,32171.21,12,0.3569,-0.1199,0,0,
CUST-108644,31,Male,France,754,5,67,2020-11-28,0.0,1,1,1,39021.87,17,0.3885,0.0,2,0,
CUST-108645,35,Female,France,705,9,119,2016-07-29,0.0,2,1,0,85827.02,19,0.1909,0.0,0,0,
CUST-108646,42,Male,France,673,1,23,2024-07-29,0.0,1,0,1,92959.62,28,0.1535,0.0,1,0,
CUST-108647,50,Male,Germany,739,3,39,2020-11-28,390092.83,1,0,0,52138.35,10,0.3822,-0.1026,0,1,2024-02-28
CUST-108648,34,Female,France,539,2,33,2023-09-29,79746.39,2,1,0,41768.47,4,0.0789,0.1723,0,0,
CUST-108649,40,Male,France,802,4,57,2018-12-29,177666.5,3,1,0,33259.47,3,0.7375,-0.4314,0,1,2023-09-29
CUST-108650,26,Male,Germany,356,4,57,2021-09-29,84680.0,1,1,1,34153.3,39,0.0,-0.0664,0,0,
CUST-108651,31,Female,France,787,5,71,2020-07-29,113714.21,2,1,0,58217.85,7,0.1502,0.0233,0,0,
CUST-108652,33,Female,Spain,569,2,24,2024-06-29,0.0,4,0,1,30315.84,33,0.0,0.0,0,0,
CUST-108653,35,Female,Spain,686,8,97,2018-05-30,97615.4,1,1,1,78688.78,25,0.0295,-0.2148,0,0,
CUST-108654,45,Male,France,789,1,14,2025-04-29,100819.06,2,1,1,95408.36,18,0.4468,-0.3194,1,0,
CUST-108655,66,Female,France,704,3,43,2022-11-29,96283.73,1,0,1,33996.11,29,0.0,0.0302,0,0,
CUST-108656,31,Female,France,686,0,6,2025-12-29,0.0,2,0,1,40757.4,21,0.1802,0.0,1,0,
CUST-108657,43,Female,France,733,7,94,2018-08-29,0.0,1,1,1,68412.24,19,0.1441,0.0,0,0,
CUST-108658,54,Male,France,508,2,30,2021-08-29,38577.05,1,1,0,46094.89,1,0.6164,-0.2372,1,1,2024-02-28
CUST-108659,53,Male,Germany,522,9,119,2016-07-29,135048.48,2,1,0,79981.79,10,0.1117,0.0895,0,0,
CUST-108660,30,Male,France,676,9,110,2017-04-29,54740.58,1,0,1,123686.37,32,0.1664,-0.0434,1,0,
CUST-108661,52,Female,France,631,4,59,2021-07-30,0.0,2,1,0,64309.17,10,0.3058,0.0,0,0,
CUST-108662,28,Male,France,620,7,87,2019-03-30,0.0,1,0,1,28217.78,35,0.1353,0.0,0,0,
CUST-108663,28,Male,Spain,769,7,87,2019-03-30,155029.54,2,1,0,78940.32,10,0.1498,0.1587,0,0,
CUST-108664,38,Female,Spain,761,6,72,2020-06-29,102815.9,1,0,0,59734.96,10,0.2906,-0.0469,1,0,
CUST-108665,33,Male,France,562,8,107,2017-07-30,142311.48,2,1,0,96457.06,12,0.2196,0.1199,0,0,
CUST-108666,58,Male,Germany,692,1,12,2025-06-29,98782.24,1,1,1,258613.17,39,0.23,-0.1005,0,0,
CUST-108667,25,Male,France,500,2,33,2023-09-29,553797.9,2,1,0,42481.57,12,0.0878,0.181,1,0,
CUST-108668,38,Female,Germany,498,1,21,2020-04-29,67161.42,1,1,0,48116.82,4,0.6708,-0.5606,3,1,2022-01-28
CUST-108669,49,Female,Germany,564,1,19,2024-11-28,57281.7,1,1,1,84309.9,26,0.1354,0.0175,0,0,
CUST-108670,24,Female,Spain,645,6,76,2020-02-28,144456.75,1,0,0,115842.49,15,0.0895,-0.0473,0,0,
CUST-108671,34,Female,France,587,7,95,2018-07-30,62467.64,2,1,1,221101.14,32,0.0,-0.08,0,0,
CUST-108672,49,Female,France,693,0,9,2025-09-29,166854.47,1,1,1,57095.7,34,0.0,0.1456,1,0,
CUST-108673,37,Male,Spain,649,4,49,2022-05-30,33413.33,2,1,1,44596.35,31,0.3792,-0.0078,1,0,
CUST-108674,37,Female,France,757,7,85,2019-05-30,0.0,1,0,1,46550.57,27,0.146,0.0,0,0,
CUST-108675,51,Female,France,702,0,6,2017-06-29,128721.04,4,1,1,56572.02,14,0.3624,-0.224,0,1,2017-12-29
CUST-108676,43,Male,Germany,550,5,62,2021-04-29,36585.62,1,1,1,62841.76,17,0.1477,-0.0416,0,0,
CUST-108677,31,Female,Spain,736,3,46,2022-08-29,0.0,1,1,0,79040.85,13,0.2801,0.0,0,0,
CUST-108678,62,Male,Germany,567,10,120,2016-06-29,18561.87,2,1,1,73249.61,24,0.216,0.158,1,0,
CUST-108679,36,Female,Spain,690,4,59,2018-11-29,0.0,1,1,0,35633.66,9,0.3155,0.0,0,1,2023-10-30
CUST-108680,27,Female,Germany,603,1,18,2024-12-29,229903.98,2,1,0,31004.77,10,0.2601,0.0232,0,0,
CUST-108681,38,Female,France,777,3,40,2023-02-28,44833.49,2,1,0,67832.08,6,0.2346,-0.1425,1,0,
CUST-108682,37,Female,Germany,720,1,14,2025-04-29,84214.85,2,1,1,47332.2,37,0.1588,0.208,0,0,
CUST-108683,42,Male,Spain,584,4,59,2021-07-30,0.0,1,1,0,51881.4,7,0.0804,0.0,0,0,
CUST-108684,44,Male,Spain,613,0,6,2019-09-29,154898.41,1,1,0,116873.3,5,0.7413,-0.409,0,1,2020-03-30
CUST-108685,26,Female,France,850,9,116,2016-10-29,169887.46,1,1,0,103288.65,7,0.2295,0.0403,0,0,
CUST-108686,35,Male,France,529,6,74,2020-04-29,136804.41,1,0,0,58890.91,9,0.0802,-0.0607,2,0,
CUST-108687,43,Male,Spain,581,8,101,2018-01-28,162102.23,2,0,0,125944.03,10,0.456,0.0155,0,0,
CUST-108688,37,Female,France,586,2,33,2023-09-29,0.0,2,1,0,130674.75,13,0.237,0.0,0,0,
CUST-108689,33,Male,France,539,5,69,2020-09-28,82113.34,2,1,0,152701.73,14,0.3345,-0.0874,0,0,
CUST-108690,46,Male,Spain,549,5,69,2020-09-28,0.0,2,1,1,169576.45,31,0.0361,0.0,0,0,
CUST-108691,46,Male,Germany,640,1,19,2024-11-28,42805.08,2,1,0,64314.79,10,0.0333,-0.1361,0,1,2026-06-30
CUST-108692,25,Male,France,696,9,119,2016-07-29,0.0,2,0,0,132509.99,10,0.2032,0.0,0,0,
CUST-108693,20,Female,France,497,2,30,2020-06-29,229592.22,1,0,0,60860.68,8,0.4434,-0.1403,0,1,2022-12-29
CUST-108694,40,Male,France,602,1,21,2024-09-28,44569.52,1,1,1,140363.98,24,0.0218,-0.3137,0,0,
CUST-108695,42,Male,Spain,573,9,110,2017-04-29,114351.12,1,1,1,63200.53,15,0.0224,-0.1478,1,0,
CUST-108696,35,Female,France,538,4,51,2020-04-29,0.0,1,1,0,72751.73,6,0.755,0.0,2,1,2024-07-29
CUST-108697,39,Male,France,746,2,31,2022-04-30,34118.74,2,1,0,41463.58,8,0.6911,-0.3478,0,1,2024-11-28
CUST-108698,36,Female,France,577,1,14,2025-04-29,266903.11,2,1,0,41235.65,6,0.3019,0.1549,1,0,
CUST-108699,42,Male,France,518,9,113,2017-01-28,0.0,1,1,0,90081.31,10,0.1399,0.0,0,0,
CUST-108700,33,Male,France,734,8,96,2018-06-30,0.0,1,1,0,122720.62,4,0.2618,0.0,0,0,
CUST-108701,33,Female,France,770,7,95,2018-07-30,67885.17,2,1,1,40758.39,28,0.1552,-0.1369,1,0,
CUST-108702,36,Female,Germany,673,5,62,2021-04-29,101802.23,2,0,1,149278.62,21,0.5119,-0.1898,1,0,
CUST-108703,42,Female,France,560,5,60,2021-06-29,0.0,1,1,1,140343.38,12,0.1428,0.0,0,0,
CUST-108704,43,Male,France,623,1,19,2024-11-28,132891.01,2,1,0,89602.45,6,0.2641,0.1842,0,0,
CUST-108705,55,Male,France,587,7,95,2018-04-30,24627.56,2,0,1,121397.52,12,0.6611,-0.5401,2,1,2026-03-30
CUST-108706,28,Male,France,645,3,37,2023-05-30,58051.0,1,1,0,53925.88,10,0.4303,-0.3773,0,0,
CUST-108707,24,Female,France,719,4,48,2022-06-30,66649.65,2,0,0,32982.51,8,0.0,-0.09,0,0,
CUST-108708,46,Male,France,648,8,97,2018-05-30,126859.04,2,0,1,54003.55,15,0.1516,-0.0965,0,0,
CUST-108709,38,Female,France,650,5,69,2020-09-28,240834.85,2,0,1,138477.33,23,0.2444,-0.0447,0,0,
CUST-108710,24,Female,France,601,4,52,2022-02-28,37891.06,2,0,0,144238.37,4,0.4257,-0.4057,0,0,
CUST-108711,36,Male,Germany,714,4,55,2021-11-28,78092.4,1,1,1,37560.59,34,0.1137,-0.0263,1,0,
CUST-108712,50,Male,France,685,9,115,2016-11-28,0.0,2,1,0,37252.95,11,0.1552,0.0,0,0,
CUST-108713,33,Male,Spain,474,8,101,2018-01-28,81370.65,2,0,1,44106.45,20,0.0,-0.0141,1,0,
CUST-108714,40,Male,Germany,479,5,60,2021-05-30,74126.96,1,0,1,24794.74,28,0.0086,0.0301,0,1,2026-05-30
CUST-108715,31,Female,France,618,4,55,2021-11-28,165294.77,1,1,0,51462.16,4,0.043,-0.0653,0,0,
CUST-108716,29,Female,France,743,5,64,2021-02-28,19446.75,2,1,1,93840.31,23,0.2858,-0.1861,0,0,
CUST-108717,48,Male,France,762,2,26,2024-04-29,0.0,2,1,0,13786.09,13,0.0001,0.0,1,0,
CUST-108718,32,Male,France,723,1,21,2024-09-28,90243.45,2,1,0,69060.8,14,0.0,-0.1347,0,0,
CUST-108719,35,Male,Germany,636,0,4,2026-02-28,84391.57,2,1,1,156943.88,24,0.235,0.1039,1,0,
CUST-108720,38,Male,France,791,8,107,2017-07-30,45962.1,2,1,1,118845.67,40,0.0,-0.1594,0,0,
CUST-108721,31,Female,Spain,581,0,3,2021-03-30,0.0,3,1,0,89607.75,8,0.6982,0.0,2,1,2021-06-29
CUST-108722,76,Female,France,617,1,12,2018-11-29,108846.17,2,1,0,76408.9,7,0.8791,-0.4284,1,1,2019-11-29
CUST-108723,46,Female,Germany,514,6,75,2020-03-30,6030.58,1,1,1,134299.41,29,0.1143,0.0054,0,0,
CUST-108724,27,Female,Spain,617,1,15,2025-03-30,140629.49,1,1,0,95016.45,6,0.2226,0.0524,0,0,
CUST-108725,24,Male,Germany,567,4,59,2021-07-30,76598.62,1,0,0,61926.29,9,0.2295,0.0312,0,0,
CUST-108726,49,Female,Spain,798,1,20,2024-10-29,175222.14,1,1,1,120457.77,22,0.187,0.0543,0,0,
CUST-108727,40,Female,Spain,779,1,22,2024-08-29,0.0,1,1,1,33996.18,28,0.0691,0.0,0,0,
CUST-108728,41,Male,France,656,5,63,2021-03-30,92486.89,1,1,0,111384.42,18,0.1675,0.3113,0,0,
CUST-108729,36,Male,France,695,1,15,2019-02-28,47230.53,4,1,1,97322.99,11,0.6649,-0.1,0,1,2020-05-30
CUST-108730,34,Female,France,592,7,94,2018-08-29,0.0,2,0,1,80389.28,22,0.0221,0.0,0,0,
CUST-108731,49,Female,France,406,0,5,2026-01-28,285378.75,2,1,1,75815.84,28,0.0,0.0268,0,0,
CUST-108732,29,Male,Germany,577,7,89,2019-01-29,114001.2,1,0,1,181625.31,16,0.0858,0.1144,0,0,
CUST-108733,53,Female,France,722,5,64,2021-02-28,0.0,1,1,1,130625.96,12,0.1946,0.0,1,0,
CUST-108734,39,Female,France,692,0,1,2025-08-29,187005.44,1,1,0,153183.44,4,0.6146,-0.2223,1,1,2025-09-29
CUST-108735,26,Female,Spain,612,3,41,2023-01-29,0.0,1,1,0,94156.18,8,0.0887,0.0,0,0,
CUST-108736,25,Male,France,721,6,83,2019-07-30,0.0,1,0,0,135422.99,12,0.1006,0.0,0,0,
CUST-108737,31,Male,Germany,605,4,48,2022-06-30,61648.83,1,1,1,92205.13,26,0.2655,-0.1958,0,0,
CUST-108738,32,Female,France,540,9,117,2016-09-28,138948.11,1,1,0,66568.66,15,0.1804,-0.1512,0,0,
CUST-108739,25,Male,Spain,721,5,68,2020-10-29,74574.7,2,1,0,111160.26,12,0.3185,-0.1585,0,0,
CUST-108740,43,Male,Germany,591,6,73,2020-05-30,76629.8,2,1,1,62250.29,26,0.0649,0.0069,0,0,
CUST-108741,45,Female,France,749,5,64,2021-02-28,138591.75,1,1,1,137789.87,20,0.0,0.1061,0,0,
CUST-108742,44,Male,Germany,458,5,67,2020-11-28,266022.87,1,1,1,37034.03,19,0.262,-0.108,0,0,
CUST-108743,48,Male,France,595,6,73,2019-12-29,146901.92,1,1,1,62904.05,19,0.6559,-0.4675,0,1,2026-01-28
CUST-108744,33,Female,Germany,707,6,76,2020-02-28,169509.45,2,0,0,49636.66,6,0.2075,0.0928,1,0,
CUST-108745,41,Male,Germany,697,1,15,2025-03-30,203741.81,1,1,1,260806.79,11,0.0816,0.0878,1,0,
CUST-108746,48,Female,France,629,4,54,2020-12-29,0.0,1,1,0,50420.13,5,0.6484,0.0,0,1,2025-06-29
CUST-108747,43,Male,Germany,678,6,77,2019-11-29,103897.23,1,1,1,70024.74,13,0.5021,-0.2355,0,1,2026-04-30
CUST-108748,40,Male,Spain,663,2,27,2024-03-30,80773.62,1,1,1,23218.68,23,0.1614,0.04,0,0,
CUST-108749,53,Male,Spain,507,2,25,2024-05-30,88746.17,1,1,0,185285.24,10,0.3654,0.0724,1,0,
CUST-108750,34,Male,Germany,615,5,68,2020-10-29,65986.91,2,1,0,46234.91,13,0.3379,-0.1709,0,0,
CUST-108751,34,Male,Germany,672,6,77,2020-01-29,77362.65,2,1,1,165018.71,31,0.0003,0.0479,0,0,
CUST-108752,39,Female,France,699,3,42,2019-02-28,0.0,3,0,0,40683.37,5,0.6534,0.0,2,1,2022-08-29
CUST-108753,38,Female,Spain,644,0,11,2025-07-30,49063.79,1,0,0,42276.22,9,0.4493,-0.0658,0,0,
CUST-108754,38,Male,Spain,597,5,71,2020-07-29,12324.79,2,0,1,114068.69,17,0.4042,-0.1335,0,0,
CUST-108755,26,Male,France,522,3,39,2023-03-30,0.0,1,1,0,30848.92,6,0.2457,0.0,0,0,
CUST-108756,50,Female,France,722,4,58,2021-08-29,305515.59,1,0,0,91476.55,15,0.2665,0.0008,0,0,
CUST-108757,41,Male,France,712,7,88,2019-02-28,133693.88,1,0,0,47496.51,7,0.287,0.0049,1,0,
CUST-108758,22,Male,France,745,6,83,2019-07-30,78073.59,1,1,1,236684.7,22,0.0823,0.1035,0,0,
CUST-108759,24,Male,France,546,3,44,2022-10-29,30446.42,2,1,1,194919.72,19,0.0,-0.0184,1,0,
CUST-108760,53,Male,France,662,2,31,2017-10-29,43860.17,2,0,0,145084.1,9,0.7445,-0.1431,0,1,2020-05-30
CUST-108761,32,Male,Germany,584,4,58,2019-01-29,20444.06,1,0,1,260447.21,5,0.6232,-0.477,1,1,2023-11-29
CUST-108762,38,Male,France,654,0,1,2026-05-30,0.0,2,0,0,51395.81,11,0.2396,0.0,1,0,
CUST-108763,29,Female,France,850,0,9,2025-09-29,46347.18,1,0,1,111082.14,24,0.0738,-0.1757,1,0,
CUST-108764,78,Male,Germany,737,8,106,2017-08-29,214676.26,2,1,1,43004.15,35,0.0,0.3493,0,0,
CUST-108765,36,Male,France,577,4,52,2022-02-28,13658.53,1,1,1,117011.55,36,0.2453,-0.2622,0,0,
CUST-108766,33,Male,France,626,5,63,2021-03-30,56964.08,1,1,1,87249.14,14,0.4251,-0.1101,2,0,
CUST-108767,48,Male,Spain,615,6,81,2019-09-29,0.0,2,1,0,36695.06,10,0.1274,0.0,0,0,
CUST-108768,28,Female,Spain,662,4,49,2022-05-30,30690.44,1,1,1,70048.57,26,0.063,0.0904,0,0,
CUST-108769,50,Female,Germany,504,1,23,2021-10-29,30396.64,1,1,0,76263.1,14,0.1544,0.0687,0,1,2023-09-29
CUST-108770,35,Female,France,681,6,80,2019-05-30,0.0,3,1,0,74959.33,4,0.6182,0.0,1,1,2026-01-28
CUST-108771,45,Male,France,447,0,11,2023-12-29,34708.53,1,1,0,193703.45,3,0.4659,-0.5183,0,1,2024-11-28
CUST-108772,40,Male,Spain,489,0,5,2016-06-29,61454.37,1,1,0,40162.85,5,0.7323,-0.1617,0,1,2016-11-28
CUST-108773,35,Male,Germany,842,5,60,2021-06-29,13969.18,1,0,0,49749.8,9,0.3554,-0.0743,0,0,
CUST-108774,26,Male,Spain,615,3,36,2023-06-30,0.0,2,1,1,14099.75,39,0.0675,0.0,2,0,
CUST-108775,38,Female,Germany,787,1,23,2024-07-29,160064.39,1,1,0,104444.08,9,0.3835,0.0392,2,0,
CUST-108776,30,Male,France,572,8,96,2018-06-30,0.0,2,0,1,113066.67,32,0.0777,0.0,1,0,
CUST-108777,38,Male,France,448,9,108,2017-06-29,19273.05,1,0,0,116988.5,16,0.1205,0.1555,1,0,
CUST-108778,47,Male,Spain,549,9,109,2017-05-30,0.0,2,1,1,70552.2,37,0.1004,0.0,0,0,
CUST-108779,43,Male,Spain,850,8,106,2017-08-29,151767.89,1,1,1,47993.81,33,0.1398,0.1212,0,0,
CUST-108780,21,Male,France,515,2,25,2024-05-30,156402.56,1,1,0,37338.33,8,0.149,0.0232,1,0,
CUST-108781,34,Female,Germany,821,1,13,2025-05-30,50686.88,1,0,0,98219.69,13,0.1977,-0.1585,0,0,
CUST-108782,32,Female,France,683,8,105,2017-09-29,120543.18,1,1,0,45757.76,9,0.1228,-0.0806,0,1,2026-06-30
CUST-108783,32,Male,Spain,662,9,112,2017-02-28,24601.18,2,1,0,28682.48,16,0.1557,-0.0008,0,0,
CUST-108784,39,Male,France,578,9,112,2017-02-28,0.0,2,1,0,127424.85,16,0.3234,0.0,2,0,
CUST-108785,33,Male,Germany,563,8,105,2017-09-29,29809.25,2,1,0,58893.98,10,0.3748,0.2042,0,0,
CUST-108786,30,Male,France,704,6,73,2020-05-30,0.0,2,0,0,79045.82,9,0.3647,0.0,0,0,
CUST-108787,27,Female,Germany,777,1,14,2019-12-29,58790.06,1,1,1,12000.0,24,0.1159,0.1619,1,1,2021-02-28
CUST-108788,33,Male,Germany,669,2,24,2024-06-29,67447.4,1,0,0,70341.06,6,0.4465,-0.178,0,0,
CUST-108789,46,Female,France,721,8,98,2017-04-29,82598.07,1,1,1,63247.34,23,0.2734,-0.1553,1,1,2025-06-29
CUST-108790,47,Female,Spain,609,0,11,2025-07-30,19957.28,1,0,0,200218.34,0,0.6918,-0.3916,1,0,
CUST-108791,40,Male,Spain,850,8,100,2018-02-28,85345.03,2,0,0,62840.03,5,0.4581,-0.1251,0,0,
CUST-108792,23,Female,Spain,673,6,73,2020-05-30,210242.38,2,1,0,13599.18,10,0.1512,0.0622,0,0,
CUST-108793,39,Female,France,845,3,45,2022-09-29,0.0,2,1,1,63089.4,24,0.1409,0.0,0,0,
CUST-108794,55,Female,Germany,557,0,8,2024-06-29,198892.11,1,1,1,72288.53,10,0.7891,-0.1339,0,1,2025-02-28
CUST-108795,28,Male,Germany,646,9,117,2016-09-28,62467.92,1,0,1,148430.67,16,0.3222,-0.2761,0,0,
CUST-108796,33,Female,Germany,753,2,24,2024-06-29,105137.25,3,1,0,70096.0,10,0.6066,0.0528,0,0,
CUST-108797,46,Male,France,664,1,16,2025-02-28,0.0,1,1,1,56409.38,32,0.0892,0.0,0,0,
CUST-108798,24,Male,Germany,700,1,14,2021-06-29,144099.91,3,1,0,66253.2,2,0.5404,-0.2916,1,1,2022-08-29
CUST-108799,33,Female,France,556,7,87,2019-03-30,184290.4,1,0,0,364073.81,10,0.1517,0.0822,0,0,
CUST-108800,59,Male,France,611,3,47,2022-07-30,0.0,1,0,0,96061.37,5,0.2608,0.0,0,0,
CUST-108801,57,Male,France,566,7,84,2019-06-30,0.0,1,1,0,60969.24,12,0.1908,0.0,0,0,
CUST-108802,57,Male,France,642,2,33,2023-09-29,0.0,1,1,0,128510.02,5,0.2984,0.0,2,0,
CUST-108803,33,Male,France,632,2,34,2023-08-30,0.0,2,0,0,37335.25,7,0.252,0.0,0,0,
CUST-108804,53,Male,France,599,7,86,2019-04-30,86067.64,1,0,1,46623.88,25,0.0221,0.0777,0,0,
CUST-108805,39,Male,Spain,711,1,18,2024-12-29,0.0,1,1,1,52442.23,36,0.1442,0.0,0,0,
CUST-108806,30,Male,Germany,548,4,53,2022-01-28,94882.72,1,0,1,25820.03,23,0.1728,-0.0491,0,0,
CUST-108807,32,Female,France,444,0,8,2025-10-29,110987.2,1,0,1,127390.78,36,0.1425,-0.1664,1,0,
CUST-108808,42,Male,Spain,595,5,64,2021-02-28,29834.62,2,1,0,45460.87,8,0.1835,-0.2087,0,0,
CUST-108809,23,Female,Spain,850,5,60,2021-06-29,187026.18,1,1,1,77378.21,23,0.1062,-0.1405,0,0,
CUST-108810,36,Female,Spain,699,1,17,2025-01-28,0.0,2,0,1,51616.65,37,0.1546,0.0,0,0,
CUST-108811,38,Female,Spain,569,2,25,2024-05-30,92496.09,1,0,0,87023.34,15,0.0547,0.0419,0,0,
CUST-108812,44,Female,Spain,693,8,107,2017-07-30,401783.27,2,1,1,218852.06,24,0.0,0.101,0,0,
CUST-108813,25,Female,Germany,637,3,47,2022-07-30,76869.77,2,1,0,58409.72,7,0.0975,-0.0959,0,0,
CUST-108814,36,Male,Spain,687,0,6,2025-12-29,214806.16,2,1,0,54276.33,6,0.1347,0.078,2,0,
CUST-108815,48,Female,Spain,735,1,22,2022-09-29,212374.7,1,0,1,34364.64,6,0.8624,-0.4144,4,1,2024-07-29
CUST-108816,65,Female,France,669,8,97,2018-05-30,75382.08,2,1,1,60695.15,22,0.0777,-0.0292,0,0,
CUST-108817,30,Female,Spain,662,3,46,2022-08-29,27895.47,2,1,0,23562.51,10,0.3433,-0.0617,1,0,
CUST-108818,53,Male,Spain,793,1,17,2025-01-28,52859.06,1,1,1,168601.26,12,0.6191,-0.2531,0,0,
CUST-108819,47,Female,Spain,702,7,91,2018-11-29,0.0,1,0,1,48934.25,25,0.1323,0.0,0,0,
CUST-108820,56,Female,Spain,669,6,81,2019-09-29,64351.49,2,1,1,41158.97,28,0.0,-0.0219,0,0,
CUST-108821,24,Male,France,654,7,92,2018-10-29,32362.37,1,1,0,64404.84,8,0.167,-0.1627,1,0,
CUST-108822,45,Female,France,596,0,6,2025-12-29,98544.55,1,1,1,104916.83,18,0.0739,0.1379,0,0,
CUST-108823,53,Female,Germany,530,8,99,2018-03-30,37200.97,2,1,1,61885.02,22,0.1687,-0.0789,0,0,
CUST-108824,37,Male,Germany,714,0,3,2026-03-30,41645.83,1,1,1,138246.18,30,0.0855,-0.0157,1,0,
CUST-108825,34,Male,Spain,773,0,6,2025-12-29,39148.8,1,1,0,54938.41,12,0.1807,0.2445,0,0,
CUST-108826,38,Female,Spain,691,1,23,2024-07-29,192431.43,1,0,0,45112.17,9,0.3634,-0.0412,1,0,
CUST-108827,51,Female,Germany,704,0,9,2024-07-29,240171.1,1,0,0,69258.07,2,0.537,-0.1674,1,1,2025-04-29
CUST-108828,30,Male,Spain,565,6,72,2020-06-29,29563.44,2,1,1,65245.91,26,0.0315,0.0189,0,0,
CUST-108829,30,Female,France,593,9,109,2017-05-30,0.0,2,1,1,123605.05,8,0.6377,0.0,1,0,
CUST-108830,22,Male,Spain,527,0,4,2026-02-28,131845.69,1,0,0,116029.03,11,0.0536,-0.0125,0,0,
CUST-108831,36,Female,France,626,5,64,2021-02-28,50397.75,1,1,0,54316.46,7,0.3493,-0.1096,0,0,
CUST-108832,26,Female,Germany,744,2,35,2023-07-30,46059.72,2,1,1,28422.44,27,0.0491,-0.0069,0,0,
CUST-108833,36,Female,France,583,1,23,2024-07-29,0.0,2,0,1,101686.29,30,0.2778,0.0,1,0,
CUST-108834,29,Male,Germany,643,3,43,2017-01-28,31969.45,1,1,0,34840.14,5,0.5667,-0.218,1,1,2020-08-29
CUST-108835,32,Male,France,717,9,119,2016-07-29,0.0,2,1,0,67487.48,4,0.2932,0.0,0,0,
CUST-108836,33,Female,France,766,4,51,2020-09-28,0.0,2,1,0,96474.4,2,0.8079,0.0,2,1,2024-12-29
CUST-108837,39,Male,Germany,492,1,15,2023-01-29,594878.38,1,0,0,210968.69,2,0.6385,-0.1659,0,1,2024-04-29
CUST-108838,40,Male,Germany,604,3,46,2022-08-29,216590.8,2,1,1,261885.93,32,0.0075,0.0427,0,0,
CUST-108839,35,Male,France,579,2,34,2023-08-30,0.0,2,1,0,91804.1,20,0.2309,0.0,1,0,
CUST-108840,33,Male,Germany,566,0,7,2025-11-28,32783.52,2,1,1,22256.34,16,0.2735,-0.2346,2,0,
CUST-108841,32,Female,France,613,0,9,2025-09-29,0.0,1,1,0,37068.13,13,0.1163,0.0,1,0,
CUST-108842,25,Male,France,463,0,6,2025-12-29,0.0,1,0,0,65314.39,19,0.2335,0.0,0,0,
CUST-108843,51,Male,France,615,5,63,2021-03-30,0.0,1,1,0,58274.11,10,0.0437,0.0,0,0,
CUST-108844,30,Male,Germany,653,5,68,2020-10-29,116104.8,1,0,1,76904.21,26,0.135,-0.123,0,0,
CUST-108845,37,Male,Spain,550,4,53,2022-01-28,107949.56,2,1,1,77674.28,28,0.1659,0.0433,0,0,
CUST-108846,27,Male,Germany,604,10,120,2016-06-29,61793.13,2,1,0,35594.56,17,0.2033,-0.0081,0,0,
CUST-108847,44,Female,Spain,652,1,13,2021-12-29,0.0,1,1,1,102495.1,35,0.1068,0.0,1,1,2023-01-29
CUST-108848,38,Female,Germany,662,1,17,2025-01-28,139919.98,2,0,1,41893.35,29,0.1403,0.1243,1,0,
CUST-108849,41,Female,Spain,493,2,25,2024-05-30,227396.63,1,1,1,79047.92,16,0.377,-0.1967,0,0,
CUST-108850,27,Male,Spain,717,2,28,2024-02-28,0.0,2,0,1,209550.66,22,0.1248,0.0,0,0,
CUST-108851,41,Male,France,720,2,34,2023-08-30,0.0,2,1,0,40066.64,9,0.2815,0.0,1,0,
CUST-108852,24,Male,France,579,8,100,2016-10-29,132869.23,1,1,0,78556.93,7,0.4153,-0.3002,2,1,2025-02-28
CUST-108853,31,Female,France,811,0,6,2025-12-29,55344.87,2,1,1,56893.85,31,0.1975,0.106,0,0,
CUST-108854,76,Female,Germany,694,0,4,2016-10-29,155394.96,1,0,0,39798.55,3,0.6441,-0.4248,1,1,2017-02-28
CUST-108855,28,Female,Germany,680,4,57,2021-09-29,63711.47,1,1,1,77267.38,24,0.1197,0.0526,1,0,
CUST-108856,37,Male,France,716,5,64,2021-02-28,0.0,1,1,0,45790.41,7,0.5624,0.0,0,0,
CUST-108857,52,Female,Spain,551,8,96,2018-06-30,37977.88,2,1,1,114272.2,30,0.0361,-0.1328,0,0,
CUST-108858,43,Female,Spain,616,5,68,2020-10-29,0.0,2,1,0,104681.61,3,0.6137,0.0,0,1,2026-06-30
CUST-108859,56,Male,France,709,1,19,2020-01-29,345905.31,2,1,0,192834.98,8,0.225,-0.2835,1,1,2021-08-29
CUST-108860,38,Female,France,573,6,75,2020-03-30,0.0,1,1,0,113302.0,8,0.3129,0.0,0,0,
CUST-108861,45,Female,France,616,2,27,2024-03-30,17287.29,2,1,0,105603.53,8,0.6249,-0.3238,2,1,2026-06-30
CUST-108862,49,Male,France,708,1,15,2025-03-30,152480.21,2,1,0,22734.16,8,0.4628,-0.0839,1,0,
CUST-108863,49,Female,Spain,680,4,59,2021-07-30,247247.28,2,0,0,122040.1,6,0.2422,0.0793,0,0,
CUST-108864,27,Female,Germany,652,3,41,2023-01-29,695654.57,2,1,1,112709.49,23,0.1768,-0.3103,1,0,
CUST-108865,30,Female,France,656,0,4,2026-02-28,79803.12,1,1,0,47047.79,12,0.1863,0.0953,0,0,
CUST-108866,47,Male,France,633,0,1,2026-05-30,79500.43,2,1,0,202064.87,9,0.2468,0.0264,0,0,
CUST-108867,56,Male,France,732,3,42,2019-11-29,142955.21,1,0,0,123181.8,4,0.526,-0.3266,1,1,2023-05-30
CUST-108868,29,Female,France,850,2,35,2023-07-30,43897.54,1,0,0,81706.99,10,0.1775,0.0302,0,0,
CUST-108869,30,Male,France,678,6,76,2020-02-28,49644.87,1,0,1,111064.18,35,0.114,-0.0219,0,0,
CUST-108870,43,Male,Germany,773,4,56,2021-10-29,182060.87,2,1,1,94530.01,31,0.2091,0.0584,0,0,
CUST-108871,33,Male,Germany,608,0,1,2026-05-30,29518.19,2,0,1,80577.83,22,0.211,-0.1355,0,0,
CUST-108872,48,Male,Spain,585,0,5,2026-01-28,39311.82,1,1,0,64601.42,13,0.281,-0.0244,0,0,
CUST-108873,44,Female,France,574,5,63,2021-03-30,0.0,1,1,0,146232.38,11,0.2277,0.0,0,0,
CUST-108874,50,Male,Spain,562,1,14,2023-03-30,49189.21,1,1,0,31974.58,4,0.6021,-0.2222,2,1,2024-05-30
CUST-108875,34,Male,France,622,5,68,2020-10-29,66664.51,1,1,0,80919.84,15,0.2438,-0.1586,0,0,
CUST-108876,32,Male,France,735,2,32,2023-10-30,71294.2,2,1,1,167406.56,15,0.2395,-0.1096,0,0,
CUST-108877,30,Male,Spain,746,7,84,2018-09-29,73517.69,2,1,0,77228.85,4,0.676,-0.3378,0,1,2025-09-29
CUST-108878,56,Male,Germany,601,0,2,2017-07-30,161783.12,1,1,0,112984.73,5,0.7233,-0.452,3,1,2017-09-29
CUST-108879,27,Male,France,619,8,103,2017-11-28,76747.79,1,1,1,72211.04,27,0.1302,-0.143,0,0,
CUST-108880,26,Male,France,650,0,11,2025-07-30,0.0,2,0,1,40828.01,16,0.0568,0.0,0,0,
CUST-108881,38,Male,Germany,672,1,19,2024-11-28,34091.57,1,1,1,120874.64,32,0.0,-0.1492,0,0,
CUST-108882,32,Female,Spain,706,3,37,2023-05-30,65268.43,2,0,1,165713.14,22,0.0,-0.089,0,0,
CUST-108883,49,Male,Germany,612,1,12,2025-06-29,409655.74,2,0,1,52614.25,13,0.4365,-0.1701,0,0,
CUST-108884,26,Female,France,631,8,105,2017-09-29,0.0,2,1,0,98508.32,7,0.3207,0.0,0,0,
CUST-108885,35,Male,France,780,1,23,2024-07-29,344641.63,2,0,1,84920.89,16,0.0,-0.2315,0,0,
CUST-108886,24,Female,France,623,5,63,2021-03-30,16678.82,2,1,1,58427.79,27,0.2176,-0.0277,0,0,
CUST-108887,34,Female,France,595,1,15,2025-03-30,41293.67,2,0,0,138346.46,4,0.3172,-0.0604,1,0,
CUST-108888,38,Male,Germany,642,2,32,2023-10-30,20450.58,2,1,1,62864.8,35,0.1096,0.1007,0,0,
CUST-108889,36,Female,Spain,658,2,33,2023-09-29,79159.04,2,1,0,40237.42,17,0.2752,0.1163,1,0,
CUST-108890,36,Female,France,502,5,64,2019-06-30,127328.6,1,0,0,58543.28,11,0.3439,-0.0307,0,1,2024-10-29
CUST-108891,44,Male,Spain,607,1,18,2024-12-29,184858.49,1,0,0,65708.56,14,0.3364,-0.0067,0,0,
CUST-108892,29,Female,Germany,690,3,42,2021-10-29,158969.83,1,1,0,49295.0,9,0.0,-0.006,0,1,2025-04-29
CUST-108893,41,Female,Spain,842,6,81,2019-09-29,189018.94,2,1,0,52802.31,17,0.2845,0.133,0,0,
CUST-108894,35,Male,France,599,0,3,2026-03-30,73207.45,2,1,0,37524.35,12,0.1925,-0.1241,0,0,
CUST-108895,34,Female,France,723,3,46,2022-08-29,56203.42,1,1,0,60351.15,15,0.3151,-0.0354,0,0,
CUST-108896,42,Male,France,667,5,66,2020-12-29,0.0,1,1,1,79148.35,27,0.0428,0.0,0,0,
CUST-108897,39,Female,France,761,1,18,2023-02-28,306108.11,1,0,1,43129.31,20,0.4257,-0.2499,1,1,2024-08-29
CUST-108898,42,Female,France,591,0,8,2025-10-29,164326.16,1,1,0,39017.1,8,0.3221,0.0269,1,0,
CUST-108899,64,Female,France,756,7,92,2018-10-29,64498.83,2,0,1,40559.2,28,0.111,-0.1485,1,0,
CUST-108900,35,Female,France,785,1,14,2025-04-29,91706.18,1,0,1,65899.39,14,0.3087,-0.1967,0,0,
CUST-108901,27,Female,France,789,6,80,2019-10-30,199624.36,1,0,1,53526.77,15,0.1274,-0.173,0,0,
CUST-108902,29,Male,Spain,787,7,87,2019-03-30,0.0,2,1,1,28518.48,32,0.0967,0.0,0,0,
CUST-108903,55,Male,Spain,668,1,18,2024-12-29,108921.36,3,0,1,35174.24,5,0.7111,-0.433,2,0,
CUST-108904,33,Female,France,706,7,86,2019-04-30,75525.95,2,1,0,67399.14,8,0.2941,-0.2276,0,0,
CUST-108905,44,Male,Spain,610,1,22,2024-08-29,0.0,1,1,0,57341.55,8,0.367,0.0,0,0,
CUST-108906,36,Female,France,437,3,47,2022-07-30,0.0,1,1,1,67334.78,34,0.0087,0.0,0,0,
CUST-108907,28,Male,France,675,0,10,2025-08-29,0.0,2,1,0,168363.09,11,0.1726,0.0,1,0,
CUST-108908,39,Male,Spain,635,2,28,2024-02-28,39975.75,2,1,1,81683.49,32,0.2,-0.0193,0,0,
CUST-108909,31,Male,France,742,6,80,2019-10-30,36525.07,2,0,1,25351.91,23,0.0107,-0.0436,0,0,
CUST-108910,32,Male,France,733,0,4,2026-02-28,33043.28,2,1,1,49843.9,24,0.2517,-0.0972,2,0,
CUST-108911,36,Male,France,548,6,76,2020-02-28,0.0,2,0,1,85658.38,38,0.1428,0.0,0,0,
CUST-108912,25,Male,Germany,850,7,89,2019-01-29,147611.65,2,1,0,48728.98,11,0.3583,-0.0589,0,0,
CUST-108913,44,Female,Germany,687,5,69,2020-09-28,255899.06,2,1,1,40927.32,20,0.1204,0.0058,0,0,
CUST-108914,33,Female,France,527,7,84,2019-06-30,146033.49,2,0,1,116422.98,31,0.1639,0.0629,0,0,
CUST-108915,46,Female,France,540,3,40,2023-02-28,97753.9,2,0,0,56128.41,13,0.2351,-0.1003,0,0,
CUST-108916,45,Male,France,441,7,92,2018-10-29,70632.67,2,1,0,43758.19,13,0.2463,-0.1489,0,0,
CUST-108917,35,Male,Germany,723,5,63,2021-03-30,200209.22,2,0,0,44042.4,12,0.2151,0.0466,0,0,
CUST-108918,38,Female,France,599,1,13,2025-05-30,145130.48,1,1,0,178309.91,12,0.0,0.0534,1,0,
CUST-108919,41,Male,Spain,569,1,13,2020-10-29,46403.82,4,1,0,37697.64,4,0.7225,-0.6904,0,1,2021-11-28
CUST-108920,33,Male,Germany,588,0,7,2025-11-28,56079.01,1,1,0,63184.26,20,0.2728,-0.0131,0,0,
CUST-108921,24,Female,France,621,7,89,2019-01-29,100378.59,1,1,0,65289.15,10,0.2011,-0.0905,0,0,
CUST-108922,39,Male,Germany,705,2,25,2024-05-30,89101.36,1,0,1,103145.82,24,0.232,-0.0329,0,0,
CUST-108923,49,Female,France,492,4,58,2021-08-29,166000.09,1,1,1,45210.33,20,0.0309,-0.0035,0,0,
CUST-108924,31,Male,France,547,8,96,2018-06-30,151326.87,1,1,1,44462.64,15,0.0162,-0.0556,0,0,
CUST-108925,46,Male,France,695,1,14,2023-04-30,47773.3,3,1,0,110184.85,2,0.676,-0.3856,2,1,2024-06-29
CUST-108926,27,Male,France,593,1,19,2024-11-28,0.0,1,1,1,276437.2,34,0.1163,0.0,0,0,
CUST-108927,34,Female,Germany,706,0,3,2026-03-30,23556.05,2,0,1,51737.32,19,0.3786,0.1609,0,0,
CUST-108928,36,Female,Spain,602,6,73,2020-05-30,87965.69,1,1,1,49862.37,20,0.1984,0.1887,0,0,
CUST-108929,37,Female,France,801,9,112,2017-02-28,373891.13,1,0,1,277310.62,27,0.1537,-0.0646,0,0,
CUST-108930,29,Male,France,670,6,78,2019-12-29,74491.97,1,1,0,58003.09,9,0.1438,-0.0249,0,0,
CUST-108931,27,Female,Germany,768,1,19,2024-11-28,86566.12,2,1,1,59271.67,24,0.0,0.1172,1,0,
CUST-108932,35,Female,France,700,0,10,2018-08-29,0.0,3,1,1,79497.55,15,0.41,0.0,0,1,2019-06-30
CUST-108933,42,Female,France,706,9,112,2017-02-28,89217.31,1,1,1,90055.06,19,0.1814,-0.2405,0,0,
CUST-108934,30,Female,Spain,578,0,1,2026-05-30,0.0,1,1,1,82465.67,17,0.0065,0.0,0,0,
CUST-108935,35,Female,Spain,762,7,89,2019-01-29,0.0,2,0,0,122207.42,14,0.3454,0.0,1,0,
CUST-108936,64,Female,Spain,671,6,76,2020-02-28,0.0,2,1,1,33406.25,32,0.1363,0.0,0,0,
CUST-108937,39,Male,France,558,8,103,2017-11-28,0.0,1,1,0,63507.54,8,0.2908,0.0,0,0,
CUST-108938,35,Female,France,447,9,111,2017-03-30,230384.35,1,1,1,130912.8,20,0.4059,0.0032,0,0,
CUST-108939,36,Male,France,663,5,61,2021-05-30,0.0,2,1,0,20350.16,10,0.3769,0.0,0,0,
CUST-108940,59,Female,Spain,795,4,55,2021-11-28,256858.24,1,1,1,34902.69,29,0.1377,-0.1319,1,0,
CUST-108941,43,Male,France,563,2,33,2023-09-29,0.0,2,1,0,106241.15,9,0.2915,0.0,0,0,
CUST-108942,31,Male,France,560,7,90,2018-12-29,125563.69,2,0,1,75353.52,12,0.4357,-0.2028,1,0,
CUST-108943,44,Male,France,620,2,33,2023-09-29,54323.76,1,1,0,50443.33,11,0.0701,0.0606,1,0,
CUST-108944,29,Female,Spain,756,3,47,2022-07-30,92858.01,2,1,0,85586.75,8,0.2956,0.0823,0,0,
CUST-108945,38,Male,Spain,474,9,117,2016-09-28,308906.39,2,1,0,91671.55,19,0.291,-0.0506,0,0,
CUST-108946,51,Female,Germany,588,0,6,2025-02-28,35643.89,1,0,1,44155.32,12,0.7993,-0.372,2,1,2025-08-29
CUST-108947,38,Female,France,553,0,1,2026-05-30,0.0,1,1,1,69028.59,21,0.116,0.0,0,0,
CUST-108948,28,Male,Germany,704,3,42,2022-12-29,121517.42,2,1,1,37709.77,20,0.1095,-0.0457,0,0,
CUST-108949,37,Male,France,636,8,101,2018-01-28,0.0,2,1,1,135765.93,29,0.0508,0.0,0,0,
CUST-108950,51,Female,France,617,1,12,2019-06-30,22853.64,1,1,0,30519.78,6,0.4993,-0.17,0,1,2020-06-29
CUST-108951,30,Female,France,633,7,85,2019-05-30,34929.19,2,1,0,67060.34,14,0.0717,0.1832,0,0,
CUST-108952,44,Male,Germany,725,1,12,2025-06-29,29411.19,1,1,0,111364.99,7,0.2022,-0.0416,1,0,
CUST-108953,52,Female,France,758,7,89,2019-01-29,61647.7,1,1,1,216457.39,27,0.1701,-0.0195,0,0,
CUST-108954,41,Male,Spain,748,4,52,2022-02-28,0.0,1,1,1,64769.18,19,0.1542,0.0,0,0,
CUST-108955,37,Female,France,705,0,3,2026-03-30,0.0,2,1,1,326812.78,13,0.2297,0.0,0,0,
CUST-108956,31,Female,France,783,0,8,2025-10-29,0.0,1,1,1,38537.85,22,0.1483,0.0,0,0,
CUST-108957,32,Male,Germany,561,8,96,2018-06-30,147756.46,2,1,1,99495.01,33,0.0,0.0505,0,0,
CUST-108958,34,Male,Germany,687,8,105,2017-09-29,101328.7,2,1,0,49026.68,10,0.0,0.0498,1,0,
CUST-108959,44,Female,France,850,4,52,2022-02-28,0.0,1,0,1,177389.77,33,0.2007,0.0,0,0,
CUST-108960,69,Male,Germany,474,3,47,2017-06-29,90692.01,1,1,1,68573.84,40,0.1418,0.0101,0,1,2021-05-30
CUST-108961,30,Male,France,599,2,31,2023-11-29,0.0,2,1,0,40833.38,7,0.6875,0.0,0,0,
CUST-108962,42,Male,France,551,1,13,2022-02-28,31810.42,1,0,0,142389.31,12,0.212,-0.1013,0,1,2023-03-30
CUST-108963,48,Female,Germany,678,0,8,2025-10-29,90155.47,1,1,1,56573.05,27,0.0774,0.0272,1,0,
CUST-108964,37,Male,Germany,788,3,45,2022-09-29,46418.66,2,0,0,35237.65,10,0.1736,-0.0064,0,0,
CUST-108965,37,Male,France,702,0,10,2025-08-29,58184.37,2,1,0,60339.2,8,0.163,0.0757,0,0,
CUST-108966,26,Female,France,629,8,96,2018-04-30,127147.22,1,1,1,125420.47,10,0.3124,-0.4837,0,1,2026-04-30
CUST-108967,39,Female,Germany,702,8,102,2017-12-29,24596.65,2,1,0,66328.56,8,0.6549,-0.3623,2,0,
CUST-108968,36,Female,France,622,8,106,2017-08-29,0.0,2,1,0,58012.9,12,0.2335,0.0,0,0,
CUST-108969,34,Male,Spain,669,8,106,2017-08-29,87244.39,1,1,0,71874.42,10,0.2895,-0.1951,0,0,
CUST-108970,40,Male,Germany,709,6,76,2020-02-28,34075.97,1,1,0,19174.41,11,0.3731,-0.1218,0,0,
CUST-108971,29,Male,Spain,818,5,65,2021-01-28,52561.71,2,1,0,347086.92,5,0.1546,0.0,0,0,
CUST-108972,30,Male,France,693,8,107,2017-07-30,0.0,1,1,0,69809.46,13,0.2542,0.0,1,0,
CUST-108973,39,Male,Spain,671,6,82,2019-08-30,70280.36,1,1,1,122315.71,12,0.4573,-0.3846,2,1,2026-06-30
CUST-108974,55,Male,France,845,5,62,2021-04-29,0.0,1,1,0,163808.93,6,0.2913,0.0,1,0,
CUST-108975,35,Female,France,462,0,1,2026-05-30,164668.04,2,1,0,39805.55,10,0.2303,0.046,0,0,
CUST-108976,37,Male,France,641,1,18,2024-12-29,0.0,1,1,1,35556.35,28,0.2933,0.0,0,0,
CUST-108977,37,Male,France,579,6,81,2019-09-29,27397.17,1,0,0,172716.43,10,0.2174,-0.2608,0,0,
CUST-108978,29,Female,Spain,627,10,120,2016-06-29,29194.63,2,1,1,45810.34,26,0.0934,-0.0864,1,0,
CUST-108979,34,Male,Germany,708,1,19,2022-07-30,50971.65,3,1,0,57935.23,5,0.8114,-0.2156,1,1,2024-02-28
CUST-108980,38,Female,Germany,744,6,77,2017-06-29,24949.08,1,1,0,47267.5,7,0.6877,-0.3812,0,1,2023-11-29
CUST-108981,38,Male,Germany,600,2,26,2024-04-29,383303.1,2,0,1,13796.78,15,0.1031,-0.1109,1,0,
CUST-108982,41,Female,Germany,714,3,40,2018-04-30,10988.93,1,1,1,63365.68,8,0.7311,-0.3112,2,1,2021-08-29
CUST-108983,28,Male,Germany,564,8,103,2017-11-28,122328.35,1,1,0,68902.48,6,0.6804,-0.0628,1,0,
CUST-108984,31,Male,Spain,527,9,108,2017-06-29,63300.3,1,1,0,129293.06,2,0.4391,-0.1237,1,0,
CUST-108985,25,Female,Germany,657,4,53,2022-01-28,92110.6,2,0,1,55911.28,20,0.0,-0.068,0,0,
CUST-108986,53,Male,Germany,629,0,1,2026-05-30,55526.8,1,1,1,51166.63,15,0.7617,-0.307,2,0,
CUST-108987,33,Male,France,793,7,87,2019-03-30,0.0,2,1,1,96398.91,28,0.1906,0.0,1,0,
CUST-108988,39,Male,Spain,850,8,99,2016-06-29,0.0,1,1,0,117334.06,11,0.4071,0.0,0,1,2024-09-28
CUST-108989,36,Male,France,592,7,92,2018-10-29,0.0,2,1,1,37686.1,24,0.1936,0.0,0,0,
CUST-108990,22,Male,France,476,4,53,2022-01-28,30597.59,2,1,1,24027.8,17,0.4794,-0.0269,0,0,
CUST-108991,27,Female,Spain,519,0,5,2026-01-28,0.0,2,1,1,244306.8,27,0.1184,0.0,0,0,
CUST-108992,36,Male,France,570,0,4,2026-02-28,0.0,2,1,1,169104.56,23,0.0173,0.0,0,0,
CUST-108993,42,Female,France,670,1,19,2024-02-28,0.0,3,0,0,49432.71,9,0.4183,0.0,0,1,2025-09-29
CUST-108994,41,Female,France,625,6,78,2019-12-29,0.0,2,0,1,59570.04,25,0.0951,0.0,0,0,
CUST-108995,27,Male,France,529,3,42,2022-12-29,243677.82,1,1,0,69769.68,8,0.2852,0.1078,0,0,
CUST-108996,29,Female,Spain,821,1,13,2025-05-30,0.0,2,0,0,44404.69,9,0.5409,0.0,0,0,
CUST-108997,40,Male,Spain,714,8,98,2018-04-30,61058.5,2,1,0,51517.61,11,0.3465,0.0869,1,0,
CUST-108998,41,Male,France,819,2,31,2023-07-30,0.0,1,1,0,66581.38,1,0.4805,0.0,2,1,2026-02-28
CUST-108999,26,Female,Spain,477,2,30,2023-12-29,253147.39,1,1,0,32554.05,20,0.4531,0.0571,0,0,
CUST-109000,40,Female,Germany,772,3,40,2023-02-28,48715.96,1,1,0,257880.87,5,0.6298,-0.0578,0,0,
CUST-109001,36,Male,Spain,636,0,9,2025-09-29,0.0,2,1,0,28098.64,5,0.2586,0.0,0,0,
CUST-109002,34,Female,France,612,8,107,2017-07-30,0.0,1,1,0,22372.67,14,0.5315,0.0,0,0,
CUST-109003,56,Female,France,652,4,55,2019-04-30,137573.24,1,1,0,117041.38,2,0.7505,-0.1231,1,1,2023-11-29
CUST-109004,35,Male,France,583,6,82,2019-08-30,178158.7,1,1,0,57168.24,10,0.1584,-0.1674,0,0,
CUST-109005,32,Female,France,636,9,115,2016-11-28,146316.5,2,1,0,89888.57,7,0.1644,0.0122,2,0,
CUST-109006,45,Female,Germany,741,6,75,2016-10-29,40520.76,1,1,1,71147.65,10,0.6127,-0.3402,1,1,2023-01-29
CUST-109007,44,Female,France,462,2,34,2023-08-30,0.0,2,1,0,57686.74,5,0.2213,0.0,0,0,
CUST-109008,52,Female,Germany,794,0,3,2026-03-30,45345.11,2,0,0,67442.69,14,0.2043,0.0458,0,0,
CUST-109009,44,Male,Germany,688,2,34,2023-08-30,108774.74,1,1,0,88896.2,5,0.1689,-0.1826,0,0,
CUST-109010,43,Female,France,639,8,101,2018-01-28,0.0,2,1,1,133109.74,23,0.0929,0.0,0,0,
CUST-109011,37,Male,France,740,5,67,2020-11-28,0.0,1,1,0,46965.58,9,0.1687,0.0,0,0,
CUST-109012,67,Female,Germany,685,1,21,2024-09-28,106901.48,2,1,0,92230.14,6,0.3923,-0.1907,0,0,
CUST-109013,29,Female,Spain,604,4,48,2022-06-30,93454.09,2,0,1,55134.63,40,0.2082,-0.0106,0,0,
CUST-109014,42,Female,France,576,3,39,2023-03-30,154316.32,1,1,1,58210.89,20,0.0587,0.1128,0,0,
CUST-109015,28,Male,Spain,794,8,102,2017-06-29,85407.37,1,1,0,43909.51,10,0.3961,-0.11,0,1,2025-12-29
CUST-109016,37,Male,Spain,508,8,103,2017-11-28,105993.93,1,1,1,60618.77,25,0.3134,0.0584,0,0,
CUST-109017,36,Female,Germany,631,0,6,2025-11-28,373681.02,2,0,0,36238.63,4,0.4989,-0.2515,0,1,2026-05-30
CUST-109018,37,Male,France,515,0,7,2025-11-28,0.0,1,1,0,38068.56,8,0.0,0.0,1,0,
CUST-109019,25,Male,Germany,697,6,79,2019-11-29,23623.45,2,0,1,43116.08,21,0.0267,-0.1007,0,0,
CUST-109020,33,Male,Spain,641,9,119,2016-07-29,0.0,1,1,1,20526.38,18,0.1934,0.0,0,0,
CUST-109021,71,Female,France,530,3,43,2017-12-29,0.0,2,1,0,42227.09,9,0.3958,0.0,0,1,2021-07-30
CUST-109022,38,Male,Spain,567,1,23,2019-12-29,28632.35,1,1,0,53970.78,6,0.6252,-0.5125,0,1,2021-11-28
CUST-109023,48,Female,Spain,654,0,8,2019-01-29,33030.85,2,0,0,86606.71,12,0.1486,-0.1061,1,1,2019-09-29
CUST-109024,40,Male,France,677,4,58,2021-08-29,0.0,1,1,0,33010.4,13,0.2823,0.0,0,0,
CUST-109025,64,Female,Germany,464,2,34,2023-08-30,41949.19,1,1,1,69471.83,16,0.3574,-0.3668,0,0,
CUST-109026,40,Male,Germany,582,4,49,2016-08-29,66366.45,1,0,0,87117.99,4,0.5954,-0.31,1,1,2020-09-28
CUST-109027,38,Male,Spain,665,5,71,2020-07-29,0.0,2,0,1,61025.88,33,0.1533,0.0,1,0,
CUST-109028,27,Male,Spain,766,6,74,2020-04-29,81344.29,3,0,0,78402.72,7,0.5165,-0.3246,0,0,
CUST-109029,27,Male,France,731,7,92,2018-10-29,243229.14,1,0,0,79455.1,11,0.2,0.2733,0,0,
CUST-109030,32,Female,France,606,2,29,2024-01-29,470129.04,2,1,1,57753.0,20,0.0698,-0.0693,0,0,
CUST-109031,35,Female,France,746,0,7,2025-11-28,32239.99,1,1,0,48833.67,7,0.0991,0.0512,0,0,
CUST-109032,28,Female,Spain,620,0,11,2019-11-29,96041.21,3,1,0,77279.04,5,0.5643,-0.3613,0,1,2020-10-29
CUST-109033,38,Female,France,350,4,59,2021-07-30,211398.51,1,1,0,38730.43,3,0.3855,0.1399,0,0,
CUST-109034,37,Female,Spain,788,0,10,2025-08-29,236440.27,2,0,1,20409.13,29,0.0,0.004,1,0,
CUST-109035,58,Female,France,694,8,104,2017-10-29,27588.02,2,1,0,47064.67,6,0.2835,-0.1418,0,0,
CUST-109036,61,Female,France,668,6,74,2017-05-30,88113.9,1,1,1,51338.76,18,0.5143,-0.2241,1,1,2023-07-30
CUST-109037,45,Male,Spain,651,2,26,2024-04-29,183377.56,3,0,1,76091.33,24,0.2018,0.1062,0,0,
CUST-109038,45,Male,Germany,679,6,78,2019-12-29,45020.17,2,1,1,74232.43,26,0.0,0.2286,0,0,
CUST-109039,50,Female,France,651,10,120,2016-06-29,0.0,1,1,0,49136.53,8,0.2351,0.0,1,0,
CUST-109040,40,Female,France,622,6,78,2019-12-29,185670.94,1,1,1,73359.71,26,0.1648,-0.0391,0,0,
CUST-109041,51,Female,France,587,4,50,2021-04-29,0.0,1,0,0,115011.03,4,0.5318,0.0,0,1,2025-06-29
CUST-109042,27,Male,France,657,4,55,2021-11-28,0.0,1,1,0,63285.51,10,0.0976,0.0,0,0,
CUST-109043,47,Female,France,565,1,20,2024-10-29,0.0,2,1,0,41981.79,4,0.1079,0.0,0,0,
CUST-109044,28,Male,Germany,540,8,98,2018-04-30,105119.38,1,1,1,55989.06,23,0.0374,0.0265,0,0,
CUST-109045,29,Male,France,676,6,80,2019-10-30,0.0,1,1,0,103572.69,5,0.5828,0.0,1,0,
CUST-109046,50,Female,France,744,1,16,2018-09-29,149240.33,1,1,0,31660.09,4,0.7444,-0.1806,0,1,2020-01-29
CUST-109047,31,Female,France,574,9,111,2017-03-30,124684.79,2,1,0,100495.65,16,0.2084,0.0565,0,0,
CUST-109048,29,Male,France,590,5,70,2020-08-29,0.0,1,1,0,51511.68,9,0.1984,0.0,0,0,
CUST-109049,41,Male,Spain,487,9,110,2017-04-29,95234.46,2,1,1,126930.95,25,0.0309,-0.0346,0,0,
CUST-109050,30,Female,France,524,5,60,2021-06-29,165346.04,2,1,1,80970.77,29,0.112,-0.104,1,0,
CUST-109051,29,Male,France,527,4,50,2022-04-30,109145.03,1,1,1,96783.27,13,0.0,-0.0725,1,0,
CUST-109052,26,Male,Germany,744,4,52,2022-02-28,43505.07,2,1,1,114784.25,21,0.1145,-0.0311,0,0,
CUST-109053,33,Female,Spain,483,4,56,2021-10-29,169587.78,1,1,1,126477.76,17,0.1385,-0.1697,0,0,
CUST-109054,45,Female,Spain,694,8,104,2017-10-29,0.0,2,0,0,110463.89,12,0.4488,0.0,0,0,
CUST-109055,47,Male,Spain,625,3,36,2017-01-28,0.0,1,1,1,41420.53,9,0.6266,0.0,2,1,2020-01-29
CUST-109056,34,Male,Spain,708,9,112,2017-02-28,0.0,1,1,0,104659.69,13,0.3941,0.0,0,0,
CUST-109057,58,Female,Germany,762,1,21,2022-08-29,260707.06,3,0,1,33110.51,31,0.0768,-0.1257,0,1,2024-05-30
CUST-109058,42,Male,Spain,647,6,82,2019-08-30,0.0,1,1,1,36166.85,14,0.2853,0.0,0,0,
CUST-109059,50,Male,France,759,8,99,2018-03-30,0.0,1,0,1,66214.15,25,0.0832,0.0,0,0,
CUST-109060,32,Male,Spain,799,9,118,2016-08-29,0.0,1,1,1,137802.99,23,0.0203,0.0,0,0,
CUST-109061,34,Male,Spain,779,6,73,2020-05-30,0.0,2,1,0,65396.06,9,0.1249,0.0,1,0,
CUST-109062,35,Female,Spain,585,9,116,2016-10-29,0.0,2,1,1,44824.82,19,0.4569,0.0,2,0,
CUST-109063,34,Male,France,461,5,63,2021-03-30,0.0,1,1,1,97722.76,24,0.2167,0.0,1,0,
CUST-109064,23,Female,Spain,638,6,72,2020-06-29,41228.54,2,1,1,53839.03,25,0.2466,0.1382,0,0,
CUST-109065,37,Male,France,667,6,78,2019-12-29,56383.24,2,1,0,89432.43,7,0.234,-0.0827,2,0,
CUST-109066,40,Female,Germany,462,4,59,2021-07-30,117270.29,2,1,0,74806.86,10,0.4161,0.0229,0,0,
CUST-109067,40,Female,France,656,6,74,2020-04-29,31323.36,2,1,1,41093.15,26,0.1335,0.1558,0,0,
CUST-109068,60,Female,Germany,403,0,1,2021-03-30,372832.84,1,1,1,130170.39,4,0.5332,-0.3829,2,1,2021-04-29
CUST-109069,62,Female,Germany,798,1,16,2019-11-29,114375.94,1,1,0,28174.66,7,0.336,-0.2009,0,1,2021-03-30
CUST-109070,25,Male,France,696,4,51,2022-03-30,0.0,2,1,1,42592.88,26,0.2109,0.0,0,0,
CUST-109071,54,Male,France,571,2,25,2024-05-30,0.0,2,0,1,99289.24,26,0.1253,0.0,0,0,
CUST-109072,59,Female,France,662,8,101,2018-01-28,0.0,2,0,1,338275.22,28,0.1775,0.0,1,0,
CUST-109073,23,Female,Germany,674,0,5,2026-01-28,55229.02,2,1,0,26411.18,8,0.1165,0.0062,0,0,
CUST-109074,44,Female,Germany,696,7,86,2019-04-30,20748.1,2,1,1,65166.54,16,0.2118,0.0788,0,0,
CUST-109075,37,Male,Germany,657,7,89,2019-01-29,142939.85,1,1,0,19112.94,10,0.319,0.1397,0,0,
CUST-109076,58,Male,France,741,6,72,2020-06-29,0.0,2,1,0,64451.71,12,0.2123,0.0,0,0,
CUST-109077,57,Male,Spain,528,7,85,2019-05-30,0.0,1,1,1,48789.2,30,0.0,0.0,0,0,
CUST-109078,82,Female,Germany,638,0,6,2018-04-30,111853.28,1,1,1,71354.82,25,0.2906,-0.0743,0,1,2018-10-29
CUST-109079,45,Male,France,822,2,28,2024-02-28,0.0,1,1,0,152032.59,8,0.4405,0.0,0,0,
CUST-109080,42,Male,France,616,6,73,2020-05-30,0.0,2,1,0,112485.11,8,0.0216,0.0,0,0,
CUST-109081,30,Female,France,673,3,38,2023-04-30,0.0,2,1,0,57624.69,6,0.2901,0.0,1,0,
CUST-109082,32,Male,France,554,1,17,2017-04-29,0.0,4,1,0,103283.85,6,0.0,0.0,0,1,2018-09-29
CUST-109083,43,Female,France,850,8,96,2018-06-30,83172.56,1,1,1,73134.74,24,0.1754,0.0032,0,0,
CUST-109084,32,Male,France,677,0,2,2026-04-30,42235.81,1,1,0,39677.06,5,0.0709,0.0037,0,0,
CUST-109085,37,Female,France,529,8,102,2017-12-29,0.0,1,1,0,68192.19,12,0.2342,0.0,0,0,
CUST-109086,25,Male,France,755,5,65,2021-01-28,0.0,2,0,0,91258.56,7,0.2264,0.0,0,0,
CUST-109087,38,Female,France,547,1,15,2025-03-30,43676.99,1,1,1,543157.57,35,0.0,0.0295,0,0,
CUST-109088,24,Male,Spain,716,7,92,2018-10-29,0.0,1,0,0,145662.96,9,0.1059,0.0,1,0,
CUST-109089,50,Male,Germany,749,4,54,2021-12-29,45094.69,1,0,1,104960.11,39,0.1483,0.159,0,0,
CUST-109090,39,Male,France,845,8,100,2018-02-28,0.0,2,0,1,26486.43,29,0.2005,0.0,0,0,
CUST-109091,31,Female,Germany,671,2,33,2023-09-29,117165.41,1,1,1,78758.05,22,0.26,0.1229,0,0,
CUST-109092,35,Female,Germany,655,4,57,2021-09-29,96540.59,1,0,0,156066.07,15,0.3112,-0.0024,0,0,
CUST-109093,32,Male,France,455,5,70,2020-08-29,45041.89,2,1,0,96257.82,10,0.2902,-0.0398,0,0,
CUST-109094,30,Female,France,606,2,33,2023-09-29,0.0,2,1,1,134287.64,31,0.1533,0.0,0,0,
CUST-109095,33,Male,France,581,2,32,2017-10-29,0.0,2,1,0,94576.42,3,0.9865,0.0,2,1,2020-06-29
CUST-109096,33,Male,Germany,633,2,27,2024-03-30,22525.09,1,1,1,125824.84,22,0.0,0.0834,0,0,
CUST-109097,35,Male,France,600,1,14,2025-04-29,182575.93,1,1,0,27827.82,12,0.2315,-0.0514,0,0,
CUST-109098,23,Male,France,725,3,45,2022-09-29,93423.63,1,0,1,177225.25,31,0.0864,-0.0227,0,0,
CUST-109099,51,Male,Germany,596,1,14,2022-03-30,77416.37,4,1,1,112014.7,25,0.0,-0.2691,0,1,2023-05-30
CUST-109100,51,Male,Spain,696,9,110,2017-04-29,0.0,1,0,1,137308.97,12,0.6203,0.0,1,0,
CUST-109101,37,Male,France,639,8,100,2018-02-28,22913.21,1,1,1,77327.36,22,0.0484,0.0776,0,0,
CUST-109102,63,Male,Germany,590,2,28,2020-12-29,45966.96,1,1,1,96521.7,27,0.2069,0.1083,0,1,2023-04-30
CUST-109103,34,Female,France,581,8,98,2018-04-30,0.0,1,1,1,107595.45,13,0.4883,0.0,1,0,
CUST-109104,38,Female,Germany,672,5,61,2019-02-28,39592.92,1,1,1,65335.2,8,0.5941,-0.5215,2,1,2024-03-30
CUST-109105,42,Male,Germany,782,0,3,2026-03-30,153950.92,2,0,1,46444.95,28,0.1456,0.0238,0,0,
CUST-109106,38,Male,Germany,580,4,52,2022-02-28,31661.2,2,1,1,39010.09,16,0.1851,0.0966,0,0,
CUST-109107,32,Female,France,655,7,91,2018-11-29,0.0,1,1,1,67004.9,25,0.0992,0.0,0,0,
CUST-109108,37,Male,France,696,7,85,2019-05-30,0.0,2,1,1,44645.22,34,0.2886,0.0,1,0,
CUST-109109,27,Female,Spain,648,8,97,2018-05-30,43910.69,1,0,1,48295.87,31,0.0,-0.235,0,0,
CUST-109110,30,Male,France,481,0,7,2016-09-28,0.0,1,0,0,161554.45,10,0.3602,0.0,0,1,2017-04-29
CUST-109111,48,Male,Spain,696,8,104,2017-10-29,42273.91,1,1,1,175669.53,13,0.3389,-0.0806,0,0,
CUST-109112,76,Male,France,505,5,70,2020-08-29,25558.44,1,1,1,59256.68,35,0.2193,-0.0012,0,0,
CUST-109113,31,Female,France,507,6,74,2019-07-30,143833.12,1,1,1,147246.29,12,0.3999,-0.3713,1,1,2025-09-29
CUST-109114,35,Male,France,525,9,115,2016-11-28,0.0,2,1,1,64892.67,25,0.1624,0.0,0,0,
CUST-109115,35,Male,France,634,2,34,2023-08-30,0.0,2,1,1,58505.62,17,0.5312,0.0,0,0,
CUST-109116,39,Male,Spain,557,8,99,2018-03-30,0.0,2,1,1,88181.47,27,0.3092,0.0,0,0,
CUST-109117,49,Female,France,512,4,49,2022-05-30,45140.03,1,0,1,47748.83,22,0.0,0.2222,0,0,
CUST-109118,38,Male,Germany,686,2,29,2024-01-29,33446.98,2,1,1,59818.49,18,0.1501,0.0201,1,0,
CUST-109119,27,Female,Germany,647,3,43,2022-11-29,101968.56,2,0,0,150548.97,11,0.151,0.041,0,0,
CUST-109120,32,Male,Spain,723,2,28,2024-02-28,0.0,1,1,1,86394.02,18,0.5011,0.0,1,0,
CUST-109121,41,Male,Germany,580,1,23,2024-07-29,113506.08,2,1,0,88717.33,14,0.1084,-0.193,0,0,
CUST-109122,34,Male,Spain,644,8,106,2017-08-29,0.0,2,1,0,63514.83,15,0.1117,0.0,0,0,
CUST-109123,34,Female,Spain,727,2,35,2023-07-30,923698.89,1,1,1,60430.07,21,0.4137,-0.2748,2,0,
CUST-109124,34,Male,France,524,2,30,2023-12-29,0.0,2,1,0,76657.71,8,0.0359,0.0,1,0,
CUST-109125,36,Male,Spain,586,0,7,2025-11-28,0.0,2,1,0,110307.68,8,0.3235,0.0,0,0,
CUST-109126,29,Female,Spain,745,2,28,2024-02-28,359678.99,1,1,0,86917.2,9,0.2381,-0.0009,0,0,
CUST-109127,47,Male,France,652,0,6,2021-11-28,45912.08,4,1,0,100571.47,9,0.4265,-0.14,0,1,2022-05-30
CUST-109128,27,Male,Germany,636,3,47,2022-07-30,59215.01,1,0,1,26710.87,33,0.0,-0.0854,0,0,
CUST-109129,41,Male,France,646,0,9,2025-09-29,0.0,2,1,1,41432.54,31,0.1918,0.0,0,0,
CUST-109130,32,Female,Germany,767,6,81,2019-09-29,334190.54,2,1,0,51368.05,5,0.0318,-0.0816,0,0,
CUST-109131,38,Male,France,648,2,25,2020-12-29,76099.44,1,1,0,91436.48,6,0.1636,-0.0086,0,1,2023-01-29
CUST-109132,54,Female,Germany,654,2,35,2023-07-30,159230.22,1,1,1,87971.45,15,0.0,0.0998,0,0,
CUST-109133,53,Female,France,648,3,36,2023-06-30,374972.99,2,1,1,102891.1,29,0.1171,-0.1633,2,0,
CUST-109134,49,Male,Germany,495,3,44,2019-03-30,34211.13,1,1,0,59545.05,3,0.5844,-0.3804,0,1,2022-11-29
CUST-109135,57,Male,France,698,0,6,2025-12-29,0.0,1,0,0,76365.28,13,0.1428,0.0,0,0,
CUST-109136,71,Female,Germany,571,1,20,2024-08-29,64664.86,2,1,0,190753.4,3,0.4745,-0.2978,0,1,2026-04-30
CUST-109137,47,Female,France,529,0,8,2024-05-30,0.0,4,0,1,73318.4,41,0.0784,0.0,0,1,2025-01-28
CUST-109138,42,Female,Germany,482,3,45,2017-04-29,185264.02,1,1,1,25889.83,15,0.7339,-0.4679,1,1,2021-01-28
CUST-109139,29,Male,France,502,1,18,2024-12-29,229177.87,1,1,1,93995.75,25,0.2311,-0.0399,0,0,
CUST-109140,44,Female,France,432,2,30,2023-12-29,0.0,2,0,1,138025.17,32,0.2991,0.0,0,0,
CUST-109141,38,Female,France,552,7,85,2019-05-30,139483.02,2,1,1,134904.56,29,0.1028,-0.0222,0,0,
CUST-109142,61,Female,Spain,608,2,30,2023-12-29,0.0,1,1,0,60127.65,9,0.5938,0.0,0,0,
CUST-109143,46,Male,France,752,3,38,2023-04-30,113727.93,2,1,1,62410.05,30,0.0538,-0.1012,1,0,
CUST-109144,28,Female,Germany,656,2,35,2023-07-30,137736.0,1,1,0,109152.45,14,0.0259,0.1752,1,0,
CUST-109145,40,Female,France,674,8,101,2018-01-28,0.0,1,1,1,77836.68,24,0.2977,0.0,0,0,
CUST-109146,48,Female,Germany,773,8,102,2017-12-29,24186.47,1,0,1,97288.9,16,0.0,-0.0349,0,0,
CUST-109147,38,Female,France,376,2,35,2023-07-30,0.0,2,1,1,52513.26,18,0.1551,0.0,0,0,
CUST-109148,70,Female,France,688,0,1,2025-06-29,0.0,1,0,1,87994.86,9,0.8127,0.0,0,1,2025-07-30
CUST-109149,46,Male,France,680,6,78,2019-12-29,129099.77,2,1,1,53555.99,26,0.0,0.1288,0,0,
CUST-109150,30,Male,France,729,4,52,2022-02-28,0.0,1,1,1,64008.56,24,0.1408,0.0,0,0,
CUST-109151,29,Male,France,478,3,46,2022-08-29,0.0,1,1,1,39702.26,27,0.3347,0.0,0,0,
CUST-109152,31,Female,France,595,7,95,2018-07-30,69667.16,2,1,0,46044.0,12,0.1925,0.1016,0,0,
CUST-109153,33,Male,Germany,561,5,70,2020-08-29,147315.08,2,1,0,32709.91,11,0.2381,-0.0521,1,0,
CUST-109154,37,Female,Spain,526,0,5,2026-01-28,0.0,2,1,1,30362.1,34,0.0756,0.0,0,0,
CUST-109155,41,Female,France,850,6,77,2020-01-29,0.0,2,1,1,42922.76,22,0.3378,0.0,0,0,
CUST-109156,54,Female,Spain,596,5,63,2021-03-30,201050.71,2,1,0,90838.41,9,0.6482,-0.2475,0,0,
CUST-109157,48,Female,France,739,1,14,2025-04-29,0.0,1,1,0,82000.13,5,0.4316,0.0,0,0,
CUST-109158,34,Female,France,718,0,3,2026-03-30,70934.94,2,1,0,113868.87,3,0.1857,-0.0887,0,0,
CUST-109159,34,Male,France,512,1,13,2025-05-30,0.0,1,1,0,55908.34,14,0.2937,0.0,0,0,
CUST-109160,47,Male,France,600,5,63,2021-03-30,0.0,2,1,1,31327.23,15,0.2335,0.0,0,0,
CUST-109161,33,Male,France,656,10,120,2016-06-29,0.0,1,1,0,87303.15,13,0.0111,0.0,1,0,
CUST-109162,43,Female,Spain,688,7,94,2018-08-29,19698.9,2,1,1,71166.77,28,0.0,0.0339,0,0,
CUST-109163,26,Male,Germany,682,8,98,2018-04-30,245705.59,1,0,1,66680.75,19,0.2086,-0.0076,0,0,
CUST-109164,42,Male,Germany,818,6,83,2019-07-30,678255.61,1,1,1,39507.12,31,0.0,0.0921,0,0,
CUST-109165,40,Female,France,737,8,96,2017-02-28,102636.67,1,1,1,58719.26,42,0.1609,-0.2089,0,1,2025-02-28
CUST-109166,33,Male,France,713,0,6,2025-12-29,0.0,1,1,1,104278.15,27,0.1481,0.0,0,0,
CUST-109167,27,Female,Germany,743,0,2,2026-04-30,52151.14,2,1,1,37069.51,21,0.0512,0.0538,0,0,
CUST-109168,27,Male,France,780,1,23,2024-07-29,0.0,2,1,0,26194.91,15,0.3886,0.0,0,0,
CUST-109169,39,Female,France,590,8,96,2018-06-30,0.0,1,0,1,77860.29,17,0.1489,0.0,0,0,
CUST-109170,41,Male,France,498,1,14,2025-04-29,55717.85,1,1,1,46067.3,26,0.2226,-0.0128,1,0,
CUST-109171,24,Female,France,592,0,7,2025-11-28,100353.16,2,1,0,108053.63,6,0.1162,-0.0753,0,0,
CUST-109172,24,Female,Germany,518,4,51,2022-03-30,376226.0,1,1,0,59759.87,11,0.0644,0.2681,0,0,
CUST-109173,29,Male,France,556,3,46,2022-08-29,0.0,2,1,1,40419.09,25,0.0622,0.0,0,0,
CUST-109174,29,Male,France,660,5,65,2021-01-28,285674.95,2,1,0,77775.59,7,0.6257,0.0427,0,0,
CUST-109175,31,Female,Spain,597,4,57,2021-09-29,0.0,2,0,0,70437.19,8,0.5188,0.0,1,0,
CUST-109176,39,Male,Spain,712,1,19,2023-05-30,36615.9,3,1,1,70492.92,19,0.577,-0.1737,0,1,2024-12-29
CUST-109177,49,Female,France,679,1,22,2020-06-29,0.0,1,1,0,39652.57,6,0.8224,0.0,2,1,2022-04-30
CUST-109178,49,Male,France,685,6,80,2019-10-30,288692.14,2,1,0,139549.73,5,0.1769,-0.0516,0,0,
CUST-109179,44,Female,Spain,529,2,27,2024-03-30,0.0,2,0,1,51759.88,18,0.2009,0.0,0,0,
CUST-109180,49,Male,France,566,0,4,2026-02-28,0.0,2,0,1,158285.39,30,0.1026,0.0,0,0,
CUST-109181,30,Female,France,467,0,1,2026-05-30,0.0,2,1,0,27953.88,10,0.0408,0.0,0,0,
CUST-109182,44,Female,France,705,1,14,2025-04-29,0.0,2,1,0,115671.35,12,0.0894,0.0,0,0,
CUST-109183,46,Male,France,835,2,24,2021-12-29,79071.3,1,1,0,94651.1,7,0.5202,-0.2716,1,1,2023-12-29
CUST-109184,26,Male,Spain,667,0,11,2025-07-30,0.0,2,1,0,60947.27,13,0.2779,0.0,1,0,
CUST-109185,54,Female,Spain,676,0,8,2025-10-29,75540.06,2,1,0,28785.2,12,0.4113,0.101,0,0,
CUST-109186,46,Female,Spain,599,6,72,2020-06-29,64100.98,2,1,0,74125.33,11,0.2007,0.1219,0,0,
CUST-109187,32,Female,Germany,629,5,70,2018-02-28,34389.67,1,1,1,25940.85,16,0.1958,-0.1701,1,1,2023-12-29
CUST-109188,25,Female,Germany,772,0,5,2026-01-28,172396.95,1,1,0,55828.23,19,0.3245,-0.0297,2,0,
CUST-109189,39,Female,Spain,659,0,4,2026-02-28,79773.25,2,1,1,110646.29,16,0.1547,0.1008,0,0,
CUST-109190,34,Female,Germany,711,2,30,2023-12-29,44338.57,2,1,1,64328.49,36,0.0702,-0.0603,0,0,
CUST-109191,27,Female,France,775,7,93,2018-09-29,148191.14,1,1,1,64256.83,30,0.0426,-0.0731,0,0,
CUST-109192,37,Male,France,756,4,52,2016-07-29,65860.88,1,1,0,153064.98,9,0.6661,-0.4438,0,1,2020-11-28
CUST-109193,33,Male,Germany,653,4,55,2021-11-28,74470.67,1,1,1,77119.91,26,0.2498,0.2608,0,0,
CUST-109194,47,Female,France,660,3,37,2023-05-30,38775.48,1,1,1,184068.49,22,0.0428,-0.1645,0,0,
CUST-109195,24,Female,France,613,0,6,2025-12-29,0.0,1,1,1,59778.91,30,0.0407,0.0,0,0,
CUST-109196,48,Male,France,698,2,30,2023-12-29,168008.27,2,1,0,125521.17,9,0.0663,-0.1705,0,0,
CUST-109197,36,Male,Germany,610,3,41,2023-01-29,121574.35,1,0,0,65975.27,10,0.4476,0.0638,0,0,
CUST-109198,44,Female,France,684,4,54,2020-11-28,0.0,1,1,1,86682.48,24,0.2467,0.0,0,1,2025-05-30
CUST-109199,55,Female,France,750,0,4,2026-02-28,78385.27,2,1,0,45514.6,8,0.2823,0.1773,0,0,
CUST-109200,41,Male,France,488,0,1,2026-05-30,55865.11,2,1,1,82243.5,37,0.0668,-0.3251,1,0,
CUST-109201,48,Female,France,472,0,10,2025-08-29,94866.96,2,0,0,85263.51,16,0.0707,-0.0041,0,0,
CUST-109202,26,Male,Spain,646,1,18,2024-12-29,151271.47,1,1,1,76788.74,29,0.2693,0.0288,0,0,
CUST-109203,27,Male,France,714,5,61,2021-05-30,0.0,1,1,0,27615.78,12,0.1363,0.0,2,0,
CUST-109204,34,Female,France,678,3,44,2018-04-30,49868.56,1,1,1,126153.64,14,0.5986,-0.2585,0,1,2021-12-29
CUST-109205,31,Male,France,534,3,44,2022-10-29,189939.18,2,1,0,84947.23,9,0.2357,-0.144,2,0,
CUST-109206,42,Female,Spain,736,0,7,2024-02-28,91860.11,4,1,0,91391.57,4,0.7747,-0.2871,0,1,2024-09-28
CUST-109207,42,Male,Germany,833,9,111,2017-03-30,90303.13,2,1,0,164770.1,6,0.2123,-0.1622,0,0,
CUST-109208,51,Female,France,567,1,18,2024-12-29,0.0,2,1,1,68837.17,24,0.2144,0.0,0,0,
CUST-109209,36,Male,France,580,5,67,2020-11-28,60795.81,2,0,0,104247.4,11,0.2264,0.0277,0,0,
CUST-109210,26,Female,Germany,652,0,11,2025-07-30,103783.06,1,0,0,109630.9,3,0.5901,-0.4792,1,0,
CUST-109211,51,Female,Spain,638,5,69,2020-02-28,30231.32,1,1,1,61657.12,13,0.4742,-0.1986,0,1,2025-11-28
CUST-109212,51,Male,France,765,4,54,2021-12-29,0.0,1,0,1,72017.4,16,0.231,0.0,1,0,
CUST-109213,34,Female,France,677,7,85,2019-05-30,0.0,2,1,0,46494.81,9,0.2877,0.0,0,0,
CUST-109214,51,Male,France,622,7,85,2017-05-30,74565.45,1,1,1,18665.74,28,0.2415,-0.0507,1,1,2024-06-29
CUST-109215,26,Male,France,593,9,110,2017-04-29,0.0,2,1,0,47514.79,8,0.2597,0.0,1,0,
CUST-109216,35,Female,Germany,503,0,9,2023-09-29,28787.38,1,1,0,33621.56,7,0.6231,-0.499,4,1,2024-06-29
CUST-109217,28,Female,Spain,781,0,1,2026-05-30,338843.46,2,0,1,31451.51,30,0.0,-0.0392,0,0,
CUST-109218,47,Female,Spain,710,3,41,2021-02-28,85599.68,1,1,0,48688.44,1,0.7032,-0.249,1,1,2024-07-29
CUST-109219,32,Female,Spain,641,2,25,2024-05-30,0.0,1,0,0,263672.33,11,0.3186,0.0,0,0,
CUST-109220,49,Male,France,660,7,92,2018-10-29,0.0,1,0,0,37844.98,9,0.1871,0.0,0,0,
CUST-109221,28,Male,Spain,640,8,99,2018-03-30,0.0,1,0,1,95131.99,37,0.2283,0.0,1,0,
CUST-109222,66,Male,France,481,1,13,2025-05-30,100266.15,1,0,0,25537.97,9,0.3017,0.1199,1,0,
CUST-109223,34,Male,France,514,0,1,2026-05-30,42739.8,1,1,0,84478.41,7,0.2678,0.036,0,0,
CUST-109224,33,Female,Germany,630,3,47,2020-01-29,32176.05,1,1,0,104107.58,3,0.9321,-0.3719,0,1,2023-12-29
CUST-109225,46,Male,France,629,0,9,2025-09-29,0.0,1,1,0,38890.42,7,0.2708,0.0,0,0,
CUST-109226,41,Female,Spain,649,0,9,2025-09-29,66564.69,2,1,1,50199.94,17,0.3603,-0.196,2,0,
CUST-109227,34,Male,Spain,813,8,102,2017-12-29,326322.9,1,1,1,42955.3,26,0.1016,-0.0171,2,0,
CUST-109228,33,Male,Spain,623,2,31,2023-11-29,49676.23,1,0,1,94386.01,20,0.0296,-0.0595,0,0,
CUST-109229,59,Female,Spain,577,7,94,2018-08-29,0.0,1,1,0,84059.05,5,0.225,0.0,1,0,
CUST-109230,36,Male,France,655,7,93,2018-09-29,0.0,1,1,0,111295.72,7,0.0,0.0,0,0,
CUST-109231,36,Female,France,516,5,61,2021-05-30,0.0,2,0,1,65794.39,37,0.0,0.0,0,0,
CUST-109232,28,Female,Spain,665,1,23,2024-07-29,317841.21,2,0,0,30865.55,14,0.3635,-0.2204,0,0,
CUST-109233,54,Female,Germany,580,0,4,2026-02-28,39187.88,1,1,0,38915.57,19,0.2449,0.058,0,0,
CUST-109234,30,Female,Spain,672,10,120,2016-06-29,67502.22,2,1,1,33940.11,18,0.1538,0.0157,0,0,
CUST-109235,29,Female,France,633,5,65,2021-01-28,0.0,2,0,1,44636.76,35,0.0683,0.0,0,0,
CUST-109236,48,Male,France,636,4,53,2022-01-28,0.0,2,0,0,51917.92,13,0.3096,0.0,0,0,
CUST-109237,21,Female,France,710,6,82,2019-08-30,0.0,2,1,1,55347.63,22,0.0472,0.0,0,0,
CUST-109238,39,Male,Germany,721,0,11,2023-02-28,150533.69,1,1,1,65950.22,26,0.0,0.0204,1,1,2024-01-29
CUST-109239,33,Male,Spain,845,0,4,2026-02-28,93692.39,1,0,0,25579.62,10,0.3521,0.0187,0,0,
CUST-109240,35,Female,Spain,717,4,51,2022-03-30,71863.49,1,0,1,111985.41,34,0.1447,0.25,0,0,
CUST-109241,30,Female,France,626,4,50,2022-04-30,0.0,2,0,1,83521.51,22,0.0995,0.0,1,0,
CUST-109242,31,Female,France,589,0,10,2025-08-29,0.0,1,1,0,58057.62,6,0.3579,0.0,0,0,
CUST-109243,24,Female,France,683,3,46,2022-08-29,0.0,2,0,0,52847.2,11,0.2851,0.0,0,0,
CUST-109244,46,Female,France,790,1,15,2025-03-30,0.0,1,0,0,53673.25,17,0.151,0.0,0,0,
CUST-109245,34,Female,France,732,7,87,2019-03-30,65749.93,2,1,1,58426.46,25,0.0849,-0.0252,1,0,
CUST-109246,49,Male,Germany,582,3,46,2022-08-29,47956.92,1,1,1,91346.99,30,0.025,-0.0598,0,0,
CUST-109247,69,Male,France,693,2,25,2024-05-30,0.0,2,1,1,65566.7,11,0.3345,0.0,1,0,
CUST-109248,28,Male,France,671,7,92,2018-10-29,397309.8,1,1,0,83505.84,12,0.2989,0.1843,0,0,
CUST-109249,44,Female,Germany,751,3,37,2023-05-30,389116.66,2,1,1,74779.52,38,0.2893,0.1727,0,0,
CUST-109250,29,Male,Spain,679,0,1,2026-05-30,85293.83,2,1,0,51421.8,9,0.3926,0.0176,0,0,
CUST-109251,31,Male,France,675,3,37,2023-05-30,97013.25,1,1,0,29511.75,11,0.25,0.2795,0,0,
CUST-109252,36,Male,France,537,1,19,2024-11-28,72294.51,2,1,0,152387.62,6,0.191,0.0824,0,0,
CUST-109253,65,Female,Germany,726,0,2,2019-06-30,36174.45,2,1,1,100504.06,26,0.322,-0.1043,0,1,2019-08-30
CUST-109254,33,Male,Spain,517,1,15,2025-03-30,86527.67,1,0,0,145186.9,9,0.1937,0.0452,0,0,
CUST-109255,36,Male,Spain,659,1,22,2024-08-29,27237.91,2,0,0,54426.6,9,0.4165,-0.1573,1,0,
CUST-109256,39,Male,France,597,3,39,2021-11-28,46226.38,1,1,1,86291.2,36,0.0,0.1257,0,1,2025-02-28
CUST-109257,35,Male,Germany,591,6,75,2020-03-30,59294.98,2,0,1,51226.55,28,0.0574,-0.0148,0,0,
CUST-109258,28,Male,Spain,706,4,51,2022-03-30,0.0,1,1,1,103069.82,31,0.0,0.0,1,0,
CUST-109259,51,Female,France,650,8,106,2017-08-29,0.0,2,0,0,170362.58,7,0.1698,0.0,0,0,
CUST-109260,33,Male,France,420,6,75,2020-03-30,40266.55,2,1,0,165585.56,13,0.1167,-0.0833,0,0,
CUST-109261,26,Male,Spain,631,0,4,2016-09-28,211257.5,4,1,0,73351.6,2,0.581,-0.2758,0,1,2017-01-28
CUST-109262,40,Female,France,613,3,40,2023-02-28,79606.66,1,0,1,107841.99,11,0.0657,0.0964,1,0,
CUST-109263,52,Female,Germany,771,5,64,2021-02-28,39737.37,1,1,0,95591.48,9,0.2084,-0.1664,0,0,
CUST-109264,30,Male,Spain,531,1,22,2024-08-29,144944.82,1,0,1,77638.51,31,0.2125,-0.0704,0,0,
CUST-109265,34,Male,France,834,1,18,2016-06-29,100394.52,2,0,1,91139.26,6,0.7335,-0.5096,2,1,2017-12-29
CUST-109266,36,Female,Germany,732,1,20,2019-12-29,14794.46,1,0,0,47062.5,8,0.2731,-0.2932,0,1,2021-08-29
CUST-109267,32,Female,France,623,6,74,2020-04-29,99888.5,2,1,1,30895.5,23,0.4304,-0.0675,1,0,
CUST-109268,36,Male,Spain,610,6,82,2019-08-30,50798.68,2,0,0,91267.57,8,0.4394,-0.0609,0,0,
CUST-109269,58,Female,Spain,589,3,43,2017-02-28,0.0,3,0,1,39380.48,14,0.6492,0.0,2,1,2020-09-28
CUST-109270,37,Male,Spain,681,5,70,2020-08-29,68192.67,1,0,0,45156.98,9,0.1274,-0.0887,0,0,
CUST-109271,42,Male,France,574,2,32,2018-08-29,0.0,1,1,0,56478.85,8,0.698,0.0,0,1,2021-04-29
CUST-109272,33,Male,Spain,639,6,76,2020-02-28,72642.66,1,0,0,164615.13,12,0.0286,0.113,0,0,
CUST-109273,39,Female,Spain,546,4,52,2022-02-28,109155.98,2,0,0,69356.44,13,0.2511,0.201,1,0,
CUST-109274,41,Male,Germany,718,1,15,2022-06-30,45179.55,2,1,1,44311.6,34,0.3211,-0.0388,0,1,2023-09-29
CUST-109275,45,Male,Germany,666,0,4,2019-01-29,69441.46,1,0,0,36532.58,4,0.3918,-0.2552,1,1,2019-05-30
CUST-109276,32,Male,France,605,1,18,2024-12-29,90948.29,1,1,1,65280.74,19,0.1426,0.0321,0,0,
CUST-109277,35,Male,Spain,627,2,24,2024-06-29,127886.55,2,1,1,63930.04,14,0.0225,-0.1025,1,0,
CUST-109278,47,Male,France,583,3,37,2017-01-28,0.0,1,0,0,37861.8,3,0.6296,0.0,2,1,2020-02-28
CUST-109279,33,Male,France,680,1,14,2025-04-29,0.0,2,1,1,77473.91,23,0.1274,0.0,0,0,
CUST-109280,28,Female,Spain,530,1,12,2025-06-29,0.0,2,0,1,29144.99,23,0.1726,0.0,0,0,
CUST-109281,32,Male,Spain,737,9,108,2017-06-29,0.0,1,0,0,39796.92,10,0.2083,0.0,0,0,
CUST-109282,46,Male,Spain,667,8,96,2018-06-30,0.0,1,0,0,152279.91,8,0.0,0.0,0,0,
CUST-109283,49,Female,France,607,3,46,2017-07-30,252069.04,2,1,0,37826.0,1,0.6872,-0.3052,0,1,2021-05-30
CUST-109284,44,Male,France,706,4,57,2021-09-29,0.0,1,1,1,66805.89,25,0.2246,0.0,0,0,
CUST-109285,51,Male,France,687,7,87,2019-03-30,0.0,2,0,0,88849.34,12,0.1973,0.0,0,0,
CUST-109286,56,Female,France,550,5,63,2021-03-30,0.0,2,1,0,195607.85,13,0.2269,0.0,0,0,
CUST-109287,67,Female,Spain,776,1,18,2017-07-30,0.0,1,1,0,166142.8,8,0.4951,0.0,0,1,2019-01-29
CUST-109288,45,Male,Germany,410,2,31,2023-11-29,106211.71,1,0,0,102834.27,12,0.2486,0.135,0,0,
CUST-109289,35,Male,France,755,8,104,2017-10-29,331253.93,2,0,0,39764.85,12,0.2661,-0.0163,0,0,
CUST-109290,26,Male,France,634,8,100,2018-02-28,0.0,1,1,0,42460.41,16,0.3247,0.0,0,0,
CUST-109291,28,Male,France,745,4,48,2017-05-30,0.0,1,0,0,55252.74,3,0.6842,0.0,0,1,2021-05-30
CUST-109292,30,Female,Spain,788,8,99,2018-03-30,333349.36,1,1,0,274526.66,10,0.0,0.1948,0,0,
CUST-109293,49,Female,Germany,609,1,19,2024-11-28,95213.39,2,1,1,94446.31,26,0.1361,0.0501,0,0,
CUST-109294,31,Male,France,613,6,82,2019-08-30,136031.94,2,1,1,69680.31,23,0.0056,0.0916,0,0,
CUST-109295,31,Male,France,680,7,91,2018-11-29,44677.3,1,1,1,79669.02,35,0.0,0.0068,0,0,
CUST-109296,31,Male,France,541,3,36,2023-06-30,37163.45,1,0,0,152001.03,15,0.2961,0.0772,0,0,
CUST-109297,36,Male,France,618,5,60,2021-06-29,230377.88,2,1,1,51402.81,25,0.239,-0.1304,0,0,
CUST-109298,40,Female,Spain,610,3,38,2023-04-30,83847.9,2,0,1,74805.0,30,0.382,-0.0368,0,0,
CUST-109299,40,Male,Germany,536,1,22,2024-08-29,1178890.84,1,1,1,63324.77,19,0.0066,-0.1297,0,0,
CUST-109300,31,Female,France,605,2,27,2019-06-30,99045.76,2,0,0,48222.82,9,0.1757,-0.0487,0,1,2021-09-29
CUST-109301,48,Female,Spain,722,7,91,2018-11-29,164352.72,1,1,0,62571.49,6,0.1482,-0.0189,1,0,
CUST-109302,36,Female,France,715,0,3,2026-03-30,204631.35,1,1,1,87067.64,22,0.1114,0.1399,0,0,
CUST-109303,46,Female,France,633,3,43,2022-11-29,0.0,2,1,1,84334.02,21,0.0453,0.0,0,0,
CUST-109304,37,Female,Germany,656,5,66,2016-06-29,168564.32,2,1,0,154690.78,4,0.8582,-0.4018,0,1,2021-12-29
CUST-109305,31,Female,France,621,0,7,2025-11-28,252801.88,1,0,0,50927.05,14,0.0451,0.1103,0,0,
CUST-109306,33,Male,France,481,0,6,2025-12-29,85759.62,1,1,0,81682.2,7,0.3452,-0.2994,2,0,
CUST-109307,30,Male,Spain,552,4,54,2021-12-29,55927.44,1,1,0,37210.82,8,0.3439,0.0858,1,0,
CUST-109308,26,Male,Spain,742,4,57,2021-09-29,193333.86,4,0,0,68850.76,6,0.4517,-0.2523,0,0,
CUST-109309,38,Female,France,765,3,41,2023-01-29,0.0,1,1,1,30776.55,17,0.3829,0.0,1,0,
CUST-109310,29,Female,Germany,568,8,101,2018-01-28,49717.55,2,1,0,93191.22,11,0.07,-0.0177,0,0,
CUST-109311,27,Male,France,757,3,41,2023-01-29,0.0,2,1,1,194631.63,23,0.2413,0.0,0,0,
CUST-109312,45,Female,Germany,535,5,71,2020-07-29,34954.87,2,1,1,126588.61,23,0.1556,-0.0237,0,0,
CUST-109313,52,Female,France,600,0,11,2025-07-30,0.0,2,1,1,57920.34,23,0.0212,0.0,0,0,
CUST-109314,31,Female,Germany,639,4,54,2021-12-29,25961.54,2,0,1,122652.58,36,0.1772,0.0556,0,0,
CUST-109315,91,Male,France,624,1,14,2025-03-30,19991.43,1,1,1,31710.72,20,0.2301,0.0025,0,1,2026-05-30
CUST-109316,45,Male,Spain,584,3,44,2022-10-29,0.0,1,1,1,91323.07,29,0.236,0.0,1,0,
CUST-109317,38,Male,Spain,662,3,39,2023-03-30,131154.94,3,1,0,290388.23,16,0.3188,0.1146,0,0,
CUST-109318,24,Male,France,725,2,26,2024-04-29,0.0,1,1,0,90860.93,9,0.0454,0.0,1,0,
CUST-109319,42,Female,Spain,510,6,76,2020-02-28,0.0,1,0,0,61951.25,11,0.0765,0.0,0,0,
CUST-109320,28,Male,France,662,7,93,2018-09-29,0.0,1,1,0,59661.94,12,0.332,0.0,1,0,
CUST-109321,29,Male,Germany,743,6,77,2020-01-29,87773.22,1,1,0,83454.75,9,0.1238,-0.1114,0,0,
CUST-109322,43,Male,France,610,7,84,2019-06-30,0.0,1,0,1,69848.76,28,0.1754,0.0,0,0,
CUST-109323,63,Female,France,597,3,47,2019-02-28,0.0,1,1,1,55027.14,9,0.5999,0.0,0,1,2023-01-29
CUST-109324,39,Male,Germany,568,8,100,2018-02-28,52550.28,1,1,0,65694.05,12,0.1981,0.0242,0,0,
CUST-109325,48,Female,France,842,1,17,2025-01-28,63045.27,2,0,0,28592.2,13,0.3307,-0.2008,0,0,
CUST-109326,63,Male,Germany,793,0,6,2018-10-29,78126.23,3,0,1,106971.24,10,0.7001,-0.2942,1,1,2019-04-30
CUST-109327,26,Female,Germany,622,1,18,2024-12-29,31840.75,2,1,1,128997.85,12,0.1085,-0.1502,0,0,
CUST-109328,43,Male,France,763,1,15,2025-03-30,0.0,4,0,1,104558.6,21,0.4588,0.0,0,0,
CUST-109329,53,Male,France,599,6,80,2019-10-30,0.0,1,1,1,58832.97,33,0.0143,0.0,0,0,
CUST-109330,50,Female,Germany,635,0,2,2026-04-30,97451.81,1,1,0,86990.06,9,0.3009,-0.197,0,0,
CUST-109331,51,Female,Germany,548,1,13,2024-03-30,75511.42,1,1,0,89375.84,3,1.0,-0.2928,1,1,2025-04-29
CUST-109332,32,Female,France,473,2,24,2024-06-29,70566.55,2,1,1,60496.94,28,0.0874,-0.1321,0,0,
CUST-109333,40,Female,France,594,6,79,2016-09-28,0.0,3,1,1,134361.1,9,0.6267,0.0,2,1,2023-04-30
CUST-109334,53,Male,Germany,609,0,3,2026-03-30,39117.85,1,1,0,113156.13,6,0.1797,-0.1222,0,0,
CUST-109335,43,Female,Germany,691,5,66,2020-12-29,136515.51,2,1,1,123839.71,16,0.2679,0.0358,1,0,
CUST-109336,27,Male,Spain,713,7,93,2017-08-29,65253.55,2,0,0,85481.82,6,0.6053,-0.3494,0,1,2025-05-30
CUST-109337,28,Female,France,638,8,101,2017-02-28,61310.07,1,1,0,31204.02,10,0.4012,-0.3853,0,1,2025-07-30
CUST-109338,51,Female,Germany,555,3,39,2022-12-29,79160.81,1,0,1,20996.3,10,0.6309,-0.4792,2,1,2026-03-30
CUST-109339,22,Female,Germany,587,1,15,2025-03-30,99405.81,1,0,0,54481.6,11,0.193,-0.0033,1,0,
CUST-109340,44,Female,France,803,9,114,2016-12-29,27846.6,1,1,1,44828.45,21,0.2223,0.0458,2,0,
CUST-109341,46,Female,France,710,2,33,2023-09-29,0.0,2,1,1,68814.75,16,0.3741,0.0,1,0,
CUST-109342,41,Male,France,787,1,16,2025-02-28,53157.62,1,1,0,37791.17,11,0.039,-0.0215,0,0,
CUST-109343,46,Male,Spain,821,2,29,2024-01-29,0.0,2,1,0,37942.43,11,0.0406,0.0,0,0,
CUST-109344,46,Female,France,587,6,80,2019-10-30,0.0,2,0,0,23222.45,12,0.0656,0.0,1,0,
CUST-109345,22,Female,Germany,729,3,39,2023-03-30,183452.37,1,1,0,33297.12,11,0.3267,0.0706,0,0,
CUST-109346,24,Male,Germany,563,0,11,2025-07-30,300599.06,1,1,0,55711.6,8,0.0676,0.0044,0,0,
CUST-109347,31,Female,France,749,7,93,2018-09-29,45775.13,2,1,1,51416.16,21,0.4475,-0.311,0,0,
CUST-109348,41,Male,Spain,729,7,85,2019-05-30,88426.81,2,1,1,126149.05,18,0.0956,0.0551,1,0,
CUST-109349,40,Female,Germany,447,4,49,2022-05-30,194263.77,2,1,0,59585.37,11,0.0939,0.1127,0,0,
CUST-109350,29,Female,France,689,0,3,2026-03-30,0.0,1,1,1,29471.49,32,0.1316,0.0,0,0,
CUST-109351,54,Male,Spain,568,6,76,2020-02-28,69220.14,2,1,0,60869.91,11,0.2314,-0.0999,0,0,
CUST-109352,69,Male,Germany,617,0,9,2025-07-30,179787.58,1,0,1,92468.42,9,0.6445,-0.458,1,1,2026-04-30
CUST-109353,46,Female,France,587,1,17,2025-01-28,0.0,2,1,0,19388.64,9,0.3923,0.0,0,0,
CUST-109354,40,Male,Germany,737,2,32,2023-10-30,56026.57,1,0,1,139021.17,27,0.2463,-0.0397,0,0,
CUST-109355,41,Female,Germany,584,0,11,2025-07-30,54104.62,2,0,1,89910.31,28,0.0693,-0.0316,0,0,
CUST-109356,31,Male,France,527,5,68,2020-10-29,0.0,1,0,1,153845.36,16,0.0628,0.0,0,0,
CUST-109357,27,Male,Spain,572,9,113,2017-01-28,52929.79,1,1,0,92582.44,5,0.373,-0.2837,0,0,
CUST-109358,48,Male,Germany,629,5,62,2021-04-29,38870.61,1,1,0,56294.09,8,0.0718,-0.1295,0,0,
CUST-109359,46,Female,Germany,689,3,44,2022-10-29,54519.99,2,0,0,68885.43,5,0.1889,0.1617,0,0,
CUST-109360,49,Female,France,765,4,49,2020-01-29,0.0,1,0,1,54640.5,15,0.2718,0.0,1,1,2024-02-28
CUST-109361,41,Female,France,699,3,45,2022-09-29,31106.58,1,0,1,112468.3,32,0.0932,-0.0973,1,0,
CUST-109362,27,Female,France,706,8,98,2018-04-30,317028.82,1,1,1,46419.6,30,0.0,-0.044,0,0,
CUST-109363,26,Female,Germany,721,0,4,2026-02-28,30908.14,1,1,1,85899.74,26,0.0784,0.0632,0,0,
CUST-109364,29,Male,Germany,728,0,10,2025-08-29,91372.12,2,1,1,134067.46,17,0.1149,0.1572,0,0,
CUST-109365,56,Male,Spain,749,3,47,2022-07-30,0.0,1,1,0,80884.39,2,0.527,0.0,2,0,
CUST-109366,26,Female,France,850,5,65,2021-01-28,0.0,2,1,0,74517.76,13,0.2195,0.0,0,0,
CUST-109367,36,Male,Germany,727,2,28,2021-07-30,91915.06,1,1,0,89960.22,5,0.927,-0.3576,1,1,2023-11-29
CUST-109368,32,Female,Spain,678,2,33,2023-09-29,0.0,1,1,1,49022.04,21,0.315,0.0,0,0,
CUST-109369,27,Female,Spain,605,7,93,2018-09-29,46371.22,2,1,1,21651.86,29,0.058,0.0487,0,0,
CUST-109370,42,Female,Spain,680,5,60,2021-06-29,0.0,1,0,0,41475.8,16,0.1309,0.0,0,0,
CUST-109371,57,Female,Spain,761,1,23,2016-08-29,34419.11,2,0,0,46534.61,8,0.7014,-0.5531,1,1,2018-07-30
CUST-109372,36,Female,France,533,0,10,2025-08-29,0.0,1,1,1,86179.0,25,0.0026,0.0,0,0,
CUST-109373,25,Female,Germany,771,7,85,2019-05-30,12257.8,1,0,0,43581.49,8,0.1026,-0.1326,0,0,
CUST-109374,34,Female,Spain,609,4,52,2022-02-28,0.0,1,0,1,46806.16,23,0.2047,0.0,1,0,
CUST-109375,32,Male,Germany,628,2,31,2023-11-29,83210.76,1,1,1,108505.64,20,0.1009,-0.0595,0,0,
CUST-109376,34,Male,France,700,3,43,2022-11-29,0.0,2,0,1,88944.35,31,0.1763,0.0,0,0,
CUST-109377,35,Male,Spain,599,6,82,2019-08-30,59623.51,1,1,1,139010.44,24,0.127,0.1733,0,0,
CUST-109378,60,Female,France,694,9,111,2017-03-30,0.0,1,1,1,67742.14,25,0.2934,0.0,0,0,
CUST-109379,42,Female,France,539,3,45,2018-06-30,57823.18,1,1,1,30931.69,10,0.6297,-0.4679,0,1,2022-03-30
CUST-109380,41,Female,France,734,0,11,2025-07-30,279856.49,1,1,0,232153.05,10,0.3052,0.0404,0,0,
CUST-109381,31,Male,France,669,4,50,2022-04-30,128743.77,1,1,0,100342.63,7,0.7589,-0.2521,3,0,
CUST-109382,48,Female,France,650,1,13,2025-05-30,30240.31,1,1,0,51938.76,3,0.7719,-0.3454,2,0,
CUST-109383,50,Male,France,676,3,39,2023-03-30,0.0,1,1,1,115580.96,31,0.1475,0.0,2,0,
CUST-109384,44,Female,Spain,648,4,55,2021-11-28,84034.66,2,0,0,80047.75,6,0.2278,0.2155,1,0,
CUST-109385,43,Male,France,692,4,50,2022-04-30,13751.46,2,0,1,140587.31,26,0.0073,-0.0824,0,0,
CUST-109386,26,Female,Germany,630,9,115,2016-11-28,296948.03,2,1,0,81670.74,17,0.3212,0.1261,0,0,
CUST-109387,41,Female,Spain,622,9,116,2016-10-29,39015.98,2,0,1,57041.85,27,0.1924,-0.0793,0,0,
CUST-109388,55,Male,Spain,480,1,12,2018-08-29,96209.43,1,1,0,83642.85,6,0.6919,-0.2653,1,1,2019-08-30
CUST-109389,42,Male,France,781,0,4,2026-02-28,0.0,1,0,1,122612.57,20,0.0967,0.0,0,0,
CUST-109390,46,Male,France,538,3,39,2023-03-30,89189.29,2,1,0,46537.75,12,0.4894,-0.0584,0,0,
CUST-109391,34,Male,Germany,805,0,9,2025-09-29,164582.01,1,0,0,74038.21,8,0.3544,-0.0845,0,0,
CUST-109392,31,Male,Spain,627,7,86,2019-04-30,176506.16,2,1,0,37088.93,14,0.1872,0.0856,0,0,
CUST-109393,28,Male,Germany,767,2,32,2023-10-30,102374.7,1,1,1,93759.19,25,0.2524,-0.0442,0,0,
CUST-109394,52,Male,France,750,0,10,2025-08-29,40952.66,2,0,1,74066.07,31,0.2479,-0.2018,0,0,
CUST-109395,36,Male,Germany,742,4,53,2022-01-28,95389.01,2,1,1,101906.85,30,0.21,-0.0799,0,0,
CUST-109396,50,Female,Germany,654,5,70,2016-08-29,225125.56,1,1,1,125130.54,6,0.5146,-0.3515,0,1,2022-06-30
CUST-109397,33,Male,Germany,535,2,30,2023-12-29,79227.39,1,1,1,49915.27,24,0.1728,-0.2732,1,0,
CUST-109398,51,Male,Spain,633,1,22,2024-08-29,0.0,1,1,0,79752.64,13,0.2332,0.0,0,0,
CUST-109399,38,Female,Spain,620,6,82,2019-08-30,219282.51,1,1,1,81622.63,19,0.0,0.0504,0,0,
CUST-109400,34,Male,Germany,640,1,20,2024-10-29,60712.89,1,1,1,50439.74,24,0.1958,-0.1157,2,0,
CUST-109401,34,Female,Germany,532,3,41,2023-01-29,177796.33,1,1,0,41597.73,17,0.2514,-0.2313,0,0,
CUST-109402,47,Female,Germany,623,0,2,2026-04-30,56639.0,1,1,0,166807.49,9,0.4605,0.2488,1,0,
CUST-109403,42,Female,Germany,369,6,81,2019-09-29,132473.32,2,1,0,57155.39,10,0.157,-0.0626,1,0,
CUST-109404,47,Male,France,621,3,36,2023-06-30,0.0,2,1,1,57017.29,25,0.0804,0.0,0,0,
CUST-109405,55,Female,Germany,662,1,12,2019-03-30,53462.14,2,1,0,62591.21,8,0.4226,-0.1825,4,1,2020-03-30
CUST-109406,35,Female,Germany,575,0,8,2025-10-29,130086.2,2,1,0,95078.84,12,0.339,-0.0463,0,0,
CUST-109407,44,Female,France,624,5,64,2021-02-28,46642.04,2,1,1,55411.57,15,0.4915,-0.3139,1,0,
CUST-109408,36,Male,France,666,8,107,2017-02-28,21840.41,2,1,0,46815.74,4,0.5718,-0.1044,2,1,2026-01-28
CUST-109409,33,Female,Germany,747,7,90,2018-12-29,156490.46,1,0,1,78305.7,24,0.1628,0.2301,0,0,
CUST-109410,42,Female,Germany,751,3,43,2022-11-29,55265.39,2,1,0,106110.32,4,0.5198,-0.1527,2,0,
CUST-109411,21,Female,France,679,6,78,2019-12-29,110359.98,2,1,1,92565.51,28,0.2665,-0.1073,0,0,
CUST-109412,26,Male,France,647,5,64,2021-02-28,106946.47,2,1,1,51109.97,34,0.0764,-0.1526,0,0,
CUST-109413,49,Male,France,684,0,1,2026-05-30,151498.06,1,1,1,39485.76,32,0.039,0.0967,0,0,
CUST-109414,40,Male,Spain,823,2,31,2023-11-29,180612.2,2,0,0,42292.59,17,0.273,-0.1394,0,0,
CUST-109415,31,Male,Spain,698,1,21,2024-09-28,0.0,2,0,0,86297.8,15,0.18,0.0,0,0,
CUST-109416,41,Female,Germany,675,1,12,2024-11-28,144362.21,1,1,0,96331.02,12,0.3203,-0.0688,0,1,2025-11-28
CUST-109417,25,Male,France,753,2,30,2023-12-29,182188.39,2,1,1,55170.93,38,0.0591,-0.1177,1,0,
CUST-109418,28,Male,Germany,655,0,8,2025-10-29,57061.2,1,1,0,53303.43,8,0.3291,0.066,1,0,
CUST-109419,28,Male,Germany,568,5,68,2020-10-29,53605.04,2,0,1,37051.26,34,0.0918,-0.0595,0,0,
CUST-109420,27,Female,Spain,694,4,56,2021-10-29,0.0,2,1,0,69331.16,7,0.2233,0.0,0,0,
CUST-109421,35,Female,France,666,8,102,2017-12-29,22489.12,2,1,1,104965.27,16,0.1845,-0.0615,1,0,
CUST-109422,41,Female,France,629,3,41,2023-01-29,0.0,2,1,0,49641.59,6,0.2296,0.0,0,0,
CUST-109423,78,Female,Germany,702,0,11,2025-07-30,23114.7,1,1,0,128134.9,8,0.7057,-0.3518,0,0,
CUST-109424,51,Female,France,476,5,67,2020-11-28,213278.43,2,1,0,40423.59,4,0.2776,-0.0948,0,0,
CUST-109425,24,Male,Germany,598,9,109,2017-05-30,209485.75,2,1,0,46522.54,9,0.2448,-0.2242,0,0,
CUST-109426,61,Male,Spain,566,6,79,2017-05-30,0.0,1,1,0,66022.83,7,0.5976,0.0,1,1,2023-12-29
CUST-109427,31,Female,France,576,8,105,2017-09-29,0.0,2,1,1,78401.86,32,0.1685,0.0,0,0,
CUST-109428,43,Female,France,635,9,117,2016-09-28,0.0,1,1,1,62753.99,15,0.1721,0.0,1,0,
CUST-109429,36,Male,Germany,563,7,95,2018-07-30,73267.25,1,0,0,83208.68,5,0.6037,-0.1083,1,0,
CUST-109430,62,Female,Spain,811,3,46,2017-02-28,119288.27,1,1,0,81393.42,9,0.3879,-0.0636,0,1,2020-12-29
CUST-109431,50,Male,France,693,3,36,2023-06-30,153344.55,2,1,1,138213.45,30,0.0455,-0.0677,0,0,
CUST-109432,59,Female,France,574,2,26,2023-05-30,36091.48,1,1,0,74852.09,6,0.8463,-0.4665,1,1,2025-07-30
CUST-109433,44,Female,Germany,483,7,86,2019-04-30,155774.37,2,1,1,59954.29,23,0.087,-0.0268,0,0,
CUST-109434,33,Male,France,594,0,8,2025-10-29,208587.55,1,0,0,89745.28,8,0.1183,-0.0625,0,0,
CUST-109435,46,Female,Spain,618,3,38,2023-04-30,168891.56,1,1,1,27058.78,17,0.0692,0.0371,0,0,
CUST-109436,55,Female,Germany,589,5,64,2021-02-28,26750.2,2,0,1,33780.44,33,0.1647,0.1227,0,0,
CUST-109437,30,Female,France,850,3,36,2023-06-30,0.0,1,1,1,117899.15,15,0.3856,0.0,1,0,
CUST-109438,42,Female,Spain,491,4,58,2020-01-29,0.0,1,1,0,53495.26,11,0.2172,0.0,1,1,2024-11-28
CUST-109439,48,Male,Germany,655,4,48,2022-06-30,306630.32,1,0,1,46369.58,25,0.0,-0.0683,0,0,
CUST-109440,32,Male,France,638,1,15,2025-03-30,79422.59,1,1,1,91575.18,25,0.1906,-0.1904,1,0,
CUST-109441,34,Male,Germany,626,7,85,2019-05-30,212525.51,2,0,1,66995.89,22,0.2434,-0.1371,0,0,
CUST-109442,37,Male,Spain,464,3,42,2019-04-30,283859.39,1,0,0,121555.06,6,0.2875,-0.191,0,1,2022-10-29
CUST-109443,42,Male,Germany,646,1,19,2024-11-28,168464.33,2,1,1,57207.72,6,0.3938,-0.1423,1,0,
CUST-109444,38,Male,France,667,0,7,2025-11-28,56735.53,1,1,1,144777.74,26,0.1668,0.4421,0,0,
CUST-109445,39,Male,Germany,718,1,13,2019-10-30,129456.23,2,1,1,59365.48,12,0.5787,-0.2869,0,1,2020-11-28
CUST-109446,65,Female,France,696,2,29,2024-01-29,0.0,1,0,1,119899.26,14,0.2704,0.0,3,0,
CUST-109447,37,Male,Germany,767,4,50,2022-04-30,56208.48,1,1,0,75488.54,8,0.0765,0.1006,0,0,
CUST-109448,57,Male,Germany,454,9,114,2016-12-29,223093.92,2,1,0,45886.45,10,0.0,-0.0212,0,0,
CUST-109449,75,Female,France,627,2,30,2023-01-29,0.0,1,1,1,69117.09,20,0.3374,0.0,1,1,2025-07-30
CUST-109450,31,Female,France,850,7,91,2018-11-29,78740.24,1,1,0,76388.2,8,0.09,0.0361,1,0,
CUST-109451,50,Female,Spain,752,10,120,2016-06-29,0.0,2,1,1,68264.04,30,0.016,0.0,0,0,
CUST-109452,33,Male,France,510,7,95,2018-07-30,270346.71,2,1,1,46809.12,31,0.3018,0.0793,0,0,
CUST-109453,50,Female,Spain,658,8,107,2017-07-30,0.0,1,0,1,158316.49,34,0.1873,0.0,0,0,
CUST-109454,33,Male,Germany,549,9,108,2017-06-29,96121.41,2,1,0,82312.01,9,0.276,-0.2028,0,0,
CUST-109455,23,Female,Germany,609,8,104,2017-10-29,64344.52,2,0,0,21431.25,17,0.1778,-0.0123,0,0,
CUST-109456,47,Female,France,842,3,40,2023-02-28,72642.13,2,1,1,80552.9,29,0.1911,-0.0815,1,0,
CUST-109457,39,Male,France,742,1,20,2024-10-29,203916.26,2,0,0,95154.08,0,0.7855,-0.2535,2,0,
CUST-109458,56,Female,France,504,1,16,2020-04-29,151843.78,1,1,1,23931.11,26,0.0647,-0.0236,0,1,2021-08-29
CUST-109459,33,Female,Germany,577,0,8,2025-10-29,24800.51,2,0,0,48680.95,8,0.2078,-0.2871,1,0,
CUST-109460,37,Male,Spain,650,5,62,2019-09-29,0.0,1,1,0,119723.8,12,0.4018,0.0,0,1,2024-11-28
CUST-109461,33,Male,Spain,625,4,50,2022-04-30,0.0,1,0,0,78648.01,7,0.1333,0.0,0,0,
CUST-109462,28,Female,France,680,6,79,2019-11-29,0.0,1,0,0,78717.53,10,0.434,0.0,0,0,
CUST-109463,42,Male,France,576,3,39,2023-03-30,152927.74,1,0,1,37241.25,39,0.2822,0.0453,1,0,
CUST-109464,37,Male,France,615,2,25,2024-05-30,161095.09,1,1,1,44983.58,26,0.1008,0.0121,0,0,
CUST-109465,25,Male,Spain,575,2,26,2024-04-29,56115.58,1,1,1,34098.24,27,0.0,0.0752,0,0,
CUST-109466,56,Female,France,615,0,7,2025-11-28,0.0,2,0,1,25488.26,30,0.1089,0.0,1,0,
CUST-109467,39,Male,France,718,6,81,2019-09-29,175234.5,2,1,1,17628.22,27,0.1437,0.0225,0,0,
CUST-109468,32,Female,Germany,678,3,44,2022-10-29,79457.74,1,1,0,226440.18,10,0.0,-0.1059,2,0,
CUST-109469,47,Female,Germany,583,9,109,2017-05-30,61280.77,2,1,1,48224.25,31,0.0769,-0.0207,0,0,
CUST-109470,52,Male,France,759,9,110,2017-04-29,39513.67,2,1,0,84131.9,14,0.0502,0.0427,0,0,
CUST-109471,28,Male,Germany,752,2,35,2023-07-30,373782.47,1,1,0,133753.09,10,0.2237,0.0736,0,0,
CUST-109472,27,Female,France,650,6,77,2020-01-29,0.0,1,1,1,78176.15,19,0.0,0.0,0,0,
CUST-109473,34,Male,France,625,0,4,2026-02-28,42061.84,2,0,0,68267.36,13,0.1828,-0.0158,1,0,
CUST-109474,43,Male,France,819,3,45,2022-09-29,0.0,2,1,0,87685.36,10,0.1237,0.0,0,0,
CUST-109475,60,Male,France,804,1,22,2022-12-29,0.0,1,0,1,222014.86,9,0.5337,0.0,0,1,2024-10-29
CUST-109476,22,Female,Spain,505,1,21,2022-09-29,372868.71,1,1,0,74230.65,1,0.7977,-0.5257,1,1,2024-06-29
CUST-109477,66,Female,Germany,765,0,5,2024-11-28,33432.8,3,1,0,32273.31,4,0.661,-0.2413,2,1,2025-04-29
CUST-109478,40,Male,Spain,815,6,72,2020-06-29,102598.93,2,0,1,39334.1,25,0.351,-0.0346,0,0,
CUST-109479,55,Male,France,713,0,4,2026-02-28,184968.19,2,1,1,42720.78,23,0.1672,-0.1301,0,0,
CUST-109480,54,Male,Germany,605,9,115,2016-11-28,33787.13,2,1,1,64460.52,47,0.2387,-0.0395,0,0,
CUST-109481,37,Female,Spain,617,1,15,2017-08-29,46518.33,1,1,1,37045.88,10,0.5582,-0.2652,0,1,2018-11-29
CUST-109482,34,Male,France,814,3,36,2023-06-30,97182.37,2,1,0,51780.17,7,0.3466,-0.163,0,0,
CUST-109483,44,Female,Spain,730,0,6,2025-12-29,0.0,1,1,0,65542.89,10,0.2605,0.0,1,0,
CUST-109484,40,Female,Germany,703,4,51,2022-03-30,123654.28,2,1,0,123457.96,11,0.1037,-0.0174,0,0,
CUST-109485,32,Male,Germany,850,3,42,2022-12-29,74005.13,1,0,1,43798.76,36,0.0,0.2913,0,0,
CUST-109486,37,Female,France,553,10,120,2016-06-29,0.0,2,0,1,99240.57,31,0.0257,0.0,0,0,
CUST-109487,35,Female,Germany,641,9,117,2016-09-28,152262.69,1,1,0,81818.71,12,0.3248,-0.0781,0,0,
CUST-109488,38,Female,Germany,668,2,27,2020-12-29,43866.17,1,1,1,104747.74,13,0.4119,-0.2485,1,1,2023-03-30
CUST-109489,52,Male,Spain,630,6,78,2019-04-30,0.0,2,1,0,19284.79,1,0.7917,0.0,2,1,2025-10-29
CUST-109490,35,Female,Spain,473,5,60,2021-06-29,0.0,2,1,1,26740.5,40,0.3042,0.0,0,0,
CUST-109491,41,Male,France,746,0,10,2024-05-30,0.0,2,1,0,30872.3,9,0.5179,0.0,0,1,2025-03-30
CUST-109492,37,Female,Spain,578,6,80,2019-10-30,0.0,1,1,1,150376.16,20,0.1695,0.0,0,0,
CUST-109493,37,Male,Spain,576,5,62,2021-04-29,0.0,1,1,1,46634.51,29,0.2419,0.0,0,0,
CUST-109494,36,Male,Germany,616,7,92,2018-10-29,29757.88,1,0,1,37556.75,23,0.195,0.0568,0,0,
CUST-109495,44,Female,France,628,0,3,2024-05-30,0.0,1,1,1,67053.99,11,0.3797,0.0,0,1,2024-08-29
CUST-109496,22,Male,France,638,3,46,2022-08-29,0.0,2,1,1,222530.16,19,0.4546,0.0,2,0,
CUST-109497,44,Male,France,743,0,8,2025-10-29,346794.6,2,0,0,49216.37,12,0.1728,-0.1221,0,0,
CUST-109498,40,Female,France,762,7,91,2018-01-28,0.0,2,1,0,49665.96,8,0.0885,0.0,1,1,2025-08-29
CUST-109499,40,Male,Spain,625,4,50,2022-04-30,296734.81,2,0,0,121305.57,14,0.0,0.0986,1,0,
CUST-109500,46,Female,France,593,2,25,2024-01-29,0.0,1,1,0,81771.24,12,0.4344,0.0,0,1,2026-02-28
CUST-109501,25,Female,Germany,638,2,24,2016-11-28,24549.69,1,1,0,71440.5,4,0.1635,-0.1626,0,1,2018-11-29
CUST-109502,51,Male,Germany,564,0,10,2025-08-29,90526.19,2,1,1,55250.53,20,0.1511,-0.1024,0,0,
CUST-109503,35,Female,Germany,647,3,42,2021-09-29,28335.4,1,1,0,83966.35,5,0.7265,-0.5144,1,1,2025-03-30
CUST-109504,35,Female,France,559,5,66,2020-12-29,0.0,2,0,1,16234.83,36,0.0025,0.0,0,0,
CUST-109505,30,Female,Germany,850,5,60,2021-06-29,60427.29,1,1,0,83051.82,3,0.697,-0.2784,0,0,
CUST-109506,31,Male,Germany,662,6,72,2020-06-29,16844.31,1,1,0,35837.94,8,0.1952,0.1178,0,0,
CUST-109507,25,Female,Germany,598,6,77,2020-01-29,49558.12,1,0,0,159424.62,5,0.2478,0.0392,1,0,
CUST-109508,39,Female,France,718,3,38,2023-04-30,72360.66,1,1,1,126976.43,25,0.1043,0.0299,0,0,
CUST-109509,33,Male,Germany,532,7,95,2018-07-30,72718.09,2,1,1,108753.0,17,0.5884,-0.0759,2,0,
CUST-109510,49,Female,France,582,0,3,2023-07-30,28253.07,3,1,0,212595.92,5,0.5004,-0.235,0,1,2023-10-30
CUST-109511,42,Male,Germany,691,2,28,2021-02-28,59352.7,1,1,0,308122.76,2,0.8006,-0.5436,2,1,2023-06-30
CUST-109512,40,Male,France,663,4,57,2021-09-29,101378.36,2,1,0,71208.64,7,0.275,-0.0834,0,0,
CUST-109513,34,Male,France,751,2,30,2023-12-29,0.0,1,0,1,72988.17,30,0.2162,0.0,1,0,
CUST-109514,36,Female,Spain,388,4,59,2021-07-30,651697.75,1,0,1,106106.75,19,0.2919,0.0852,0,0,
CUST-109515,59,Male,France,729,9,114,2016-12-29,213765.33,2,1,1,100300.69,29,0.0566,-0.0521,0,0,
CUST-109516,34,Male,Spain,598,7,95,2018-07-30,0.0,1,1,1,19244.5,42,0.1392,0.0,0,0,
CUST-109517,22,Male,Spain,538,1,16,2025-02-28,0.0,1,0,1,61186.07,27,0.2987,0.0,1,0,
CUST-109518,36,Male,France,485,6,77,2020-01-29,118054.8,1,1,1,43343.87,22,0.0216,0.0571,0,0,
CUST-109519,29,Female,France,597,2,33,2023-09-29,242552.6,1,0,0,89188.91,8,0.1296,0.0717,0,0,
CUST-109520,35,Male,France,803,8,101,2018-01-28,0.0,2,1,1,91072.54,25,0.1722,0.0,0,0,
CUST-109521,38,Male,Spain,743,6,83,2019-07-30,22029.03,1,1,1,71677.68,28,0.0,-0.0511,0,0,
CUST-109522,30,Female,Germany,807,6,83,2019-07-30,194092.54,1,1,1,48361.03,21,0.0056,0.0682,0,0,
CUST-109523,25,Male,France,639,8,106,2017-08-29,31348.29,2,1,0,52700.46,15,0.0005,0.0969,0,0,
CUST-109524,36,Male,Germany,660,1,17,2024-02-28,70147.42,1,1,1,195665.93,10,0.4898,-0.4195,0,1,2025-07-30
CUST-109525,56,Female,France,498,2,35,2018-09-29,0.0,1,1,0,18841.59,6,0.2057,0.0,0,1,2021-08-29
CUST-109526,38,Female,Germany,498,2,32,2018-02-28,45143.06,1,1,1,379158.61,17,0.8101,-0.3709,1,1,2020-10-29
CUST-109527,41,Male,Germany,636,9,119,2016-07-29,59928.3,2,1,1,199194.25,18,0.0928,-0.0222,0,0,
CUST-109528,34,Female,France,518,2,28,2024-02-28,408886.55,2,1,0,65087.95,13,0.4002,-0.0548,1,0,
CUST-109529,43,Female,Spain,568,5,69,2020-09-28,319823.94,2,1,1,101676.96,25,0.0,0.0105,0,0,
CUST-109530,46,Female,France,654,5,69,2020-09-28,0.0,1,1,0,67018.55,11,0.2476,0.0,0,0,
CUST-109531,53,Male,Germany,772,3,47,2022-07-30,19992.93,1,1,1,65006.55,22,0.469,-0.2818,1,0,
CUST-109532,58,Female,Germany,651,2,29,2024-01-29,23599.77,2,1,0,55542.98,4,0.411,-0.2936,0,0,
CUST-109533,42,Female,Spain,519,5,60,2021-06-29,97501.51,2,1,1,49327.06,19,0.4243,-0.2233,1,0,
CUST-109534,53,Female,France,475,3,46,2021-04-29,0.0,1,0,1,105398.47,29,0.4318,0.0,0,1,2025-02-28
CUST-109535,49,Female,Spain,662,2,33,2023-09-29,108293.53,2,1,1,44286.51,25,0.099,-0.0891,0,0,
CUST-109536,43,Female,France,590,1,17,2022-07-30,38445.84,1,1,0,73793.94,3,0.7574,-0.3254,3,1,2023-12-29
CUST-109537,37,Female,Spain,661,5,69,2019-11-29,83905.52,1,1,1,57142.63,22,0.6255,-0.3281,1,1,2025-08-29
CUST-109538,24,Male,France,630,5,63,2021-03-30,0.0,1,1,0,209311.77,13,0.4301,0.0,1,0,
CUST-109539,69,Male,Germany,643,3,42,2017-02-28,77215.28,2,1,1,129735.97,12,0.4695,-0.0002,0,1,2020-08-29
CUST-109540,39,Female,France,765,5,60,2021-06-29,0.0,2,0,0,47508.85,10,0.3314,0.0,0,0,
CUST-109541,34,Male,Spain,751,7,85,2019-05-30,94063.25,1,1,0,146181.49,10,0.0678,-0.0023,0,0,
CUST-109542,34,Female,Spain,685,4,51,2022-03-30,128740.98,1,1,1,88693.84,19,0.1847,-0.0948,0,0,
CUST-109543,46,Female,France,564,4,48,2022-06-30,65903.84,1,0,0,131846.01,8,0.2709,-0.0821,0,0,
CUST-109544,28,Female,Germany,597,0,9,2018-07-30,112349.96,1,1,0,120580.06,6,0.664,-0.3085,2,1,2019-04-30
CUST-109545,56,Male,Germany,723,0,10,2024-11-28,76076.33,1,0,0,32421.6,10,0.1975,0.0169,0,1,2025-09-29
CUST-109546,41,Female,France,775,7,95,2018-07-30,0.0,1,1,1,97851.58,25,0.0862,0.0,1,0,
CUST-109547,32,Female,Germany,528,7,95,2018-07-30,67594.45,2,0,0,69229.98,7,0.2759,0.0052,0,0,
CUST-109548,44,Male,Germany,797,4,51,2022-03-30,196721.43,2,0,1,208395.35,33,0.1475,-0.1076,0,0,
CUST-109549,47,Female,Germany,575,5,68,2020-10-29,64304.3,2,0,1,42900.51,29,0.0831,0.1244,0,0,
CUST-109550,32,Male,France,714,8,103,2017-11-28,443478.87,2,1,1,106245.27,24,0.2162,-0.0645,1,0,
CUST-109551,44,Female,Spain,850,9,110,2017-04-29,19696.18,2,1,1,36695.51,20,0.141,-0.0893,1,0,
CUST-109552,35,Male,France,497,3,44,2022-10-29,123446.55,2,1,0,236508.84,12,0.4122,-0.1203,1,0,
CUST-109553,55,Female,Germany,698,9,118,2016-08-29,141507.42,2,1,1,98455.99,15,0.1472,-0.1048,0,0,
CUST-109554,35,Male,France,620,5,70,2020-08-29,36267.13,1,1,1,53742.99,23,0.1161,0.0812,1,0,
CUST-109555,36,Male,France,693,1,18,2024-12-29,84466.21,1,1,1,158882.49,28,0.0,-0.0383,0,0,
CUST-109556,22,Male,France,591,1,14,2025-04-29,14955.08,1,1,0,189860.29,13,0.0932,-0.1404,0,0,
CUST-109557,51,Male,France,412,1,18,2024-12-29,0.0,2,1,0,89826.13,14,0.2273,0.0,1,0,
CUST-109558,35,Female,Germany,578,6,74,2018-01-28,61662.33,1,0,1,64338.04,6,0.6839,-0.2637,3,1,2024-03-30
CUST-109559,35,Female,Germany,683,6,81,2019-09-29,116832.67,2,1,1,37800.52,25,0.1093,-0.1058,0,0,
CUST-109560,54,Male,Germany,780,1,21,2024-09-28,139590.06,2,0,1,41151.35,42,0.1549,0.1358,1,0,
CUST-109561,42,Male,Germany,689,2,31,2023-11-29,74779.1,1,1,1,35272.99,14,0.1112,-0.1355,1,0,
CUST-109562,31,Female,France,791,6,76,2020-02-28,34813.55,1,1,1,133907.46,26,0.046,0.13,0,0,
CUST-109563,41,Male,France,603,3,44,2022-07-30,0.0,3,1,0,137610.63,0,0.6658,0.0,1,1,2026-03-30
CUST-109564,43,Male,Germany,595,4,49,2016-12-29,35448.19,1,1,0,38988.98,5,0.7217,-0.5724,0,1,2021-01-28
CUST-109565,36,Male,Germany,683,3,46,2022-08-29,112118.64,1,0,1,140616.86,22,0.0384,-0.1007,0,0,
CUST-109566,63,Female,Germany,614,3,36,2023-01-29,110090.48,2,1,1,60142.23,17,0.5681,-0.2933,1,1,2026-01-28
CUST-109567,36,Female,France,758,1,13,2025-05-30,14520.98,3,1,0,51520.96,8,0.3272,0.0028,0,0,
CUST-109568,38,Male,Spain,515,2,26,2024-04-29,376691.55,1,0,1,92066.78,17,0.3192,-0.0372,0,0,
CUST-109569,38,Female,France,733,4,53,2021-09-29,0.0,1,1,0,68110.28,9,0.0892,0.0,1,1,2026-02-28
CUST-109570,46,Female,Germany,766,5,66,2020-12-29,59106.38,1,0,0,26157.02,15,0.3606,0.1306,0,0,
CUST-109571,30,Female,France,685,6,79,2019-11-29,48117.63,2,1,1,58170.11,23,0.2723,-0.4685,1,0,
CUST-109572,48,Female,Germany,738,8,103,2017-11-28,61755.06,2,1,1,33061.09,31,0.1427,0.211,0,0,
CUST-109573,72,Female,France,588,0,1,2023-07-30,0.0,3,1,1,27056.19,9,0.5701,0.0,2,1,2023-08-30
CUST-109574,27,Female,Germany,570,6,80,2017-07-30,166886.53,2,1,0,49943.36,8,0.4695,-0.0751,0,1,2024-03-30
CUST-109575,30,Female,France,684,0,5,2020-09-28,0.0,1,0,1,67330.61,14,0.5855,0.0,1,1,2021-02-28
CUST-109576,26,Male,Germany,581,2,28,2024-02-28,196873.91,2,0,1,33505.72,33,0.0141,-0.1467,0,0,
CUST-109577,23,Female,France,679,8,103,2017-11-28,163788.32,2,1,1,73519.97,13,0.1877,-0.3491,0,0,
CUST-109578,30,Female,Germany,679,9,117,2016-09-28,75056.23,1,1,1,74436.24,28,0.1713,-0.0583,0,0,
CUST-109579,31,Male,France,644,6,76,2020-02-28,211183.69,2,1,0,104660.12,11,0.0609,-0.0429,0,0,
CUST-109580,47,Male,France,677,5,71,2020-07-29,0.0,1,1,1,63748.48,29,0.0,0.0,0,0,
CUST-109581,53,Male,Germany,711,4,54,2021-12-29,224425.11,2,1,1,105865.01,27,0.0015,-0.3042,0,0,
CUST-109582,41,Male,France,640,6,78,2019-12-29,0.0,2,1,0,111066.75,10,0.1626,0.0,0,0,
CUST-109583,51,Male,France,604,4,55,2017-04-29,133261.96,1,1,1,30247.89,9,0.5257,-0.2104,1,1,2021-11-28
CUST-109584,46,Male,Spain,729,2,30,2023-12-29,0.0,2,1,1,187420.3,34,0.1335,0.0,0,0,
CUST-109585,32,Male,Spain,676,7,85,2019-05-30,18611.92,1,1,1,140816.79,28,0.1152,0.089,0,0,
CUST-109586,42,Female,Spain,693,3,40,2022-11-29,0.0,1,1,0,60652.54,8,0.4214,0.0,0,1,2026-03-30
CUST-109587,29,Male,France,706,9,117,2016-09-28,72931.44,1,1,0,41899.36,8,0.3286,-0.0624,0,0,
CUST-109588,38,Male,Germany,664,0,9,2025-04-29,64401.03,3,1,0,114389.25,8,0.0257,0.0415,0,1,2026-01-28
CUST-109589,40,Male,Spain,617,0,7,2025-11-28,28854.08,1,1,1,48773.27,42,0.1284,0.0849,0,0,
CUST-109590,45,Male,France,591,7,90,2018-12-29,0.0,2,1,0,39679.4,10,0.1556,0.0,0,0,
CUST-109591,60,Male,Germany,642,2,29,2024-01-29,75910.23,1,1,1,59022.19,30,0.0641,0.0298,0,0,
CUST-109592,28,Female,France,696,3,43,2022-11-29,0.0,1,1,0,138980.72,6,0.2318,0.0,0,0,
CUST-109593,38,Male,Spain,701,2,29,2024-01-29,50938.21,1,1,0,160841.66,13,0.2925,-0.0385,0,0,
CUST-109594,56,Male,Germany,664,0,9,2020-04-29,36897.36,1,0,0,200315.88,13,0.3481,0.322,0,1,2021-01-28
CUST-109595,32,Female,France,684,4,55,2021-11-28,68112.48,2,1,0,62696.99,10,0.3266,0.0254,0,0,
CUST-109596,30,Female,France,544,3,37,2018-09-29,0.0,1,1,0,65697.31,1,0.7467,0.0,0,1,2021-10-29
CUST-109597,46,Male,France,605,7,92,2018-10-29,128923.38,2,1,0,65917.43,9,0.3283,0.0617,0,1,2026-06-30
CUST-109598,44,Male,France,714,6,73,2020-05-30,0.0,2,0,0,50445.09,14,0.1965,0.0,0,0,
CUST-109599,26,Female,Germany,570,3,44,2022-10-29,98033.02,1,1,1,49559.73,16,0.5887,-0.2635,2,0,
CUST-109600,33,Male,Germany,664,1,20,2024-10-29,25418.07,1,0,0,56589.56,12,0.3561,-0.0612,0,0,
CUST-109601,29,Male,Germany,655,4,54,2017-04-29,62441.25,1,1,1,201970.92,9,0.5227,-0.445,1,1,2021-10-29
CUST-109602,29,Female,France,639,1,16,2025-02-28,122528.34,2,1,0,44868.2,6,0.0886,-0.1935,0,0,
CUST-109603,43,Female,Germany,715,9,119,2016-07-29,72993.54,2,0,1,81182.03,24,0.0,0.1721,1,0,
CUST-109604,43,Female,France,672,4,54,2021-12-29,16884.87,2,1,0,100325.99,11,0.2783,-0.0493,0,0,
CUST-109605,38,Male,France,535,1,18,2024-12-29,60077.73,1,0,1,230881.24,34,0.12,0.0247,0,0,
CUST-109606,28,Female,Spain,700,4,52,2022-02-28,306509.71,2,1,0,84893.47,5,0.4078,0.0211,0,0,
CUST-109607,29,Female,Germany,601,1,14,2025-04-29,200048.32,2,1,0,61766.85,14,0.2002,-0.053,1,0,
CUST-109608,42,Female,Germany,519,3,40,2023-02-28,619754.06,1,1,0,41939.46,9,0.1493,0.0901,1,0,
CUST-109609,27,Male,Spain,721,9,118,2016-08-29,92654.54,1,0,0,44037.39,14,0.2492,0.0745,0,0,
CUST-109610,25,Male,France,536,0,7,2025-11-28,49157.64,1,0,1,71547.71,13,0.3271,-0.2739,0,0,
CUST-109611,33,Male,Spain,616,7,94,2018-08-29,63573.79,2,1,0,60797.41,16,0.2302,-0.1958,0,0,
CUST-109612,38,Female,Germany,678,1,18,2024-08-29,99868.36,2,1,1,69709.53,16,0.3525,-0.0468,0,1,2026-02-28
CUST-109613,25,Male,Germany,643,9,109,2017-05-30,68956.73,2,1,0,99083.75,5,0.2534,-0.0152,0,0,
CUST-109614,42,Male,France,590,5,65,2021-01-28,154159.57,2,1,0,50251.56,12,0.3834,0.0642,0,0,
CUST-109615,37,Male,France,555,1,13,2025-05-30,0.0,2,1,1,88519.61,20,0.33,0.0,0,0,
CUST-109616,28,Male,France,577,9,114,2016-12-29,27771.8,1,0,0,127535.4,15,0.2133,0.1044,0,0,
CUST-109617,39,Female,France,547,3,43,2022-11-29,176069.99,1,1,0,26369.16,14,0.445,0.0921,0,0,
CUST-109618,24,Male,France,638,2,28,2024-02-28,100286.75,1,1,0,79332.54,3,0.5338,0.0277,1,0,
CUST-109619,34,Male,Germany,598,6,78,2019-12-29,311537.7,2,1,1,158626.63,22,0.2201,-0.1086,0,0,
CUST-109620,34,Female,Germany,518,0,3,2026-01-28,197590.87,1,0,1,90784.07,16,0.0098,-0.1035,0,1,2026-04-30
CUST-109621,38,Female,France,622,3,46,2017-02-28,0.0,2,1,0,51033.77,4,0.8516,0.0,0,1,2020-12-29
CUST-109622,39,Female,Germany,588,1,20,2024-10-29,82641.46,1,1,1,101004.15,28,0.2061,-0.2289,0,0,
CUST-109623,47,Female,Spain,676,1,15,2025-03-30,30805.23,2,1,0,53980.57,8,0.3989,-0.1227,0,0,
CUST-109624,37,Male,Germany,685,5,63,2020-06-29,252133.81,2,0,0,117100.85,7,0.68,-0.2954,1,1,2025-09-29
CUST-109625,26,Male,Spain,779,9,113,2017-01-28,160617.12,1,0,1,93305.7,27,0.1673,-0.0109,0,0,
CUST-109626,30,Male,Germany,712,1,22,2024-08-29,342118.34,2,1,1,205692.13,20,0.0368,-0.1902,0,0,
CUST-109627,80,Female,France,546,5,60,2021-06-29,0.0,2,1,0,68031.78,3,0.668,0.0,0,0,
CUST-109628,25,Female,France,441,0,2,2024-12-29,116708.8,1,1,0,91985.89,6,0.5559,-0.3399,1,1,2025-02-28
CUST-109629,66,Male,Spain,504,6,73,2020-05-30,0.0,1,1,1,59752.44,23,0.0043,0.0,0,0,
CUST-109630,63,Female,Germany,602,8,102,2017-12-29,52929.59,2,1,1,76422.17,24,0.2184,-0.0215,0,0,
CUST-109631,26,Female,Spain,496,5,63,2021-03-30,23693.94,2,1,1,45090.86,17,0.1826,0.0141,0,0,
CUST-109632,49,Female,Spain,591,5,68,2020-08-29,67900.74,1,1,1,149165.7,11,0.5697,-0.3864,0,1,2026-04-30
CUST-109633,42,Male,France,653,4,58,2021-08-29,0.0,1,1,1,82066.94,27,0.087,0.0,1,0,
CUST-109634,52,Male,France,596,9,113,2017-01-28,241921.66,1,1,1,73362.3,35,0.0,-0.1169,0,0,
CUST-109635,30,Female,Germany,677,3,40,2023-02-28,117805.54,1,0,1,118825.06,32,0.2125,0.0679,2,0,
CUST-109636,42,Female,France,592,7,91,2018-11-29,59712.34,2,0,1,167355.38,32,0.3213,0.0251,0,0,
CUST-109637,32,Female,Germany,577,8,96,2018-06-30,230333.88,2,0,0,251401.5,6,0.0969,-0.1684,1,0,
CUST-109638,28,Female,Spain,814,3,38,2023-04-30,182001.08,2,0,0,45271.6,9,0.3709,-0.0985,0,0,
CUST-109639,38,Male,Germany,647,1,19,2023-05-30,101320.13,2,1,1,105741.21,7,0.6844,-0.0182,1,1,2024-12-29
CUST-109640,46,Female,France,661,5,70,2020-08-29,88909.66,1,0,1,121924.16,27,0.2998,0.0842,0,0,
CUST-109641,45,Male,Germany,731,1,21,2019-12-29,41724.85,1,1,1,68690.25,28,0.2393,-0.0289,1,1,2021-09-29
CUST-109642,50,Male,France,734,3,40,2023-02-28,106174.77,1,1,1,50702.56,19,0.2528,-0.0162,0,0,
CUST-109643,31,Male,Spain,615,1,12,2025-06-29,79322.7,2,0,0,137476.97,3,0.208,0.052,0,0,
CUST-109644,62,Male,France,750,0,3,2026-03-30,0.0,2,1,0,43641.9,12,0.2112,0.0,1,0,
CUST-109645,38,Male,Spain,607,3,41,2023-01-29,129399.75,2,1,0,90347.1,9,0.0363,-0.2012,1,0,
CUST-109646,28,Female,France,748,4,53,2022-01-28,69930.32,1,1,1,49140.32,18,0.4215,-0.1777,0,0,
CUST-109647,49,Female,France,532,2,30,2023-12-29,255280.91,2,0,1,73998.56,25,0.01,-0.0158,1,0,
CUST-109648,37,Male,Germany,621,7,86,2016-09-28,57198.2,2,1,0,30753.42,6,0.8707,-0.3291,1,1,2023-11-29
CUST-109649,30,Male,France,671,3,43,2022-11-29,0.0,1,1,0,40801.7,15,0.015,0.0,1,0,
CUST-109650,32,Male,France,685,8,96,2018-06-30,98965.19,2,0,0,26628.06,9,0.2173,0.0398,0,0,
CUST-109651,37,Male,Spain,569,7,93,2018-09-29,151084.61,1,0,1,312627.14,33,0.0683,-0.1398,1,0,
CUST-109652,24,Male,Spain,492,0,1,2026-05-30,127330.07,2,1,1,32669.97,21,0.0457,0.0493,0,0,
CUST-109653,58,Female,France,694,0,1,2026-05-30,0.0,2,1,1,117059.72,28,0.1512,0.0,1,0,
CUST-109654,44,Female,Germany,630,3,43,2022-11-29,146341.46,2,0,1,47491.35,40,0.3162,0.0035,1,0,
CUST-109655,38,Male,Spain,612,3,39,2023-03-30,0.0,2,0,0,19469.21,8,0.2945,0.0,1,0,
CUST-109656,35,Female,Spain,809,2,29,2019-07-30,0.0,3,1,0,83268.32,18,0.1413,0.0,1,1,2021-12-29
CUST-109657,51,Female,France,622,2,28,2024-02-28,0.0,2,0,0,297610.17,17,0.0,0.0,0,0,
CUST-109658,59,Male,France,600,2,29,2019-08-30,45271.92,1,0,1,46893.25,13,0.416,-0.0874,1,1,2022-01-28
CUST-109659,27,Male,Spain,477,1,22,2024-08-29,78883.62,2,1,1,198541.56,18,0.0,0.0062,0,0,
CUST-109660,38,Male,France,546,2,30,2023-12-29,0.0,1,1,0,212718.92,6,0.3871,0.0,0,0,
CUST-109661,41,Male,France,734,7,84,2019-06-30,113848.88,1,0,1,39870.19,35,0.1307,-0.1532,0,0,
CUST-109662,51,Female,Spain,580,4,49,2022-05-30,82900.1,2,1,1,27846.67,31,0.445,0.036,0,0,
CUST-109663,46,Male,France,710,9,113,2017-01-28,0.0,1,0,1,46770.73,20,0.1988,0.0,0,0,
CUST-109664,42,Male,Spain,526,7,84,2019-01-29,61568.01,1,1,1,131126.22,11,0.4961,-0.5455,1,1,2026-01-28
CUST-109665,37,Male,France,567,2,26,2024-04-29,0.0,2,1,1,23745.04,23,0.0093,0.0,0,0,
CUST-109666,27,Male,Germany,564,4,58,2016-11-28,98475.68,1,0,1,94516.14,17,0.3599,0.0216,0,1,2021-09-29
CUST-109667,39,Female,Spain,696,9,115,2016-11-28,0.0,2,1,0,75951.29,11,0.2812,0.0,0,0,
CUST-109668,35,Male,Spain,630,3,39,2023-03-30,50952.6,1,1,0,50139.93,13,0.0525,-0.1305,0,0,
CUST-109669,27,Female,Spain,543,8,107,2017-07-30,146018.01,1,1,1,54888.66,31,0.176,0.2639,0,0,
CUST-109670,59,Male,Spain,719,1,12,2025-06-29,174089.8,2,0,1,65148.81,32,0.1553,-0.0908,0,0,
CUST-109671,38,Male,France,697,9,110,2017-04-29,161779.62,2,1,1,75621.71,14,0.1918,-0.2569,0,0,
CUST-109672,45,Male,Spain,683,2,29,2020-02-28,150739.14,2,1,0,177588.69,7,0.1382,-0.0128,0,1,2022-07-30
CUST-109673,35,Female,Spain,678,5,71,2020-07-29,208528.28,1,1,0,57294.92,13,0.1806,0.2493,0,0,
CUST-109674,29,Male,Germany,568,2,25,2022-03-30,68946.63,1,1,1,68287.85,19,0.4309,-0.3429,3,1,2024-04-29
CUST-109675,46,Female,France,771,5,71,2017-03-30,50435.92,1,1,0,101203.29,1,0.6591,-0.38,1,1,2023-02-28
CUST-109676,61,Male,France,640,5,69,2020-09-28,0.0,2,0,0,41765.89,12,0.2761,0.0,0,0,
CUST-109677,51,Female,Germany,676,4,54,2021-12-29,98754.69,2,0,1,174172.49,15,0.4027,-0.1688,0,0,
CUST-109678,43,Female,Germany,687,1,20,2023-06-30,74062.33,1,0,0,45526.33,2,0.8281,-0.5443,0,1,2025-02-28
CUST-109679,35,Female,France,559,2,25,2024-05-30,94179.71,1,1,0,93294.29,11,0.2833,-0.1299,0,0,
CUST-109680,40,Male,France,832,6,72,2020-06-29,444734.96,2,1,1,62242.84,19,0.1675,0.1195,0,0,
CUST-109681,46,Male,Germany,647,1,22,2024-08-29,119129.92,2,0,0,72182.77,12,0.1407,0.0218,0,0,
CUST-109682,34,Female,France,653,1,19,2024-11-28,163647.62,2,1,1,216249.24,32,0.0922,0.1136,0,0,
CUST-109683,46,Female,Spain,610,7,85,2019-05-30,0.0,2,1,0,83139.63,7,0.2213,0.0,0,0,
CUST-109684,36,Male,France,760,0,8,2025-10-29,232298.45,2,1,1,48985.12,31,0.2725,-0.1026,0,0,
CUST-109685,23,Male,France,764,4,55,2021-11-28,0.0,1,0,1,43176.48,25,0.2135,0.0,0,0,
CUST-109686,29,Male,France,665,8,104,2017-10-29,101283.56,2,0,0,144248.44,12,0.4288,-0.2018,1,0,
CUST-109687,36,Male,Spain,509,1,16,2019-11-29,0.0,1,0,1,92068.51,26,0.0986,0.0,1,1,2021-03-30
CUST-109688,39,Male,Spain,634,0,4,2026-02-28,0.0,1,0,0,54462.13,5,0.5595,0.0,0,0,
CUST-109689,22,Male,France,644,0,5,2026-01-28,0.0,1,1,0,131944.11,11,0.2988,0.0,0,0,
CUST-109690,49,Male,France,607,4,48,2022-06-30,0.0,2,0,0,45789.35,15,0.0,0.0,0,0,
CUST-109691,41,Female,France,556,5,71,2020-07-29,1480371.49,2,1,1,44421.59,24,0.3246,-0.0234,0,0,
CUST-109692,25,Female,France,501,4,50,2022-04-30,0.0,1,1,1,66432.83,25,0.3275,0.0,2,0,
CUST-109693,46,Female,Germany,791,1,14,2021-06-29,100412.09,1,1,0,60972.79,7,0.5306,-0.206,0,1,2022-08-29
CUST-109694,35,Male,France,721,4,57,2021-09-29,121873.12,2,1,1,27349.1,20,0.3154,-0.1242,0,0,
CUST-109695,27,Female,Germany,653,6,78,2019-12-29,296428.65,2,1,0,54188.42,14,0.368,-0.0321,0,0,
CUST-109696,46,Male,France,588,2,27,2017-01-28,0.0,1,1,0,97925.94,6,0.6152,0.0,1,1,2019-04-30
CUST-109697,48,Female,France,685,3,38,2019-03-30,19411.1,2,1,0,58232.96,4,0.4448,-0.3996,1,1,2022-05-30
CUST-109698,39,Male,France,670,3,47,2022-07-30,246434.84,1,1,0,70461.26,9,0.5493,0.0555,0,0,
CUST-109699,42,Male,France,611,5,60,2016-07-29,93000.35,2,1,0,40961.25,3,0.6516,-0.2959,0,1,2021-07-30
CUST-109700,39,Female,France,687,6,77,2020-01-29,0.0,2,0,0,84027.39,5,0.3541,0.0,0,0,
CUST-109701,45,Male,France,699,8,104,2017-10-29,86627.41,2,1,0,94224.97,8,0.3011,0.0174,0,0,
CUST-109702,36,Female,France,716,4,57,2021-09-29,0.0,1,1,1,155795.66,23,0.5441,0.0,0,0,
CUST-109703,23,Female,Spain,565,3,46,2022-08-29,168230.6,1,1,0,60252.69,18,0.2695,0.1544,1,0,
CUST-109704,30,Male,France,691,0,11,2019-11-29,0.0,1,0,0,62373.53,5,0.3185,0.0,0,1,2020-10-29
CUST-109705,31,Male,France,763,3,47,2022-05-30,106524.01,1,0,0,101995.09,2,0.659,-0.1976,0,1,2026-04-30
CUST-109706,35,Female,France,678,9,118,2016-08-29,44979.93,2,1,0,66133.77,15,0.3077,-0.1579,0,0,
CUST-109707,36,Female,Spain,850,0,10,2025-08-29,0.0,1,1,0,101776.02,10,0.0,0.0,0,0,
CUST-109708,57,Female,Spain,633,5,68,2017-04-29,255272.08,1,1,1,107579.07,9,0.7136,-0.4093,0,1,2022-12-29
CUST-109709,38,Male,Spain,485,6,78,2019-12-29,200398.0,2,0,0,39971.27,11,0.1574,-0.2518,0,0,
CUST-109710,42,Female,Germany,569,4,51,2017-03-30,319904.15,1,1,1,38942.09,25,0.2936,-0.0408,1,1,2021-06-29
CUST-109711,36,Male,Spain,586,8,104,2017-10-29,100396.25,1,0,1,52295.21,29,0.1658,0.0526,0,0,
CUST-109712,39,Male,France,704,8,97,2018-05-30,0.0,1,0,1,27908.84,13,0.1959,0.0,0,0,
CUST-109713,41,Female,Spain,730,3,39,2023-03-30,176032.68,2,0,0,199830.84,14,0.1563,-0.3063,0,0,
CUST-109714,51,Male,Spain,663,0,8,2020-01-29,100104.64,4,1,0,35708.39,2,0.7487,-0.497,0,1,2020-09-28
CUST-109715,50,Male,France,678,3,38,2017-04-29,84363.26,1,1,0,135823.8,6,0.5436,-0.2586,1,1,2020-06-29
CUST-109716,27,Male,France,834,5,69,2020-03-30,0.0,1,1,0,40849.5,3,0.4908,0.0,1,1,2025-12-29
CUST-109717,31,Female,France,570,1,22,2024-08-29,104654.55,2,1,0,130233.05,4,0.2285,-0.0369,0,0,
CUST-109718,35,Female,France,643,5,71,2020-07-29,31681.17,2,1,1,138075.51,18,0.0,-0.1444,0,0,
CUST-109719,49,Female,Spain,607,7,89,2019-01-29,150200.22,1,1,0,27733.94,13,0.1592,0.1294,0,0,
CUST-109720,40,Male,France,537,2,26,2024-04-29,231982.85,1,1,0,67721.96,7,0.3256,-0.0518,0,0,
CUST-109721,36,Male,Germany,456,1,22,2021-01-28,57305.37,1,0,0,184351.62,4,0.6109,-0.4597,1,1,2022-11-29
CUST-109722,28,Female,Spain,774,8,97,2018-05-30,59946.38,1,1,1,76156.05,22,0.2025,-0.0596,1,0,
CUST-109723,46,Male,France,577,5,61,2021-05-30,0.0,1,1,1,118318.8,32,0.0819,0.0,1,0,
CUST-109724,51,Male,France,626,7,84,2019-06-30,0.0,1,1,1,83118.13,29,0.2685,0.0,0,0,
CUST-109725,30,Male,Germany,691,1,13,2025-05-30,35850.35,1,1,1,117416.3,21,0.07,0.0804,1,0,
CUST-109726,25,Female,Spain,536,6,81,2019-09-29,62665.56,1,1,0,144432.29,11,0.0,-0.0842,0,0,
CUST-109727,37,Female,France,570,3,39,2023-03-30,0.0,1,1,0,65065.34,11,0.2707,0.0,0,0,
CUST-109728,37,Male,France,648,7,84,2019-06-30,0.0,1,1,0,72184.75,11,0.3398,0.0,0,0,
CUST-109729,56,Male,Germany,608,1,12,2023-04-30,76124.69,1,1,0,60626.3,4,0.7535,-0.5791,1,1,2024-04-29
CUST-109730,32,Female,Spain,528,7,86,2019-04-30,0.0,2,1,0,36445.69,12,0.3705,0.0,0,0,
CUST-109731,31,Female,France,708,7,90,2018-12-29,121003.08,1,1,0,105963.08,6,0.2813,0.0555,0,0,
CUST-109732,31,Male,France,605,1,20,2024-10-29,142992.06,2,0,1,75281.03,26,0.0883,-0.1023,0,0,
CUST-109733,28,Male,Spain,663,8,105,2017-09-29,137195.66,2,1,0,143967.68,12,0.0762,0.1569,2,0,
CUST-109734,36,Female,France,655,9,108,2017-06-29,104685.19,2,1,1,209982.63,22,0.1411,-0.039,0,0,
CUST-109735,47,Female,France,743,2,30,2023-12-29,0.0,2,1,0,53586.51,15,0.1381,0.0,1,0,
CUST-109736,48,Female,Germany,684,2,24,2024-06-29,95603.14,1,1,1,57401.63,25,0.0,-0.0247,1,0,
CUST-109737,29,Female,France,567,8,97,2018-05-30,0.0,2,1,1,51229.28,25,0.1487,0.0,0,0,
CUST-109738,50,Female,France,762,6,76,2020-02-28,174080.31,2,0,0,159871.17,12,0.174,0.06,0,0,
CUST-109739,38,Male,Germany,605,2,30,2021-11-28,53060.03,1,1,0,33820.62,11,0.3181,0.0205,0,1,2024-05-30
CUST-109740,24,Male,Germany,572,5,60,2021-06-29,199847.43,1,0,1,86982.68,24,0.2952,-0.1521,2,0,
CUST-109741,45,Male,Germany,558,1,21,2021-12-29,97185.99,1,1,0,31814.1,7,0.1921,-0.1493,0,1,2023-09-29
CUST-109742,51,Female,France,425,2,26,2024-04-29,132039.03,2,1,1,161843.53,18,0.1796,-0.0452,0,0,
CUST-109743,33,Male,Germany,592,5,68,2020-10-29,150256.01,2,1,1,107511.2,25,0.0974,-0.0868,1,0,
CUST-109744,38,Male,Germany,688,8,105,2017-04-29,268989.04,1,1,1,50878.57,33,0.0,0.1241,1,1,2026-01-28
CUST-109745,36,Male,Spain,519,3,46,2022-08-29,0.0,2,0,0,193888.67,17,0.2286,0.0,1,0,
CUST-109746,39,Female,Spain,814,1,23,2022-06-30,67699.03,2,1,0,46420.01,5,0.0335,0.1384,0,1,2024-05-30
CUST-109747,35,Female,Germany,435,1,21,2024-09-28,160906.9,2,0,0,77011.85,11,0.2192,0.0404,0,0,
CUST-109748,40,Male,Spain,575,8,99,2018-03-30,131535.26,1,1,1,21436.54,13,0.1557,-0.1945,0,0,
CUST-109749,23,Male,Spain,507,1,19,2024-11-28,0.0,1,1,0,101647.84,6,0.4657,0.0,1,0,
CUST-109750,32,Female,France,738,4,49,2022-05-30,0.0,2,0,0,59230.9,11,0.23,0.0,1,0,
CUST-109751,36,Male,Spain,713,6,73,2020-05-30,316233.89,2,1,1,63662.9,30,0.1426,-0.0136,0,0,
CUST-109752,44,Female,Spain,624,9,112,2017-02-28,0.0,2,1,0,42366.26,11,0.1703,0.0,0,0,
CUST-109753,23,Male,France,514,5,71,2020-07-29,0.0,2,0,1,39267.15,33,0.2944,0.0,0,0,
CUST-109754,51,Female,France,535,0,4,2026-02-28,0.0,1,1,0,53295.01,12,0.3465,0.0,0,0,
CUST-109755,38,Male,Germany,674,2,31,2023-11-29,49127.77,2,1,0,146259.85,8,0.0,0.0873,1,0,
CUST-109756,49,Female,France,585,4,53,2017-06-29,69275.71,1,0,0,90165.52,3,0.4643,-0.3957,2,1,2021-11-28
CUST-109757,41,Male,Germany,596,1,20,2024-10-29,88724.32,3,1,1,44650.96,10,0.2854,-0.1404,0,0,
CUST-109758,55,Male,Germany,643,4,53,2017-01-28,142647.5,1,1,1,21188.99,9,0.567,-0.5375,1,1,2021-06-29
CUST-109759,42,Female,France,610,1,14,2025-04-29,70555.1,1,0,1,211750.25,31,0.1042,-0.141,0,0,
CUST-109760,26,Female,France,482,5,68,2017-12-29,0.0,1,0,1,18474.1,23,0.107,0.0,0,1,2023-08-30
CUST-109761,44,Female,Spain,522,0,3,2025-09-29,0.0,4,1,1,134155.64,7,0.544,0.0,2,1,2025-12-29
CUST-109762,39,Female,France,525,3,38,2020-09-28,0.0,4,0,0,94501.06,2,0.8297,0.0,1,1,2023-11-29
CUST-109763,32,Female,Germany,580,4,58,2021-08-29,212085.31,2,0,1,64551.16,25,0.036,0.1561,0,0,
CUST-109764,39,Female,France,659,9,119,2016-07-29,0.0,1,1,0,52502.17,9,0.2507,0.0,0,0,
CUST-109765,42,Male,France,655,4,55,2021-11-28,30476.0,2,1,0,109705.57,6,0.1194,-0.0437,0,0,
CUST-109766,40,Female,Germany,764,3,40,2023-02-28,39418.09,2,1,1,131413.3,29,0.0,-0.1097,0,0,
CUST-109767,27,Male,France,515,3,46,2022-08-29,0.0,1,1,0,132063.08,6,0.5501,0.0,0,0,
CUST-109768,57,Male,Germany,679,6,83,2019-07-30,95325.56,1,1,1,132922.43,19,0.2121,0.0368,1,0,
CUST-109769,46,Female,Germany,574,1,16,2024-07-29,91630.06,1,1,0,31376.12,6,0.7314,-0.4568,2,1,2025-11-28
CUST-109770,37,Male,France,840,5,69,2020-09-28,0.0,1,1,0,49512.93,8,0.121,0.0,0,0,
CUST-109771,35,Male,France,640,3,39,2023-03-30,94544.08,1,1,0,50833.88,10,0.3437,-0.0781,1,0,
CUST-109772,55,Male,Germany,596,1,21,2024-09-28,71828.99,1,1,1,74344.89,22,0.2353,0.0379,0,0,
CUST-109773,40,Male,Germany,676,2,24,2024-06-29,96418.75,2,1,0,84206.43,7,0.3107,-0.0652,0,0,
CUST-109774,27,Female,Germany,669,5,71,2020-07-29,72107.3,2,0,0,129805.09,7,0.1246,0.0924,0,0,
CUST-109775,55,Male,Spain,614,0,7,2019-07-30,0.0,2,1,0,70948.07,6,0.7943,0.0,2,1,2020-02-28
CUST-109776,33,Male,France,707,4,48,2022-06-30,0.0,1,0,0,110756.35,13,0.2616,0.0,2,0,
CUST-109777,27,Male,France,795,7,86,2019-04-30,0.0,1,1,1,59303.6,33,0.2788,0.0,0,0,
CUST-109778,40,Male,Germany,738,1,17,2025-01-28,79519.76,1,1,0,223442.47,9,0.2502,-0.1334,0,0,
CUST-109779,32,Male,Germany,636,6,83,2019-07-30,91478.6,2,0,0,50779.11,8,0.3119,-0.0113,0,0,
CUST-109780,36,Male,Spain,821,0,7,2023-05-30,97911.98,1,1,0,50305.26,2,0.6963,-0.2787,0,1,2023-12-29
CUST-109781,42,Female,France,696,6,79,2019-11-29,637807.99,2,1,1,83463.12,20,0.2281,-0.212,1,0,
CUST-109782,21,Female,Germany,545,0,1,2026-05-30,135629.13,1,0,1,136310.39,37,0.0273,0.0157,0,0,
CUST-109783,39,Male,Germany,655,7,90,2018-12-29,11865.8,2,1,0,47114.79,8,0.2589,0.0462,1,0,
CUST-109784,51,Male,France,629,6,75,2016-08-29,82414.67,1,0,0,61339.59,6,0.5149,-0.2793,2,1,2022-11-29
CUST-109785,27,Male,Germany,598,4,49,2021-02-28,33523.05,1,1,1,59102.36,10,0.6422,-0.5779,1,1,2025-03-30
CUST-109786,22,Male,Germany,680,0,3,2026-03-30,71038.03,2,1,0,40949.73,5,0.1806,0.003,0,0,
CUST-109787,47,Male,France,470,7,91,2018-11-29,0.0,1,1,1,53288.08,25,0.2692,0.0,0,0,
CUST-109788,38,Female,France,804,4,56,2021-10-29,25807.55,1,1,1,49516.86,18,0.2432,-0.1745,0,0,
CUST-109789,43,Female,France,709,3,44,2022-10-29,392552.19,2,1,1,149969.92,26,0.2075,-0.0565,2,0,
CUST-109790,33,Male,Spain,473,0,4,2026-02-28,102286.12,1,1,1,79002.11,29,0.214,-0.0937,0,0,
CUST-109791,40,Male,France,708,8,103,2017-11-28,207818.91,2,0,0,54715.51,10,0.1146,0.1075,0,0,
CUST-109792,56,Female,France,693,0,8,2022-01-28,0.0,2,1,0,201828.26,4,0.7734,0.0,1,1,2022-09-29
CUST-109793,43,Female,France,791,1,18,2024-04-29,88134.92,3,0,0,195851.42,9,0.6084,-0.2814,0,1,2025-10-29
CUST-109794,28,Male,France,816,6,82,2019-08-30,161243.04,2,0,1,186171.83,23,0.1922,0.0045,0,0,
CUST-109795,50,Female,France,832,4,48,2016-12-29,34085.05,1,1,0,56426.75,8,0.5326,-0.2536,0,1,2020-12-29
CUST-109796,37,Male,Germany,623,5,71,2020-07-29,722128.61,2,1,0,127433.55,12,0.1575,-0.1908,0,0,
CUST-109797,23,Female,France,702,0,10,2025-08-29,0.0,2,0,0,234706.34,18,0.1265,0.0,0,0,
CUST-109798,30,Male,France,604,5,63,2021-03-30,0.0,1,1,1,58138.11,32,0.2139,0.0,1,0,
CUST-109799,29,Female,France,744,6,80,2019-10-30,0.0,2,0,0,64090.05,13,0.1851,0.0,1,0,
CUST-109800,36,Male,France,443,1,16,2025-02-28,107389.94,1,1,1,56770.39,18,0.6876,-0.3586,1,0,
CUST-109801,50,Male,France,528,8,96,2018-06-30,0.0,2,1,0,81359.17,13,0.2851,0.0,1,0,
CUST-109802,46,Female,Germany,608,4,59,2021-07-30,122064.52,1,1,1,196763.32,23,0.1978,-0.0413,0,0,
CUST-109803,32,Female,Germany,644,4,55,2021-11-28,297056.42,1,1,0,74794.38,19,0.2885,-0.1341,0,0,
CUST-109804,42,Female,Germany,666,1,22,2024-08-29,28491.22,1,1,0,52945.59,20,0.4197,0.101,0,0,
CUST-109805,33,Male,France,772,4,49,2022-05-30,57015.17,1,1,1,68329.98,23,0.1076,-0.051,0,0,
CUST-109806,35,Female,Spain,588,0,9,2021-02-28,44184.18,3,1,0,138191.12,18,0.224,0.025,0,1,2021-11-28
CUST-109807,41,Male,Germany,526,6,75,2017-09-29,225897.41,2,0,1,15199.23,26,0.1961,-0.1288,0,1,2023-12-29
CUST-109808,27,Female,France,613,3,38,2023-04-30,0.0,1,1,0,89168.24,8,0.2261,0.0,1,0,
CUST-109809,35,Male,France,592,0,7,2020-07-29,56275.61,1,1,0,63631.83,13,0.3346,-0.0486,0,1,2021-02-28
CUST-109810,35,Male,Spain,703,4,57,2021-09-29,88410.24,2,1,1,50396.01,30,0.0942,0.0738,1,0,
CUST-109811,31,Male,France,796,7,93,2018-09-29,102666.3,2,1,0,27400.99,10,0.2742,-0.0555,0,0,
CUST-109812,42,Female,France,788,1,21,2024-09-28,0.0,1,1,0,101126.46,10,0.1132,0.0,0,0,
CUST-109813,42,Female,Germany,755,2,30,2017-02-28,38000.09,2,1,0,61274.69,1,0.6822,-0.1365,0,1,2019-08-30
CUST-109814,29,Male,France,595,2,34,2023-08-30,60892.37,1,1,0,92591.41,7,0.1756,-0.2004,1,0,
CUST-109815,27,Female,Spain,634,5,61,2021-05-30,44130.05,1,1,1,38709.41,33,0.0,-0.1384,0,0,
CUST-109816,37,Male,France,691,6,72,2020-06-29,0.0,1,1,1,25318.29,20,0.0441,0.0,0,0,
CUST-109817,30,Male,France,576,3,41,2023-01-29,0.0,2,0,0,36758.6,12,0.2138,0.0,1,0,
CUST-109818,34,Male,France,585,2,29,2024-01-29,0.0,1,1,1,63648.06,28,0.0,0.0,0,0,
CUST-109819,21,Female,France,686,5,65,2016-09-28,84567.55,1,1,0,26517.67,5,0.5911,-0.3278,0,1,2022-02-28
CUST-109820,35,Female,Spain,519,5,61,2021-05-30,0.0,2,1,0,77950.57,10,0.3196,0.0,0,0,
CUST-109821,34,Female,Spain,755,1,23,2024-07-29,111374.95,1,1,0,180088.22,15,0.1128,-0.3081,0,0,
CUST-109822,28,Male,Spain,611,7,84,2017-05-30,0.0,1,1,0,18271.29,18,0.1468,0.0,0,1,2024-05-30
CUST-109823,45,Male,Germany,702,0,7,2018-11-29,62439.62,1,1,0,48704.2,7,0.7126,-0.4233,0,1,2019-06-30
CUST-109824,34,Female,France,670,0,1,2026-05-30,132592.49,1,1,1,65433.79,26,0.0111,0.0332,0,0,
CUST-109825,38,Male,France,770,9,119,2016-07-29,0.0,2,1,1,64716.14,32,0.0563,0.0,0,0,
CUST-109826,45,Female,France,446,7,86,2019-04-30,229993.73,2,1,0,148028.32,15,0.2555,-0.0185,0,0,
CUST-109827,43,Female,Spain,771,6,74,2018-01-28,0.0,1,0,1,56921.03,27,0.3657,0.0,0,1,2024-03-30
CUST-109828,26,Male,France,769,6,73,2020-05-30,98439.61,1,1,1,61269.39,23,0.0,0.0032,1,0,
CUST-109829,38,Male,France,677,8,101,2018-01-28,219843.76,2,0,1,58834.33,27,0.2594,0.1002,0,0,
CUST-109830,31,Female,Germany,700,9,116,2016-10-29,401879.55,2,1,1,93809.14,40,0.0601,0.1236,0,0,
CUST-109831,49,Female,Spain,707,5,62,2021-04-29,175504.19,1,1,1,177958.42,27,0.1186,-0.0823,0,0,
CUST-109832,60,Female,France,563,4,53,2016-08-29,115639.18,2,1,1,72090.9,10,0.5514,-0.3025,2,1,2021-01-28
CUST-109833,51,Female,Germany,655,0,2,2026-04-30,140118.86,2,1,0,167170.77,7,0.2811,0.2283,0,0,
CUST-109834,45,Male,Germany,735,4,58,2018-04-30,19492.06,1,1,0,75846.9,8,0.1727,0.0978,0,1,2023-02-28
CUST-109835,36,Female,Spain,478,3,36,2023-06-30,62389.92,2,1,1,35931.58,23,0.0479,-0.079,1,0,
CUST-109836,46,Female,France,695,1,13,2017-11-28,0.0,2,1,0,132829.12,15,0.4445,0.0,0,1,2018-12-29
CUST-109837,25,Female,France,658,5,69,2020-09-28,0.0,1,1,0,71121.73,8,0.4198,0.0,0,0,
CUST-109838,32,Male,France,710,5,61,2020-07-29,0.0,3,1,0,158110.86,5,0.6587,0.0,1,1,2025-08-29
CUST-109839,42,Male,Spain,528,9,108,2017-06-29,24648.34,2,1,1,113326.08,21,0.0609,-0.2122,0,0,
CUST-109840,35,Male,Spain,579,2,24,2022-04-30,127607.98,1,0,1,120234.06,23,0.0,-0.1464,1,1,2024-04-29
CUST-109841,28,Male,Germany,516,8,97,2018-05-30,50545.29,2,1,1,47331.54,36,0.0005,0.0442,0,0,
CUST-109842,42,Female,France,515,4,56,2019-05-30,77571.03,1,0,0,42427.3,2,0.7055,-0.4068,3,1,2024-01-29
CUST-109843,54,Female,France,730,3,43,2022-11-29,123015.02,1,0,1,70443.39,35,0.0385,0.1405,0,0,
CUST-109844,53,Male,Germany,593,1,20,2024-10-29,26947.01,2,1,1,34135.35,38,0.1765,-0.0634,1,0,
CUST-109845,32,Female,France,586,1,16,2025-02-28,157555.57,2,0,0,39720.63,4,0.0989,-0.2621,1,0,
CUST-109846,57,Male,Germany,755,4,48,2019-06-30,92245.13,1,0,0,47635.36,4,0.6538,-0.2833,0,1,2023-06-30
CUST-109847,33,Female,Spain,617,1,22,2024-08-29,132809.83,2,1,0,36678.01,14,0.2865,-0.0769,0,0,
CUST-109848,39,Female,France,743,2,26,2020-07-29,47511.09,1,0,0,67834.37,4,0.7755,-0.3882,3,1,2022-09-29
CUST-109849,48,Female,France,549,2,28,2024-02-28,0.0,1,1,1,72853.91,28,0.1187,0.0,0,0,
CUST-109850,23,Female,France,617,1,22,2024-08-29,0.0,1,1,1,53891.77,24,0.2829,0.0,1,0,
CUST-109851,38,Female,France,563,1,16,2025-02-28,101836.12,2,1,1,36234.92,31,0.1596,0.2209,0,0,
CUST-109852,30,Female,Germany,703,3,40,2023-02-28,64200.44,1,0,1,45572.18,19,0.1466,-0.3768,0,0,
CUST-109853,34,Male,France,630,7,84,2019-06-30,27725.84,1,1,1,81596.05,24,0.1521,-0.0747,2,0,
CUST-109854,48,Female,France,720,2,24,2024-06-29,93801.27,2,0,0,62807.96,10,0.3223,0.0912,1,0,
CUST-109855,33,Male,France,665,3,43,2022-11-29,143676.69,2,0,1,76087.82,26,0.0807,-0.1079,0,0,
CUST-109856,36,Male,France,463,1,19,2024-11-28,76480.05,1,1,0,43992.0,14,0.0939,-0.0359,0,0,
CUST-109857,37,Female,Germany,625,6,74,2020-04-29,41338.4,2,1,0,90508.66,15,0.3141,-0.0893,0,0,
CUST-109858,44,Female,Germany,503,2,27,2022-06-30,63320.68,1,0,1,110506.95,37,0.0788,0.1746,0,1,2024-09-28
CUST-109859,48,Female,Germany,683,8,97,2018-05-30,136934.67,1,1,1,35044.97,14,0.4791,-0.2815,1,0,
CUST-109860,40,Male,Germany,703,0,11,2017-03-30,170532.38,4,0,1,55933.03,6,0.8156,-0.5368,2,1,2018-02-28
CUST-109861,34,Male,France,713,0,2,2026-04-30,0.0,1,1,1,28921.82,22,0.3263,0.0,2,0,
CUST-109862,39,Male,Germany,638,2,24,2024-06-29,195027.27,2,0,0,113068.28,7,0.2801,0.1337,1,0,
CUST-109863,33,Female,France,493,4,56,2021-10-29,0.0,2,1,0,244519.11,12,0.1743,0.0,1,0,
CUST-109864,59,Female,Spain,670,1,13,2025-05-30,0.0,2,0,0,118234.91,9,0.191,0.0,0,0,
CUST-109865,36,Female,France,689,10,120,2016-06-29,0.0,1,0,1,66350.84,17,0.0341,0.0,0,0,
CUST-109866,51,Male,France,632,6,82,2016-10-29,0.0,1,1,1,78472.55,17,0.6833,0.0,0,1,2023-08-30
CUST-109867,51,Female,France,658,1,17,2025-01-28,0.0,1,1,0,98483.95,6,0.1634,0.0,0,0,
CUST-109868,40,Male,Spain,469,4,55,2021-11-28,0.0,1,1,1,35905.51,16,0.285,0.0,0,0,
CUST-109869,41,Female,France,656,3,41,2023-01-29,360587.82,2,0,1,74139.67,24,0.1907,-0.0961,0,0,
CUST-109870,41,Female,Spain,640,2,29,2023-05-30,0.0,1,1,1,70997.61,21,0.1751,0.0,0,1,2025-10-29
CUST-109871,44,Male,France,534,3,43,2022-11-29,75484.03,1,0,1,63571.8,23,0.2082,-0.0983,0,0,
CUST-109872,28,Female,Spain,701,6,75,2020-03-30,43728.94,1,1,1,56927.63,7,0.4811,-0.4207,1,0,
CUST-109873,68,Female,Germany,603,0,7,2021-04-29,147932.04,1,1,1,75499.1,10,0.4249,-0.3602,0,1,2021-11-28
CUST-109874,39,Male,France,672,9,108,2017-06-29,327727.58,1,1,0,41329.74,10,0.4368,-0.0962,0,0,
CUST-109875,54,Male,France,697,4,59,2021-07-30,142586.56,2,1,0,47510.77,4,0.2571,0.0883,0,0,
CUST-109876,39,Female,France,682,8,98,2018-04-30,0.0,1,0,1,83690.36,21,0.0119,0.0,0,0,
CUST-109877,40,Female,Spain,521,1,16,2025-02-28,0.0,1,1,1,70187.72,22,0.116,0.0,0,0,
CUST-109878,32,Female,Spain,613,2,27,2024-03-30,35027.29,2,1,1,72485.74,21,0.4506,-0.3396,1,0,
CUST-109879,33,Male,France,850,3,45,2022-09-29,0.0,2,0,1,122585.21,29,0.1175,0.0,0,0,
CUST-109880,24,Female,France,784,6,72,2020-06-29,109012.79,2,1,0,67928.76,14,0.2861,0.0457,0,0,
CUST-109881,63,Male,France,730,4,59,2021-07-30,156961.86,2,1,1,64000.75,25,0.0158,0.0558,0,0,
CUST-109882,51,Male,France,676,3,44,2022-02-28,0.0,1,1,1,102933.46,6,0.584,0.0,2,1,2025-10-29
CUST-109883,32,Male,Germany,555,1,14,2021-01-28,124529.85,1,1,0,190028.84,5,0.6639,-0.4266,1,1,2022-03-30
CUST-109884,38,Male,France,634,6,77,2020-01-29,48711.55,2,1,1,55544.17,30,0.2214,-0.2125,0,0,
CUST-109885,44,Male,France,609,1,14,2025-04-29,0.0,2,1,1,92335.17,22,0.054,0.0,0,0,
CUST-109886,29,Male,Spain,642,1,15,2025-03-30,34830.32,2,1,1,62386.28,25,0.2935,0.0666,1,0,
CUST-109887,31,Male,Germany,511,8,100,2018-02-28,86865.73,1,1,1,42708.36,28,0.0867,-0.0199,0,0,
CUST-109888,37,Female,Spain,742,3,42,2018-01-28,0.0,3,1,1,70980.21,9,0.4354,0.0,2,1,2021-07-30
CUST-109889,56,Male,France,392,2,25,2020-03-30,0.0,3,1,0,100545.53,9,0.3283,0.0,1,1,2022-04-30
CUST-109890,32,Male,Spain,732,8,98,2018-04-30,0.0,1,1,0,45459.41,6,0.0,0.0,0,0,
CUST-109891,44,Male,Germany,734,4,49,2022-05-30,23565.03,1,1,1,132982.79,17,0.1558,-0.0768,0,0,
CUST-109892,62,Female,Germany,850,1,20,2020-04-29,33043.41,1,1,0,58002.86,10,0.0823,0.0444,0,1,2021-12-29
CUST-109893,52,Female,France,626,2,30,2020-01-29,214848.43,1,0,0,56358.52,15,0.1701,0.1185,1,1,2022-07-30
CUST-109894,28,Male,Spain,600,1,12,2025-06-29,0.0,1,1,1,108656.5,16,0.2763,0.0,0,0,
CUST-109895,33,Female,Germany,662,4,54,2021-01-28,304471.46,1,1,0,83416.69,3,0.8007,-0.3191,1,1,2025-07-30
CUST-109896,37,Female,Spain,704,9,109,2017-05-30,0.0,2,1,1,48096.46,25,0.0,0.0,0,0,
CUST-109897,31,Female,Germany,641,1,23,2020-08-29,82699.57,1,1,0,35059.71,14,0.4406,-0.1179,1,1,2022-07-30
CUST-109898,24,Male,Spain,536,7,84,2019-06-30,213380.95,2,0,1,184744.25,19,0.0778,0.1078,0,0,
CUST-109899,49,Male,Germany,704,5,62,2021-04-29,24952.77,1,1,1,79262.55,27,0.1888,-0.0907,0,0,
CUST-109900,27,Male,Spain,650,3,37,2023-05-30,74238.75,2,1,0,201617.5,8,0.2693,-0.0949,0,0,
CUST-109901,32,Male,France,553,3,43,2022-11-29,123686.27,1,1,1,54951.03,30,0.0418,0.0762,0,0,
CUST-109902,41,Male,France,494,6,77,2020-01-29,70710.73,1,1,0,86449.47,6,0.2114,0.1136,0,0,
CUST-109903,38,Female,Germany,850,7,90,2018-12-29,211584.13,2,1,0,36551.23,12,0.2269,0.0422,2,0,
CUST-109904,31,Male,Germany,730,1,16,2021-10-29,95378.22,1,1,0,41385.94,6,0.59,-0.3385,2,1,2023-02-28
CUST-109905,58,Male,Germany,704,1,21,2021-06-29,33175.19,1,1,0,56795.52,7,0.6886,-0.1925,0,1,2023-03-30
CUST-109906,29,Female,Germany,639,6,78,2019-12-29,63986.51,1,1,0,179811.5,8,0.052,0.2713,0,0,
CUST-109907,47,Female,Germany,716,8,102,2017-12-29,42890.67,2,1,0,81809.76,8,0.6938,-0.076,1,0,
CUST-109908,43,Male,Spain,549,5,70,2020-08-29,203752.58,2,1,0,130961.95,15,0.3597,0.1645,0,0,
CUST-109909,44,Female,France,669,4,57,2021-09-29,167770.13,1,1,0,219679.31,7,0.588,-0.059,0,0,
CUST-109910,26,Male,Spain,673,2,26,2024-04-29,0.0,2,1,1,121519.89,33,0.0,0.0,0,0,
CUST-109911,37,Male,France,551,7,85,2019-05-30,160303.27,1,0,1,118657.99,24,0.0,0.0238,0,0,
CUST-109912,40,Male,Germany,640,3,45,2021-10-29,181432.72,2,1,0,77455.29,3,0.6513,-0.283,0,1,2025-07-30
CUST-109913,42,Male,Spain,610,9,111,2017-03-30,0.0,2,1,1,159726.34,15,0.197,0.0,0,0,
CUST-109914,36,Female,France,577,5,65,2021-01-28,0.0,1,1,1,87985.54,24,0.0762,0.0,0,0,
CUST-109915,44,Male,France,598,1,19,2024-11-28,89219.51,2,1,0,134692.22,13,0.1882,0.0013,2,0,
CUST-109916,36,Female,France,486,4,57,2021-09-29,0.0,2,0,1,60340.6,29,0.0322,0.0,1,0,
CUST-109917,30,Male,Germany,752,2,32,2023-10-30,110281.96,2,0,1,105524.13,24,0.1223,-0.0493,0,0,
CUST-109918,31,Female,France,800,5,66,2020-12-29,0.0,2,1,0,91146.84,12,0.1774,0.0,1,0,
CUST-109919,42,Male,France,561,8,104,2017-10-29,0.0,2,1,1,60340.78,21,0.1892,0.0,1,0,
CUST-109920,31,Female,Spain,757,0,6,2025-12-29,0.0,2,1,1,33213.19,33,0.0,0.0,0,0,
CUST-109921,45,Male,France,647,7,90,2018-12-29,0.0,1,1,1,86026.2,21,0.0735,0.0,0,0,
CUST-109922,31,Female,Germany,649,8,107,2017-07-30,180261.88,2,1,1,92431.75,22,0.1682,0.2491,0,0,
CUST-109923,28,Female,Germany,526,8,97,2017-01-28,26914.29,1,0,0,41554.71,10,0.502,-0.206,1,1,2025-02-28
CUST-109924,64,Female,France,596,3,47,2022-07-30,143777.79,2,1,0,78154.32,4,0.071,0.0953,0,0,
CUST-109925,54,Male,France,701,9,115,2016-11-28,0.0,2,1,1,84864.21,24,0.1183,0.0,0,0,
CUST-109926,39,Female,Spain,556,6,80,2019-10-30,0.0,1,1,1,132717.96,18,0.0998,0.0,0,0,
CUST-109927,33,Female,Germany,579,4,52,2019-04-30,173826.22,2,0,0,85460.5,3,0.6209,-0.3226,2,1,2023-08-30
CUST-109928,46,Female,France,601,5,71,2020-07-29,194650.4,2,1,1,106052.15,23,0.6316,-0.2193,0,0,
CUST-109929,69,Female,Spain,350,3,40,2023-02-28,82378.48,2,1,0,66467.45,14,0.0804,0.0627,0,0,
CUST-109930,34,Female,Germany,682,0,5,2017-04-29,164690.95,1,1,0,60757.09,6,0.6423,-0.4006,1,1,2017-09-29
CUST-109931,63,Female,France,711,0,2,2026-04-30,0.0,2,1,1,66860.46,24,0.2742,0.0,2,0,
CUST-109932,33,Male,Germany,685,8,102,2017-12-29,381629.56,1,1,1,56239.46,31,0.1488,0.1008,0,0,
CUST-109933,27,Male,France,741,6,76,2020-02-28,0.0,2,1,1,63179.15,20,0.2898,0.0,0,0,
CUST-109934,38,Male,France,607,7,93,2018-09-29,0.0,1,1,1,95855.51,34,0.0,0.0,0,0,
CUST-109935,26,Female,Spain,824,6,74,2020-04-29,0.0,1,1,0,97212.78,7,0.1651,0.0,0,0,
CUST-109936,45,Female,France,569,5,61,2020-10-29,52895.2,2,1,1,92048.45,11,0.4786,-0.4245,0,1,2025-11-28
CUST-109937,28,Male,France,628,5,67,2020-11-28,15700.68,1,1,1,85444.31,26,0.0,-0.1089,0,0,
CUST-109938,43,Male,France,619,5,62,2021-04-29,89915.03,1,0,1,149068.45,34,0.3205,-0.1856,1,0,
CUST-109939,48,Male,Spain,668,1,14,2025-04-29,119593.91,2,1,0,148446.19,10,0.3993,-0.2965,0,0,
CUST-109940,61,Male,Germany,627,3,42,2022-12-29,73905.17,1,1,1,78405.75,23,0.0839,0.0675,0,0,
CUST-109941,27,Female,Spain,640,2,33,2023-04-30,72353.87,1,1,0,169542.47,9,0.7095,-0.5007,0,1,2026-01-28
CUST-109942,32,Female,France,585,3,42,2022-12-29,66916.21,2,1,0,157440.05,3,0.1737,0.0038,0,0,
CUST-109943,35,Male,Spain,608,1,22,2024-08-29,0.0,1,1,1,78375.46,21,0.1321,0.0,0,0,
CUST-109944,44,Male,Germany,436,1,20,2024-10-29,73755.48,1,1,1,51447.86,15,0.2445,0.0604,0,0,
CUST-109945,36,Male,France,727,0,10,2018-09-29,0.0,1,1,0,59150.67,5,0.422,0.0,0,1,2019-07-30
CUST-109946,29,Female,France,552,3,43,2022-11-29,23485.08,1,1,1,75567.04,18,0.1561,0.0072,0,0,
CUST-109947,33,Female,Spain,603,0,2,2026-04-30,0.0,2,1,0,60737.75,7,0.2347,0.0,0,0,
CUST-109948,40,Male,France,548,7,94,2018-08-29,66969.48,1,0,1,42053.83,19,0.1774,-0.0516,0,0,
CUST-109949,34,Male,Germany,705,3,44,2022-10-29,53420.71,2,1,1,40804.94,18,0.6529,-0.147,1,0,
CUST-109950,58,Female,Germany,598,4,53,2020-10-29,185781.57,1,0,1,57064.15,7,0.5988,-0.3091,0,1,2025-03-30
CUST-109951,42,Female,France,415,9,110,2017-04-29,0.0,2,1,1,52267.37,28,0.1509,0.0,0,0,
CUST-109952,29,Female,Spain,677,4,58,2021-08-29,382036.39,1,1,1,25405.27,23,0.3817,0.042,1,0,
CUST-109953,37,Male,Spain,578,9,116,2016-10-29,276176.88,2,1,1,114371.42,21,0.2459,-0.0158,0,0,
CUST-109954,44,Female,France,648,8,100,2018-02-28,31711.86,2,1,1,127405.72,19,0.1317,0.1724,0,0,
CUST-109955,41,Female,Germany,730,5,71,2020-07-29,126717.93,1,0,1,99877.56,26,0.3171,-0.0646,0,0,
CUST-109956,33,Female,France,555,6,80,2019-10-30,0.0,1,1,1,22634.51,12,0.3177,0.0,0,0,
CUST-109957,36,Male,Germany,645,5,70,2020-08-29,178883.59,2,1,1,64845.91,17,0.149,0.0401,0,0,
CUST-109958,37,Male,France,576,4,51,2022-03-30,27837.44,1,0,0,92409.4,8,0.1826,-0.0583,0,0,
CUST-109959,50,Male,France,745,2,34,2016-12-29,49961.84,1,1,1,142929.86,19,0.4512,-0.1035,0,1,2019-10-30
CUST-109960,45,Female,France,658,1,20,2024-10-29,53155.58,2,0,0,238000.1,9,0.1215,0.1026,0,0,
CUST-109961,27,Female,France,648,9,119,2016-07-29,0.0,2,1,0,72481.21,11,0.1365,0.0,0,0,
CUST-109962,57,Male,France,531,9,116,2016-10-29,0.0,2,0,0,78454.61,12,0.1976,0.0,1,0,
CUST-109963,63,Female,France,722,2,33,2023-09-29,0.0,2,1,0,94172.43,8,0.2902,0.0,0,0,
CUST-109964,34,Female,Spain,734,2,28,2024-02-28,79775.85,2,1,1,52164.03,23,0.237,-0.0155,1,0,
CUST-109965,43,Male,France,576,3,38,2023-04-30,173873.88,2,0,1,47237.77,33,0.2332,-0.2136,0,0,
CUST-109966,78,Female,France,665,7,90,2018-12-29,0.0,2,1,0,117145.31,14,0.2546,0.0,0,0,
CUST-109967,38,Female,France,706,8,96,2018-06-30,0.0,1,0,0,104667.65,10,0.212,0.0,0,0,
CUST-109968,40,Male,Germany,850,0,3,2026-03-30,21093.12,1,1,0,64469.34,11,0.2991,0.0923,0,0,
CUST-109969,46,Female,France,688,9,118,2016-08-29,0.0,2,1,1,30405.28,23,0.1042,0.0,1,0,
CUST-109970,54,Male,Germany,650,7,94,2018-08-29,166715.51,2,0,0,22219.79,6,0.7795,-0.4922,2,0,
CUST-109971,25,Female,Germany,635,0,11,2025-07-30,75071.94,1,1,1,69180.37,29,0.2064,0.1233,0,0,
CUST-109972,37,Female,France,641,7,86,2019-04-30,40492.83,2,0,1,70496.69,26,0.3208,-0.0889,0,0,
CUST-109973,54,Female,Spain,724,2,25,2024-03-30,0.0,1,0,0,62910.42,5,0.5878,0.0,1,1,2026-04-30
CUST-109974,46,Female,France,565,1,13,2020-01-29,23125.95,2,0,0,118084.29,8,0.603,-0.3773,0,1,2021-02-28
CUST-109975,42,Male,Germany,740,0,4,2026-02-28,133661.08,1,0,0,81111.63,6,0.2341,-0.2843,0,0,
CUST-109976,40,Male,France,502,2,28,2024-02-28,0.0,2,1,1,24278.78,21,0.0,0.0,0,0,
CUST-109977,53,Female,Germany,714,0,11,2023-06-30,23501.59,3,1,1,216203.35,9,0.6158,-0.3435,1,1,2024-05-30
CUST-109978,45,Male,Spain,741,4,59,2017-06-29,0.0,2,0,1,18085.66,11,0.5739,0.0,1,1,2022-05-30
CUST-109979,61,Female,France,727,9,119,2016-07-29,0.0,2,0,1,53244.87,12,0.689,0.0,1,0,
CUST-109980,36,Male,France,676,3,43,2022-11-29,0.0,1,1,1,41550.56,26,0.1682,0.0,0,0,
CUST-109981,23,Male,France,688,3,43,2022-11-29,0.0,1,0,1,94075.57,23,0.2718,0.0,0,0,
CUST-109982,51,Male,France,612,2,33,2023-09-29,0.0,2,1,1,35503.55,25,0.1544,0.0,0,0,
CUST-109983,35,Female,Spain,542,8,102,2017-12-29,98988.82,2,1,0,103590.31,11,0.3701,-0.131,0,0,
CUST-109984,38,Male,Germany,674,1,18,2024-12-29,380396.61,2,1,1,60633.3,35,0.1521,0.0533,0,0,
CUST-109985,41,Female,Germany,657,0,1,2016-08-29,116645.91,4,1,1,107073.51,26,0.2892,-0.3934,2,1,2016-09-28
CUST-109986,33,Male,Spain,739,5,67,2020-11-28,103281.62,1,1,1,19300.47,34,0.0897,-0.0208,0,0,
CUST-109987,28,Female,Spain,636,4,50,2022-04-30,104626.38,2,1,0,64532.06,6,0.4986,-0.1227,0,0,
CUST-109988,50,Female,Spain,665,6,82,2018-08-29,0.0,1,1,1,105765.05,23,0.0476,0.0,1,1,2025-06-29
CUST-109989,21,Female,France,678,5,60,2021-06-29,0.0,2,1,0,38581.4,4,0.0747,0.0,1,0,
CUST-109990,70,Male,France,705,1,23,2024-07-29,241519.02,2,1,0,85404.66,12,0.2171,-0.1739,0,0,
CUST-109991,39,Male,France,741,8,99,2018-03-30,0.0,2,1,1,83868.52,20,0.1062,0.0,0,0,
CUST-109992,23,Male,France,558,4,59,2021-07-30,0.0,1,1,0,82599.27,10,0.4326,0.0,1,0,
CUST-109993,53,Female,France,717,1,16,2018-08-29,0.0,2,1,1,59016.51,21,0.2971,0.0,0,1,2019-12-29
CUST-109994,25,Male,France,633,9,108,2017-06-29,85314.61,2,1,0,107490.32,16,0.0915,-0.1602,0,0,
CUST-109995,33,Female,France,712,0,11,2025-07-30,0.0,2,1,0,87205.77,4,0.3322,0.0,1,0,
CUST-109996,63,Female,France,792,5,70,2019-02-28,0.0,1,0,1,84452.46,11,0.4538,0.0,0,1,2024-12-29
CUST-109997,44,Male,France,448,7,92,2018-10-29,0.0,1,1,1,52375.39,25,0.0528,0.0,1,0,
CUST-109998,42,Female,France,767,2,30,2023-12-29,0.0,2,1,0,41898.34,7,0.3607,0.0,0,0,
CUST-109999,43,Female,France,639,0,9,2025-09-29,262291.63,2,1,0,93672.15,10,0.192,0.0169,1,0,
CUST-110000,30,Male,France,568,4,49,2022-05-30,228690.05,1,1,1,48835.97,27,0.1132,0.0215,0,0,
